period,model,seed,horizon_h,origin_timestamp,target_timestamp,target_date,mae_across_nodes
2024-05,historical_average,-1,1,2024-05-25 15:00:00,2024-05-25 15:00:00,2024-05-25,3.21875
2024-05,historical_average,-1,2,2024-05-25 15:00:00,2024-05-25 16:00:00,2024-05-25,2.8489582538604736
2024-05,historical_average,-1,3,2024-05-25 15:00:00,2024-05-25 17:00:00,2024-05-25,2.9375
2024-05,historical_average,-1,6,2024-05-25 15:00:00,2024-05-25 20:00:00,2024-05-25,2.7395832538604736
2024-05,historical_average,-1,1,2024-05-25 16:00:00,2024-05-25 16:00:00,2024-05-25,2.8489582538604736
2024-05,historical_average,-1,2,2024-05-25 16:00:00,2024-05-25 17:00:00,2024-05-25,2.9375
2024-05,historical_average,-1,3,2024-05-25 16:00:00,2024-05-25 18:00:00,2024-05-25,4.583333492279053
2024-05,historical_average,-1,6,2024-05-25 16:00:00,2024-05-25 21:00:00,2024-05-25,2.8229165077209473
2024-05,historical_average,-1,1,2024-05-25 17:00:00,2024-05-25 17:00:00,2024-05-25,2.9375
2024-05,historical_average,-1,2,2024-05-25 17:00:00,2024-05-25 18:00:00,2024-05-25,4.583333492279053
2024-05,historical_average,-1,3,2024-05-25 17:00:00,2024-05-25 19:00:00,2024-05-25,4.505208492279053
2024-05,historical_average,-1,6,2024-05-25 17:00:00,2024-05-25 22:00:00,2024-05-25,3.890625
2024-05,historical_average,-1,1,2024-05-25 18:00:00,2024-05-25 18:00:00,2024-05-25,4.583333492279053
2024-05,historical_average,-1,2,2024-05-25 18:00:00,2024-05-25 19:00:00,2024-05-25,4.505208492279053
2024-05,historical_average,-1,3,2024-05-25 18:00:00,2024-05-25 20:00:00,2024-05-25,2.7395832538604736
2024-05,historical_average,-1,6,2024-05-25 18:00:00,2024-05-25 23:00:00,2024-05-25,3.640625
2024-05,historical_average,-1,1,2024-05-25 19:00:00,2024-05-25 19:00:00,2024-05-25,4.505208492279053
2024-05,historical_average,-1,2,2024-05-25 19:00:00,2024-05-25 20:00:00,2024-05-25,2.7395832538604736
2024-05,historical_average,-1,3,2024-05-25 19:00:00,2024-05-25 21:00:00,2024-05-25,2.8229165077209473
2024-05,historical_average,-1,6,2024-05-25 19:00:00,2024-05-26 00:00:00,2024-05-26,3.8229169845581055
2024-05,historical_average,-1,1,2024-05-25 20:00:00,2024-05-25 20:00:00,2024-05-25,2.7395832538604736
2024-05,historical_average,-1,2,2024-05-25 20:00:00,2024-05-25 21:00:00,2024-05-25,2.8229165077209473
2024-05,historical_average,-1,3,2024-05-25 20:00:00,2024-05-25 22:00:00,2024-05-25,3.890625
2024-05,historical_average,-1,6,2024-05-25 20:00:00,2024-05-26 01:00:00,2024-05-26,6.208333492279053
2024-05,historical_average,-1,1,2024-05-25 21:00:00,2024-05-25 21:00:00,2024-05-25,2.8229165077209473
2024-05,historical_average,-1,2,2024-05-25 21:00:00,2024-05-25 22:00:00,2024-05-25,3.890625
2024-05,historical_average,-1,3,2024-05-25 21:00:00,2024-05-25 23:00:00,2024-05-25,3.640625
2024-05,historical_average,-1,6,2024-05-25 21:00:00,2024-05-26 02:00:00,2024-05-26,6.239583492279053
2024-05,historical_average,-1,1,2024-05-25 22:00:00,2024-05-25 22:00:00,2024-05-25,3.890625
2024-05,historical_average,-1,2,2024-05-25 22:00:00,2024-05-25 23:00:00,2024-05-25,3.640625
2024-05,historical_average,-1,3,2024-05-25 22:00:00,2024-05-26 00:00:00,2024-05-26,3.8229169845581055
2024-05,historical_average,-1,6,2024-05-25 22:00:00,2024-05-26 03:00:00,2024-05-26,5.75
2024-05,historical_average,-1,1,2024-05-25 23:00:00,2024-05-25 23:00:00,2024-05-25,3.640625
2024-05,historical_average,-1,2,2024-05-25 23:00:00,2024-05-26 00:00:00,2024-05-26,3.8229169845581055
2024-05,historical_average,-1,3,2024-05-25 23:00:00,2024-05-26 01:00:00,2024-05-26,6.208333492279053
2024-05,historical_average,-1,6,2024-05-25 23:00:00,2024-05-26 04:00:00,2024-05-26,5.84375
2024-05,historical_average,-1,1,2024-05-26 00:00:00,2024-05-26 00:00:00,2024-05-26,3.8229169845581055
2024-05,historical_average,-1,2,2024-05-26 00:00:00,2024-05-26 01:00:00,2024-05-26,6.208333492279053
2024-05,historical_average,-1,3,2024-05-26 00:00:00,2024-05-26 02:00:00,2024-05-26,6.239583492279053
2024-05,historical_average,-1,6,2024-05-26 00:00:00,2024-05-26 05:00:00,2024-05-26,6.312499523162842
2024-05,historical_average,-1,1,2024-05-26 01:00:00,2024-05-26 01:00:00,2024-05-26,6.208333492279053
2024-05,historical_average,-1,2,2024-05-26 01:00:00,2024-05-26 02:00:00,2024-05-26,6.239583492279053
2024-05,historical_average,-1,3,2024-05-26 01:00:00,2024-05-26 03:00:00,2024-05-26,5.75
2024-05,historical_average,-1,6,2024-05-26 01:00:00,2024-05-26 06:00:00,2024-05-26,4.442708969116211
2024-05,historical_average,-1,1,2024-05-26 02:00:00,2024-05-26 02:00:00,2024-05-26,6.239583492279053
2024-05,historical_average,-1,2,2024-05-26 02:00:00,2024-05-26 03:00:00,2024-05-26,5.75
2024-05,historical_average,-1,3,2024-05-26 02:00:00,2024-05-26 04:00:00,2024-05-26,5.84375
2024-05,historical_average,-1,6,2024-05-26 02:00:00,2024-05-26 07:00:00,2024-05-26,2.8385419845581055
2024-05,historical_average,-1,1,2024-05-26 03:00:00,2024-05-26 03:00:00,2024-05-26,5.75
2024-05,historical_average,-1,2,2024-05-26 03:00:00,2024-05-26 04:00:00,2024-05-26,5.84375
2024-05,historical_average,-1,3,2024-05-26 03:00:00,2024-05-26 05:00:00,2024-05-26,6.312499523162842
2024-05,historical_average,-1,6,2024-05-26 03:00:00,2024-05-26 08:00:00,2024-05-26,3.015625238418579
2024-05,historical_average,-1,1,2024-05-26 04:00:00,2024-05-26 04:00:00,2024-05-26,5.84375
2024-05,historical_average,-1,2,2024-05-26 04:00:00,2024-05-26 05:00:00,2024-05-26,6.312499523162842
2024-05,historical_average,-1,3,2024-05-26 04:00:00,2024-05-26 06:00:00,2024-05-26,4.442708969116211
2024-05,historical_average,-1,6,2024-05-26 04:00:00,2024-05-26 09:00:00,2024-05-26,4.312500476837158
2024-05,historical_average,-1,1,2024-05-26 05:00:00,2024-05-26 05:00:00,2024-05-26,6.312499523162842
2024-05,historical_average,-1,2,2024-05-26 05:00:00,2024-05-26 06:00:00,2024-05-26,4.442708969116211
2024-05,historical_average,-1,3,2024-05-26 05:00:00,2024-05-26 07:00:00,2024-05-26,2.8385419845581055
2024-05,historical_average,-1,6,2024-05-26 05:00:00,2024-05-26 10:00:00,2024-05-26,3.8802084922790527
2024-05,historical_average,-1,1,2024-05-26 06:00:00,2024-05-26 06:00:00,2024-05-26,4.442708969116211
2024-05,historical_average,-1,2,2024-05-26 06:00:00,2024-05-26 07:00:00,2024-05-26,2.8385419845581055
2024-05,historical_average,-1,3,2024-05-26 06:00:00,2024-05-26 08:00:00,2024-05-26,3.015625238418579
2024-05,historical_average,-1,6,2024-05-26 06:00:00,2024-05-26 11:00:00,2024-05-26,3.765625476837158
2024-05,historical_average,-1,1,2024-05-26 07:00:00,2024-05-26 07:00:00,2024-05-26,2.8385419845581055
2024-05,historical_average,-1,2,2024-05-26 07:00:00,2024-05-26 08:00:00,2024-05-26,3.015625238418579
2024-05,historical_average,-1,3,2024-05-26 07:00:00,2024-05-26 09:00:00,2024-05-26,4.312500476837158
2024-05,historical_average,-1,6,2024-05-26 07:00:00,2024-05-26 12:00:00,2024-05-26,3.8125
2024-05,historical_average,-1,1,2024-05-26 08:00:00,2024-05-26 08:00:00,2024-05-26,3.015625238418579
2024-05,historical_average,-1,2,2024-05-26 08:00:00,2024-05-26 09:00:00,2024-05-26,4.312500476837158
2024-05,historical_average,-1,3,2024-05-26 08:00:00,2024-05-26 10:00:00,2024-05-26,3.8802084922790527
2024-05,historical_average,-1,6,2024-05-26 08:00:00,2024-05-26 13:00:00,2024-05-26,3.3854165077209473
2024-05,historical_average,-1,1,2024-05-26 09:00:00,2024-05-26 09:00:00,2024-05-26,4.312500476837158
2024-05,historical_average,-1,2,2024-05-26 09:00:00,2024-05-26 10:00:00,2024-05-26,3.8802084922790527
2024-05,historical_average,-1,3,2024-05-26 09:00:00,2024-05-26 11:00:00,2024-05-26,3.765625476837158
2024-05,historical_average,-1,6,2024-05-26 09:00:00,2024-05-26 14:00:00,2024-05-26,2.4947915077209473
2024-05,historical_average,-1,1,2024-05-26 10:00:00,2024-05-26 10:00:00,2024-05-26,3.8802084922790527
2024-05,historical_average,-1,2,2024-05-26 10:00:00,2024-05-26 11:00:00,2024-05-26,3.765625476837158
2024-05,historical_average,-1,3,2024-05-26 10:00:00,2024-05-26 12:00:00,2024-05-26,3.8125
2024-05,historical_average,-1,6,2024-05-26 10:00:00,2024-05-26 15:00:00,2024-05-26,3.6197917461395264
2024-05,historical_average,-1,1,2024-05-26 11:00:00,2024-05-26 11:00:00,2024-05-26,3.765625476837158
2024-05,historical_average,-1,2,2024-05-26 11:00:00,2024-05-26 12:00:00,2024-05-26,3.8125
2024-05,historical_average,-1,3,2024-05-26 11:00:00,2024-05-26 13:00:00,2024-05-26,3.3854165077209473
2024-05,historical_average,-1,6,2024-05-26 11:00:00,2024-05-26 16:00:00,2024-05-26,4.125000476837158
2024-05,historical_average,-1,1,2024-05-26 12:00:00,2024-05-26 12:00:00,2024-05-26,3.8125
2024-05,historical_average,-1,2,2024-05-26 12:00:00,2024-05-26 13:00:00,2024-05-26,3.3854165077209473
2024-05,historical_average,-1,3,2024-05-26 12:00:00,2024-05-26 14:00:00,2024-05-26,2.4947915077209473
2024-05,historical_average,-1,6,2024-05-26 12:00:00,2024-05-26 17:00:00,2024-05-26,2.7083330154418945
2024-05,historical_average,-1,1,2024-05-26 13:00:00,2024-05-26 13:00:00,2024-05-26,3.3854165077209473
2024-05,historical_average,-1,2,2024-05-26 13:00:00,2024-05-26 14:00:00,2024-05-26,2.4947915077209473
2024-05,historical_average,-1,3,2024-05-26 13:00:00,2024-05-26 15:00:00,2024-05-26,3.6197917461395264
2024-05,historical_average,-1,6,2024-05-26 13:00:00,2024-05-26 18:00:00,2024-05-26,3.7135419845581055
2024-05,historical_average,-1,1,2024-05-26 14:00:00,2024-05-26 14:00:00,2024-05-26,2.4947915077209473
2024-05,historical_average,-1,2,2024-05-26 14:00:00,2024-05-26 15:00:00,2024-05-26,3.6197917461395264
2024-05,historical_average,-1,3,2024-05-26 14:00:00,2024-05-26 16:00:00,2024-05-26,4.125000476837158
2024-05,historical_average,-1,6,2024-05-26 14:00:00,2024-05-26 19:00:00,2024-05-26,3.3125
2024-05,historical_average,-1,1,2024-05-26 15:00:00,2024-05-26 15:00:00,2024-05-26,3.6197917461395264
2024-05,historical_average,-1,2,2024-05-26 15:00:00,2024-05-26 16:00:00,2024-05-26,4.125000476837158
2024-05,historical_average,-1,3,2024-05-26 15:00:00,2024-05-26 17:00:00,2024-05-26,2.7083330154418945
2024-05,historical_average,-1,6,2024-05-26 15:00:00,2024-05-26 20:00:00,2024-05-26,3.6927080154418945
2024-05,historical_average,-1,1,2024-05-26 16:00:00,2024-05-26 16:00:00,2024-05-26,4.125000476837158
2024-05,historical_average,-1,2,2024-05-26 16:00:00,2024-05-26 17:00:00,2024-05-26,2.7083330154418945
2024-05,historical_average,-1,3,2024-05-26 16:00:00,2024-05-26 18:00:00,2024-05-26,3.7135419845581055
2024-05,historical_average,-1,6,2024-05-26 16:00:00,2024-05-26 21:00:00,2024-05-26,3.1666665077209473
2024-05,historical_average,-1,1,2024-05-26 17:00:00,2024-05-26 17:00:00,2024-05-26,2.7083330154418945
2024-05,historical_average,-1,2,2024-05-26 17:00:00,2024-05-26 18:00:00,2024-05-26,3.7135419845581055
2024-05,historical_average,-1,3,2024-05-26 17:00:00,2024-05-26 19:00:00,2024-05-26,3.3125
2024-05,historical_average,-1,6,2024-05-26 17:00:00,2024-05-26 22:00:00,2024-05-26,3.890625476837158
2024-05,historical_average,-1,1,2024-05-26 18:00:00,2024-05-26 18:00:00,2024-05-26,3.7135419845581055
2024-05,historical_average,-1,2,2024-05-26 18:00:00,2024-05-26 19:00:00,2024-05-26,3.3125
2024-05,historical_average,-1,3,2024-05-26 18:00:00,2024-05-26 20:00:00,2024-05-26,3.6927080154418945
2024-05,historical_average,-1,6,2024-05-26 18:00:00,2024-05-26 23:00:00,2024-05-26,4.3802080154418945
2024-05,historical_average,-1,1,2024-05-26 19:00:00,2024-05-26 19:00:00,2024-05-26,3.3125
2024-05,historical_average,-1,2,2024-05-26 19:00:00,2024-05-26 20:00:00,2024-05-26,3.6927080154418945
2024-05,historical_average,-1,3,2024-05-26 19:00:00,2024-05-26 21:00:00,2024-05-26,3.1666665077209473
2024-05,historical_average,-1,6,2024-05-26 19:00:00,2024-05-28 00:00:00,2024-05-28,3.6666669845581055
2024-05,historical_average,-1,1,2024-05-26 20:00:00,2024-05-26 20:00:00,2024-05-26,3.6927080154418945
2024-05,historical_average,-1,2,2024-05-26 20:00:00,2024-05-26 21:00:00,2024-05-26,3.1666665077209473
2024-05,historical_average,-1,3,2024-05-26 20:00:00,2024-05-26 22:00:00,2024-05-26,3.890625476837158
2024-05,historical_average,-1,6,2024-05-26 20:00:00,2024-05-28 01:00:00,2024-05-28,5.3072919845581055
2024-05,historical_average,-1,1,2024-05-26 21:00:00,2024-05-26 21:00:00,2024-05-26,3.1666665077209473
2024-05,historical_average,-1,2,2024-05-26 21:00:00,2024-05-26 22:00:00,2024-05-26,3.890625476837158
2024-05,historical_average,-1,3,2024-05-26 21:00:00,2024-05-26 23:00:00,2024-05-26,4.3802080154418945
2024-05,historical_average,-1,6,2024-05-26 21:00:00,2024-05-28 02:00:00,2024-05-28,5.4739580154418945
2024-05,historical_average,-1,1,2024-05-26 22:00:00,2024-05-26 22:00:00,2024-05-26,3.890625476837158
2024-05,historical_average,-1,2,2024-05-26 22:00:00,2024-05-26 23:00:00,2024-05-26,4.3802080154418945
2024-05,historical_average,-1,3,2024-05-26 22:00:00,2024-05-28 00:00:00,2024-05-28,3.6666669845581055
2024-05,historical_average,-1,6,2024-05-26 22:00:00,2024-05-28 03:00:00,2024-05-28,5.0989580154418945
2024-05,historical_average,-1,1,2024-05-26 23:00:00,2024-05-26 23:00:00,2024-05-26,4.3802080154418945
2024-05,historical_average,-1,2,2024-05-26 23:00:00,2024-05-28 00:00:00,2024-05-28,3.6666669845581055
2024-05,historical_average,-1,3,2024-05-26 23:00:00,2024-05-28 01:00:00,2024-05-28,5.3072919845581055
2024-05,historical_average,-1,6,2024-05-26 23:00:00,2024-05-28 04:00:00,2024-05-28,4.843750476837158
2024-05,historical_average,-1,1,2024-05-28 00:00:00,2024-05-28 00:00:00,2024-05-28,3.6666669845581055
2024-05,historical_average,-1,2,2024-05-28 00:00:00,2024-05-28 01:00:00,2024-05-28,5.3072919845581055
2024-05,historical_average,-1,3,2024-05-28 00:00:00,2024-05-28 02:00:00,2024-05-28,5.4739580154418945
2024-05,historical_average,-1,6,2024-05-28 00:00:00,2024-05-28 05:00:00,2024-05-28,3.8020830154418945
2024-05,historical_average,-1,1,2024-05-28 01:00:00,2024-05-28 01:00:00,2024-05-28,5.3072919845581055
2024-05,historical_average,-1,2,2024-05-28 01:00:00,2024-05-28 02:00:00,2024-05-28,5.4739580154418945
2024-05,historical_average,-1,3,2024-05-28 01:00:00,2024-05-28 03:00:00,2024-05-28,5.0989580154418945
2024-05,historical_average,-1,6,2024-05-28 01:00:00,2024-05-28 06:00:00,2024-05-28,2.8958334922790527
2024-05,historical_average,-1,1,2024-05-28 02:00:00,2024-05-28 02:00:00,2024-05-28,5.4739580154418945
2024-05,historical_average,-1,2,2024-05-28 02:00:00,2024-05-28 03:00:00,2024-05-28,5.0989580154418945
2024-05,historical_average,-1,3,2024-05-28 02:00:00,2024-05-28 04:00:00,2024-05-28,4.843750476837158
2024-05,historical_average,-1,6,2024-05-28 02:00:00,2024-05-28 07:00:00,2024-05-28,3.015625
2024-05,historical_average,-1,1,2024-05-28 03:00:00,2024-05-28 03:00:00,2024-05-28,5.0989580154418945
2024-05,historical_average,-1,2,2024-05-28 03:00:00,2024-05-28 04:00:00,2024-05-28,4.843750476837158
2024-05,historical_average,-1,3,2024-05-28 03:00:00,2024-05-28 05:00:00,2024-05-28,3.8020830154418945
2024-05,historical_average,-1,6,2024-05-28 03:00:00,2024-05-28 08:00:00,2024-05-28,2.34375
2024-05,historical_average,-1,1,2024-05-28 04:00:00,2024-05-28 04:00:00,2024-05-28,4.843750476837158
2024-05,historical_average,-1,2,2024-05-28 04:00:00,2024-05-28 05:00:00,2024-05-28,3.8020830154418945
2024-05,historical_average,-1,3,2024-05-28 04:00:00,2024-05-28 06:00:00,2024-05-28,2.8958334922790527
2024-05,historical_average,-1,6,2024-05-28 04:00:00,2024-05-28 09:00:00,2024-05-28,3.328125
2024-05,historical_average,-1,1,2024-05-28 05:00:00,2024-05-28 05:00:00,2024-05-28,3.8020830154418945
2024-05,historical_average,-1,2,2024-05-28 05:00:00,2024-05-28 06:00:00,2024-05-28,2.8958334922790527
2024-05,historical_average,-1,3,2024-05-28 05:00:00,2024-05-28 07:00:00,2024-05-28,3.015625
2024-05,historical_average,-1,6,2024-05-28 05:00:00,2024-05-28 10:00:00,2024-05-28,2.9765625
2024-05,historical_average,-1,1,2024-05-28 06:00:00,2024-05-28 06:00:00,2024-05-28,2.8958334922790527
2024-05,historical_average,-1,2,2024-05-28 06:00:00,2024-05-28 07:00:00,2024-05-28,3.015625
2024-05,historical_average,-1,3,2024-05-28 06:00:00,2024-05-28 08:00:00,2024-05-28,2.34375
2024-05,historical_average,-1,6,2024-05-28 06:00:00,2024-05-28 11:00:00,2024-05-28,3.0078125
2024-05,historical_average,-1,1,2024-05-28 07:00:00,2024-05-28 07:00:00,2024-05-28,3.015625
2024-05,historical_average,-1,2,2024-05-28 07:00:00,2024-05-28 08:00:00,2024-05-28,2.34375
2024-05,historical_average,-1,3,2024-05-28 07:00:00,2024-05-28 09:00:00,2024-05-28,3.328125
2024-05,historical_average,-1,6,2024-05-28 07:00:00,2024-05-28 12:00:00,2024-05-28,2.5703125
2024-05,historical_average,-1,1,2024-05-28 08:00:00,2024-05-28 08:00:00,2024-05-28,2.34375
2024-05,historical_average,-1,2,2024-05-28 08:00:00,2024-05-28 09:00:00,2024-05-28,3.328125
2024-05,historical_average,-1,3,2024-05-28 08:00:00,2024-05-28 10:00:00,2024-05-28,2.9765625
2024-05,historical_average,-1,6,2024-05-28 08:00:00,2024-05-28 13:00:00,2024-05-28,2.21875
2024-05,historical_average,-1,1,2024-05-28 09:00:00,2024-05-28 09:00:00,2024-05-28,3.328125
2024-05,historical_average,-1,2,2024-05-28 09:00:00,2024-05-28 10:00:00,2024-05-28,2.9765625
2024-05,historical_average,-1,3,2024-05-28 09:00:00,2024-05-28 11:00:00,2024-05-28,3.0078125
2024-05,historical_average,-1,6,2024-05-28 09:00:00,2024-05-28 14:00:00,2024-05-28,2.9609375
2024-05,historical_average,-1,1,2024-05-28 10:00:00,2024-05-28 10:00:00,2024-05-28,2.9765625
2024-05,historical_average,-1,2,2024-05-28 10:00:00,2024-05-28 11:00:00,2024-05-28,3.0078125
2024-05,historical_average,-1,3,2024-05-28 10:00:00,2024-05-28 12:00:00,2024-05-28,2.5703125
2024-05,historical_average,-1,6,2024-05-28 10:00:00,2024-05-28 15:00:00,2024-05-28,2.484375
2024-05,historical_average,-1,1,2024-05-28 11:00:00,2024-05-28 11:00:00,2024-05-28,3.0078125
2024-05,historical_average,-1,2,2024-05-28 11:00:00,2024-05-28 12:00:00,2024-05-28,2.5703125
2024-05,historical_average,-1,3,2024-05-28 11:00:00,2024-05-28 13:00:00,2024-05-28,2.21875
2024-05,historical_average,-1,6,2024-05-28 11:00:00,2024-05-28 16:00:00,2024-05-28,2.671875
2024-05,historical_average,-1,1,2024-05-28 12:00:00,2024-05-28 12:00:00,2024-05-28,2.5703125
2024-05,historical_average,-1,2,2024-05-28 12:00:00,2024-05-28 13:00:00,2024-05-28,2.21875
2024-05,historical_average,-1,3,2024-05-28 12:00:00,2024-05-28 14:00:00,2024-05-28,2.9609375
2024-05,historical_average,-1,6,2024-05-28 12:00:00,2024-05-28 17:00:00,2024-05-28,3.0859375
2024-05,historical_average,-1,1,2024-05-28 13:00:00,2024-05-28 13:00:00,2024-05-28,2.21875
2024-05,historical_average,-1,2,2024-05-28 13:00:00,2024-05-28 14:00:00,2024-05-28,2.9609375
2024-05,historical_average,-1,3,2024-05-28 13:00:00,2024-05-28 15:00:00,2024-05-28,2.484375
2024-05,historical_average,-1,6,2024-05-28 13:00:00,2024-05-28 18:00:00,2024-05-28,2.375
2024-05,historical_average,-1,1,2024-05-28 14:00:00,2024-05-28 14:00:00,2024-05-28,2.9609375
2024-05,historical_average,-1,2,2024-05-28 14:00:00,2024-05-28 15:00:00,2024-05-28,2.484375
2024-05,historical_average,-1,3,2024-05-28 14:00:00,2024-05-28 16:00:00,2024-05-28,2.671875
2024-05,historical_average,-1,6,2024-05-28 14:00:00,2024-05-28 19:00:00,2024-05-28,3.1796875
2024-05,historical_average,-1,1,2024-05-28 15:00:00,2024-05-28 15:00:00,2024-05-28,2.484375
2024-05,historical_average,-1,2,2024-05-28 15:00:00,2024-05-28 16:00:00,2024-05-28,2.671875
2024-05,historical_average,-1,3,2024-05-28 15:00:00,2024-05-28 17:00:00,2024-05-28,3.0859375
2024-05,historical_average,-1,6,2024-05-28 15:00:00,2024-05-28 20:00:00,2024-05-28,3.1484375
2024-05,historical_average,-1,1,2024-05-28 16:00:00,2024-05-28 16:00:00,2024-05-28,2.671875
2024-05,historical_average,-1,2,2024-05-28 16:00:00,2024-05-28 17:00:00,2024-05-28,3.0859375
2024-05,historical_average,-1,3,2024-05-28 16:00:00,2024-05-28 18:00:00,2024-05-28,2.375
2024-05,historical_average,-1,6,2024-05-28 16:00:00,2024-05-28 21:00:00,2024-05-28,3.3046875
2024-05,historical_average,-1,1,2024-05-28 17:00:00,2024-05-28 17:00:00,2024-05-28,3.0859375
2024-05,historical_average,-1,2,2024-05-28 17:00:00,2024-05-28 18:00:00,2024-05-28,2.375
2024-05,historical_average,-1,3,2024-05-28 17:00:00,2024-05-28 19:00:00,2024-05-28,3.1796875
2024-05,historical_average,-1,6,2024-05-28 17:00:00,2024-05-28 22:00:00,2024-05-28,3.6171875
2024-05,historical_average,-1,1,2024-05-28 18:00:00,2024-05-28 18:00:00,2024-05-28,2.375
2024-05,historical_average,-1,2,2024-05-28 18:00:00,2024-05-28 19:00:00,2024-05-28,3.1796875
2024-05,historical_average,-1,3,2024-05-28 18:00:00,2024-05-28 20:00:00,2024-05-28,3.1484375
2024-05,historical_average,-1,6,2024-05-28 18:00:00,2024-05-28 23:00:00,2024-05-28,3.1015625
2024-05,historical_average,-1,1,2024-05-28 19:00:00,2024-05-28 19:00:00,2024-05-28,3.1796875
2024-05,historical_average,-1,2,2024-05-28 19:00:00,2024-05-28 20:00:00,2024-05-28,3.1484375
2024-05,historical_average,-1,3,2024-05-28 19:00:00,2024-05-28 21:00:00,2024-05-28,3.3046875
2024-05,historical_average,-1,6,2024-05-28 19:00:00,2024-05-30 00:00:00,2024-05-30,3.484375
2024-05,historical_average,-1,1,2024-05-28 20:00:00,2024-05-28 20:00:00,2024-05-28,3.1484375
2024-05,historical_average,-1,2,2024-05-28 20:00:00,2024-05-28 21:00:00,2024-05-28,3.3046875
2024-05,historical_average,-1,3,2024-05-28 20:00:00,2024-05-28 22:00:00,2024-05-28,3.6171875
2024-05,historical_average,-1,6,2024-05-28 20:00:00,2024-05-30 01:00:00,2024-05-30,4.015625
2024-05,historical_average,-1,1,2024-05-28 21:00:00,2024-05-28 21:00:00,2024-05-28,3.3046875
2024-05,historical_average,-1,2,2024-05-28 21:00:00,2024-05-28 22:00:00,2024-05-28,3.6171875
2024-05,historical_average,-1,3,2024-05-28 21:00:00,2024-05-28 23:00:00,2024-05-28,3.1015625
2024-05,historical_average,-1,6,2024-05-28 21:00:00,2024-05-30 02:00:00,2024-05-30,5.1041669845581055
2024-05,historical_average,-1,1,2024-05-28 22:00:00,2024-05-28 22:00:00,2024-05-28,3.6171875
2024-05,historical_average,-1,2,2024-05-28 22:00:00,2024-05-28 23:00:00,2024-05-28,3.1015625
2024-05,historical_average,-1,3,2024-05-28 22:00:00,2024-05-30 00:00:00,2024-05-30,3.484375
2024-05,historical_average,-1,6,2024-05-28 22:00:00,2024-05-30 03:00:00,2024-05-30,6.7291669845581055
2024-05,historical_average,-1,1,2024-05-28 23:00:00,2024-05-28 23:00:00,2024-05-28,3.1015625
2024-05,historical_average,-1,2,2024-05-28 23:00:00,2024-05-30 00:00:00,2024-05-30,3.484375
2024-05,historical_average,-1,3,2024-05-28 23:00:00,2024-05-30 01:00:00,2024-05-30,4.015625
2024-05,historical_average,-1,6,2024-05-28 23:00:00,2024-05-30 04:00:00,2024-05-30,5.067708492279053
2024-05,historical_average,-1,1,2024-05-30 00:00:00,2024-05-30 00:00:00,2024-05-30,3.484375
2024-05,historical_average,-1,2,2024-05-30 00:00:00,2024-05-30 01:00:00,2024-05-30,4.015625
2024-05,historical_average,-1,3,2024-05-30 00:00:00,2024-05-30 02:00:00,2024-05-30,5.1041669845581055
2024-05,historical_average,-1,6,2024-05-30 00:00:00,2024-05-30 05:00:00,2024-05-30,4.5572919845581055
2024-05,historical_average,-1,1,2024-05-30 01:00:00,2024-05-30 01:00:00,2024-05-30,4.015625
2024-05,historical_average,-1,2,2024-05-30 01:00:00,2024-05-30 02:00:00,2024-05-30,5.1041669845581055
2024-05,historical_average,-1,3,2024-05-30 01:00:00,2024-05-30 03:00:00,2024-05-30,6.7291669845581055
2024-05,historical_average,-1,6,2024-05-30 01:00:00,2024-05-30 06:00:00,2024-05-30,3.0208334922790527
2024-05,historical_average,-1,1,2024-05-30 02:00:00,2024-05-30 02:00:00,2024-05-30,5.1041669845581055
2024-05,historical_average,-1,2,2024-05-30 02:00:00,2024-05-30 03:00:00,2024-05-30,6.7291669845581055
2024-05,historical_average,-1,3,2024-05-30 02:00:00,2024-05-30 04:00:00,2024-05-30,5.067708492279053
2024-05,historical_average,-1,6,2024-05-30 02:00:00,2024-05-30 07:00:00,2024-05-30,3.0416669845581055
2024-05,historical_average,-1,1,2024-05-30 03:00:00,2024-05-30 03:00:00,2024-05-30,6.7291669845581055
2024-05,historical_average,-1,2,2024-05-30 03:00:00,2024-05-30 04:00:00,2024-05-30,5.067708492279053
2024-05,historical_average,-1,3,2024-05-30 03:00:00,2024-05-30 05:00:00,2024-05-30,4.5572919845581055
2024-05,historical_average,-1,6,2024-05-30 03:00:00,2024-05-30 08:00:00,2024-05-30,2.5052084922790527
2024-05,historical_average,-1,1,2024-05-30 04:00:00,2024-05-30 04:00:00,2024-05-30,5.067708492279053
2024-05,historical_average,-1,2,2024-05-30 04:00:00,2024-05-30 05:00:00,2024-05-30,4.5572919845581055
2024-05,historical_average,-1,3,2024-05-30 04:00:00,2024-05-30 06:00:00,2024-05-30,3.0208334922790527
2024-05,historical_average,-1,6,2024-05-30 04:00:00,2024-05-30 09:00:00,2024-05-30,2.4427084922790527
2024-05,historical_average,-1,1,2024-05-30 05:00:00,2024-05-30 05:00:00,2024-05-30,4.5572919845581055
2024-05,historical_average,-1,2,2024-05-30 05:00:00,2024-05-30 06:00:00,2024-05-30,3.0208334922790527
2024-05,historical_average,-1,3,2024-05-30 05:00:00,2024-05-30 07:00:00,2024-05-30,3.0416669845581055
2024-05,historical_average,-1,6,2024-05-30 05:00:00,2024-05-30 10:00:00,2024-05-30,3.2447917461395264
2024-05,historical_average,-1,1,2024-05-30 06:00:00,2024-05-30 06:00:00,2024-05-30,3.0208334922790527
2024-05,historical_average,-1,2,2024-05-30 06:00:00,2024-05-30 07:00:00,2024-05-30,3.0416669845581055
2024-05,historical_average,-1,3,2024-05-30 06:00:00,2024-05-30 08:00:00,2024-05-30,2.5052084922790527
2024-05,historical_average,-1,6,2024-05-30 06:00:00,2024-05-30 11:00:00,2024-05-30,2.1041669845581055
2024-05,historical_average,-1,1,2024-05-30 07:00:00,2024-05-30 07:00:00,2024-05-30,3.0416669845581055
2024-05,historical_average,-1,2,2024-05-30 07:00:00,2024-05-30 08:00:00,2024-05-30,2.5052084922790527
2024-05,historical_average,-1,3,2024-05-30 07:00:00,2024-05-30 09:00:00,2024-05-30,2.4427084922790527
2024-05,historical_average,-1,6,2024-05-30 07:00:00,2024-05-30 12:00:00,2024-05-30,2.4791665077209473
2024-05,historical_average,-1,1,2024-05-30 08:00:00,2024-05-30 08:00:00,2024-05-30,2.5052084922790527
2024-05,historical_average,-1,2,2024-05-30 08:00:00,2024-05-30 09:00:00,2024-05-30,2.4427084922790527
2024-05,historical_average,-1,3,2024-05-30 08:00:00,2024-05-30 10:00:00,2024-05-30,3.2447917461395264
2024-05,historical_average,-1,6,2024-05-30 08:00:00,2024-05-30 13:00:00,2024-05-30,2.6614580154418945
2024-05,historical_average,-1,1,2024-05-30 09:00:00,2024-05-30 09:00:00,2024-05-30,2.4427084922790527
2024-05,historical_average,-1,2,2024-05-30 09:00:00,2024-05-30 10:00:00,2024-05-30,3.2447917461395264
2024-05,historical_average,-1,3,2024-05-30 09:00:00,2024-05-30 11:00:00,2024-05-30,2.1041669845581055
2024-05,historical_average,-1,6,2024-05-30 09:00:00,2024-05-30 14:00:00,2024-05-30,2.4427080154418945
2024-05,historical_average,-1,1,2024-05-30 10:00:00,2024-05-30 10:00:00,2024-05-30,3.2447917461395264
2024-05,historical_average,-1,2,2024-05-30 10:00:00,2024-05-30 11:00:00,2024-05-30,2.1041669845581055
2024-05,historical_average,-1,3,2024-05-30 10:00:00,2024-05-30 12:00:00,2024-05-30,2.4791665077209473
2024-05,historical_average,-1,6,2024-05-30 10:00:00,2024-05-30 15:00:00,2024-05-30,2.499999761581421
2024-05,historical_average,-1,1,2024-05-30 11:00:00,2024-05-30 11:00:00,2024-05-30,2.1041669845581055
2024-05,historical_average,-1,2,2024-05-30 11:00:00,2024-05-30 12:00:00,2024-05-30,2.4791665077209473
2024-05,historical_average,-1,3,2024-05-30 11:00:00,2024-05-30 13:00:00,2024-05-30,2.6614580154418945
2024-05,historical_average,-1,6,2024-05-30 11:00:00,2024-05-30 16:00:00,2024-05-30,2.479166030883789
2024-05,historical_average,-1,1,2024-05-30 12:00:00,2024-05-30 12:00:00,2024-05-30,2.4791665077209473
2024-05,historical_average,-1,2,2024-05-30 12:00:00,2024-05-30 13:00:00,2024-05-30,2.6614580154418945
2024-05,historical_average,-1,3,2024-05-30 12:00:00,2024-05-30 14:00:00,2024-05-30,2.4427080154418945
2024-05,historical_average,-1,6,2024-05-30 12:00:00,2024-05-30 17:00:00,2024-05-30,2.765625
2024-05,historical_average,-1,1,2024-05-30 13:00:00,2024-05-30 13:00:00,2024-05-30,2.6614580154418945
2024-05,historical_average,-1,2,2024-05-30 13:00:00,2024-05-30 14:00:00,2024-05-30,2.4427080154418945
2024-05,historical_average,-1,3,2024-05-30 13:00:00,2024-05-30 15:00:00,2024-05-30,2.499999761581421
2024-05,historical_average,-1,6,2024-05-30 13:00:00,2024-05-30 18:00:00,2024-05-30,3.984375
2024-05,historical_average,-1,1,2024-05-30 14:00:00,2024-05-30 14:00:00,2024-05-30,2.4427080154418945
2024-05,historical_average,-1,2,2024-05-30 14:00:00,2024-05-30 15:00:00,2024-05-30,2.499999761581421
2024-05,historical_average,-1,3,2024-05-30 14:00:00,2024-05-30 16:00:00,2024-05-30,2.479166030883789
2024-05,historical_average,-1,6,2024-05-30 14:00:00,2024-05-30 19:00:00,2024-05-30,3.0364584922790527
2024-05,historical_average,-1,1,2024-05-30 15:00:00,2024-05-30 15:00:00,2024-05-30,2.499999761581421
2024-05,historical_average,-1,2,2024-05-30 15:00:00,2024-05-30 16:00:00,2024-05-30,2.479166030883789
2024-05,historical_average,-1,3,2024-05-30 15:00:00,2024-05-30 17:00:00,2024-05-30,2.765625
2024-05,historical_average,-1,6,2024-05-30 15:00:00,2024-05-30 20:00:00,2024-05-30,3.046874523162842
2024-05,historical_average,-1,1,2024-05-30 16:00:00,2024-05-30 16:00:00,2024-05-30,2.479166030883789
2024-05,historical_average,-1,2,2024-05-30 16:00:00,2024-05-30 17:00:00,2024-05-30,2.765625
2024-05,historical_average,-1,3,2024-05-30 16:00:00,2024-05-30 18:00:00,2024-05-30,3.984375
2024-05,historical_average,-1,6,2024-05-30 16:00:00,2024-05-30 21:00:00,2024-05-30,3.187500476837158
2024-05,historical_average,-1,1,2024-05-30 17:00:00,2024-05-30 17:00:00,2024-05-30,2.765625
2024-05,historical_average,-1,2,2024-05-30 17:00:00,2024-05-30 18:00:00,2024-05-30,3.984375
2024-05,historical_average,-1,3,2024-05-30 17:00:00,2024-05-30 19:00:00,2024-05-30,3.0364584922790527
2024-05,historical_average,-1,6,2024-05-30 17:00:00,2024-05-30 22:00:00,2024-05-30,2.7135417461395264
2024-05,historical_average,-1,1,2024-05-30 18:00:00,2024-05-30 18:00:00,2024-05-30,3.984375
2024-05,historical_average,-1,2,2024-05-30 18:00:00,2024-05-30 19:00:00,2024-05-30,3.0364584922790527
2024-05,historical_average,-1,3,2024-05-30 18:00:00,2024-05-30 20:00:00,2024-05-30,3.046874523162842
2024-05,historical_average,-1,6,2024-05-30 18:00:00,2024-05-30 23:00:00,2024-05-30,3.03125
2024-05,historical_average,-1,1,2024-05-30 19:00:00,2024-05-30 19:00:00,2024-05-30,3.0364584922790527
2024-05,historical_average,-1,2,2024-05-30 19:00:00,2024-05-30 20:00:00,2024-05-30,3.046874523162842
2024-05,historical_average,-1,3,2024-05-30 19:00:00,2024-05-30 21:00:00,2024-05-30,3.187500476837158
2024-05,historical_average,-1,6,2024-05-30 19:00:00,2024-05-31 00:00:00,2024-05-31,4.3385419845581055
2024-05,historical_average,-1,1,2024-05-30 20:00:00,2024-05-30 20:00:00,2024-05-30,3.046874523162842
2024-05,historical_average,-1,2,2024-05-30 20:00:00,2024-05-30 21:00:00,2024-05-30,3.187500476837158
2024-05,historical_average,-1,3,2024-05-30 20:00:00,2024-05-30 22:00:00,2024-05-30,2.7135417461395264
2024-05,historical_average,-1,6,2024-05-30 20:00:00,2024-05-31 01:00:00,2024-05-31,3.572916030883789
2024-05,historical_average,-1,1,2024-05-30 21:00:00,2024-05-30 21:00:00,2024-05-30,3.187500476837158
2024-05,historical_average,-1,2,2024-05-30 21:00:00,2024-05-30 22:00:00,2024-05-30,2.7135417461395264
2024-05,historical_average,-1,3,2024-05-30 21:00:00,2024-05-30 23:00:00,2024-05-30,3.03125
2024-05,historical_average,-1,6,2024-05-30 21:00:00,2024-05-31 02:00:00,2024-05-31,4.093750476837158
2024-05,historical_average,-1,1,2024-05-30 22:00:00,2024-05-30 22:00:00,2024-05-30,2.7135417461395264
2024-05,historical_average,-1,2,2024-05-30 22:00:00,2024-05-30 23:00:00,2024-05-30,3.03125
2024-05,historical_average,-1,3,2024-05-30 22:00:00,2024-05-31 00:00:00,2024-05-31,4.3385419845581055
2024-05,historical_average,-1,6,2024-05-30 22:00:00,2024-05-31 03:00:00,2024-05-31,4.583333492279053
2024-05,historical_average,-1,1,2024-05-30 23:00:00,2024-05-30 23:00:00,2024-05-30,3.03125
2024-05,historical_average,-1,2,2024-05-30 23:00:00,2024-05-31 00:00:00,2024-05-31,4.3385419845581055
2024-05,historical_average,-1,3,2024-05-30 23:00:00,2024-05-31 01:00:00,2024-05-31,3.572916030883789
2024-05,historical_average,-1,6,2024-05-30 23:00:00,2024-05-31 04:00:00,2024-05-31,4.578124523162842
2024-05,historical_average,-1,1,2024-05-31 00:00:00,2024-05-31 00:00:00,2024-05-31,4.3385419845581055
2024-05,historical_average,-1,2,2024-05-31 00:00:00,2024-05-31 01:00:00,2024-05-31,3.572916030883789
2024-05,historical_average,-1,3,2024-05-31 00:00:00,2024-05-31 02:00:00,2024-05-31,4.093750476837158
2024-05,historical_average,-1,6,2024-05-31 00:00:00,2024-05-31 05:00:00,2024-05-31,4.3385419845581055
2024-05,historical_average,-1,1,2024-05-31 01:00:00,2024-05-31 01:00:00,2024-05-31,3.572916030883789
2024-05,historical_average,-1,2,2024-05-31 01:00:00,2024-05-31 02:00:00,2024-05-31,4.093750476837158
2024-05,historical_average,-1,3,2024-05-31 01:00:00,2024-05-31 03:00:00,2024-05-31,4.583333492279053
2024-05,historical_average,-1,6,2024-05-31 01:00:00,2024-05-31 06:00:00,2024-05-31,2.7291665077209473
2024-05,historical_average,-1,1,2024-05-31 02:00:00,2024-05-31 02:00:00,2024-05-31,4.093750476837158
2024-05,historical_average,-1,2,2024-05-31 02:00:00,2024-05-31 03:00:00,2024-05-31,4.583333492279053
2024-05,historical_average,-1,3,2024-05-31 02:00:00,2024-05-31 04:00:00,2024-05-31,4.578124523162842
2024-05,historical_average,-1,6,2024-05-31 02:00:00,2024-05-31 07:00:00,2024-05-31,2.0833334922790527
2024-05,historical_average,-1,1,2024-05-31 03:00:00,2024-05-31 03:00:00,2024-05-31,4.583333492279053
2024-05,historical_average,-1,2,2024-05-31 03:00:00,2024-05-31 04:00:00,2024-05-31,4.578124523162842
2024-05,historical_average,-1,3,2024-05-31 03:00:00,2024-05-31 05:00:00,2024-05-31,4.3385419845581055
2024-05,historical_average,-1,6,2024-05-31 03:00:00,2024-05-31 08:00:00,2024-05-31,3.6302080154418945
2024-05,historical_average,-1,1,2024-05-31 04:00:00,2024-05-31 04:00:00,2024-05-31,4.578124523162842
2024-05,historical_average,-1,2,2024-05-31 04:00:00,2024-05-31 05:00:00,2024-05-31,4.3385419845581055
2024-05,historical_average,-1,3,2024-05-31 04:00:00,2024-05-31 06:00:00,2024-05-31,2.7291665077209473
2024-05,historical_average,-1,6,2024-05-31 04:00:00,2024-05-31 09:00:00,2024-05-31,2.6458334922790527
2024-05,historical_average,-1,1,2024-05-31 05:00:00,2024-05-31 05:00:00,2024-05-31,4.3385419845581055
2024-05,historical_average,-1,2,2024-05-31 05:00:00,2024-05-31 06:00:00,2024-05-31,2.7291665077209473
2024-05,historical_average,-1,3,2024-05-31 05:00:00,2024-05-31 07:00:00,2024-05-31,2.0833334922790527
2024-05,historical_average,-1,6,2024-05-31 05:00:00,2024-05-31 10:00:00,2024-05-31,3.4739582538604736
2024-05,historical_average,-1,1,2024-05-31 06:00:00,2024-05-31 06:00:00,2024-05-31,2.7291665077209473
2024-05,historical_average,-1,2,2024-05-31 06:00:00,2024-05-31 07:00:00,2024-05-31,2.0833334922790527
2024-05,historical_average,-1,3,2024-05-31 06:00:00,2024-05-31 08:00:00,2024-05-31,3.6302080154418945
2024-05,historical_average,-1,6,2024-05-31 06:00:00,2024-05-31 11:00:00,2024-05-31,2.1822919845581055
2024-05,historical_average,-1,1,2024-05-31 07:00:00,2024-05-31 07:00:00,2024-05-31,2.0833334922790527
2024-05,historical_average,-1,2,2024-05-31 07:00:00,2024-05-31 08:00:00,2024-05-31,3.6302080154418945
2024-05,historical_average,-1,3,2024-05-31 07:00:00,2024-05-31 09:00:00,2024-05-31,2.6458334922790527
2024-05,historical_average,-1,6,2024-05-31 07:00:00,2024-05-31 12:00:00,2024-05-31,2.2135415077209473
2024-05,historical_average,-1,1,2024-05-31 08:00:00,2024-05-31 08:00:00,2024-05-31,3.6302080154418945
2024-05,historical_average,-1,2,2024-05-31 08:00:00,2024-05-31 09:00:00,2024-05-31,2.6458334922790527
2024-05,historical_average,-1,3,2024-05-31 08:00:00,2024-05-31 10:00:00,2024-05-31,3.4739582538604736
2024-05,historical_average,-1,6,2024-05-31 08:00:00,2024-05-31 13:00:00,2024-05-31,1.9895836114883423
2024-05,historical_average,-1,1,2024-05-31 09:00:00,2024-05-31 09:00:00,2024-05-31,2.6458334922790527
2024-05,historical_average,-1,2,2024-05-31 09:00:00,2024-05-31 10:00:00,2024-05-31,3.4739582538604736
2024-05,historical_average,-1,3,2024-05-31 09:00:00,2024-05-31 11:00:00,2024-05-31,2.1822919845581055
2024-05,historical_average,-1,6,2024-05-31 09:00:00,2024-05-31 14:00:00,2024-05-31,2.4843757152557373
2024-05,historical_average,-1,1,2024-05-31 10:00:00,2024-05-31 10:00:00,2024-05-31,3.4739582538604736
2024-05,historical_average,-1,2,2024-05-31 10:00:00,2024-05-31 11:00:00,2024-05-31,2.1822919845581055
2024-05,historical_average,-1,3,2024-05-31 10:00:00,2024-05-31 12:00:00,2024-05-31,2.2135415077209473
2024-05,historical_average,-1,6,2024-05-31 10:00:00,2024-05-31 15:00:00,2024-05-31,2.6458334922790527
2024-05,historical_average,-1,1,2024-05-31 11:00:00,2024-05-31 11:00:00,2024-05-31,2.1822919845581055
2024-05,historical_average,-1,2,2024-05-31 11:00:00,2024-05-31 12:00:00,2024-05-31,2.2135415077209473
2024-05,historical_average,-1,3,2024-05-31 11:00:00,2024-05-31 13:00:00,2024-05-31,1.9895836114883423
2024-05,historical_average,-1,6,2024-05-31 11:00:00,2024-05-31 16:00:00,2024-05-31,2.520833969116211
2024-05,historical_average,-1,1,2024-05-31 12:00:00,2024-05-31 12:00:00,2024-05-31,2.2135415077209473
2024-05,historical_average,-1,2,2024-05-31 12:00:00,2024-05-31 13:00:00,2024-05-31,1.9895836114883423
2024-05,historical_average,-1,3,2024-05-31 12:00:00,2024-05-31 14:00:00,2024-05-31,2.4843757152557373
2024-05,historical_average,-1,6,2024-05-31 12:00:00,2024-05-31 17:00:00,2024-05-31,3.890625
2024-05,historical_average,-1,1,2024-05-31 13:00:00,2024-05-31 13:00:00,2024-05-31,1.9895836114883423
2024-05,historical_average,-1,2,2024-05-31 13:00:00,2024-05-31 14:00:00,2024-05-31,2.4843757152557373
2024-05,historical_average,-1,3,2024-05-31 13:00:00,2024-05-31 15:00:00,2024-05-31,2.6458334922790527
2024-05,historical_average,-1,6,2024-05-31 13:00:00,2024-05-31 18:00:00,2024-05-31,3.796875
2024-05,historical_average,-1,1,2024-05-31 14:00:00,2024-05-31 14:00:00,2024-05-31,2.4843757152557373
2024-05,historical_average,-1,2,2024-05-31 14:00:00,2024-05-31 15:00:00,2024-05-31,2.6458334922790527
2024-05,historical_average,-1,3,2024-05-31 14:00:00,2024-05-31 16:00:00,2024-05-31,2.520833969116211
2024-05,historical_average,-1,6,2024-05-31 14:00:00,2024-05-31 19:00:00,2024-05-31,4.15625
2024-05,historical_average,-1,1,2024-05-31 15:00:00,2024-05-31 15:00:00,2024-05-31,2.6458334922790527
2024-05,historical_average,-1,2,2024-05-31 15:00:00,2024-05-31 16:00:00,2024-05-31,2.520833969116211
2024-05,historical_average,-1,3,2024-05-31 15:00:00,2024-05-31 17:00:00,2024-05-31,3.890625
2024-05,historical_average,-1,6,2024-05-31 15:00:00,2024-05-31 20:00:00,2024-05-31,4.9427080154418945
2024-05,historical_average,-1,1,2024-05-31 16:00:00,2024-05-31 16:00:00,2024-05-31,2.520833969116211
2024-05,historical_average,-1,2,2024-05-31 16:00:00,2024-05-31 17:00:00,2024-05-31,3.890625
2024-05,historical_average,-1,3,2024-05-31 16:00:00,2024-05-31 18:00:00,2024-05-31,3.796875
2024-05,historical_average,-1,6,2024-05-31 16:00:00,2024-05-31 21:00:00,2024-05-31,3.1875
2024-05,historical_average,-1,1,2024-05-31 17:00:00,2024-05-31 17:00:00,2024-05-31,3.890625
2024-05,historical_average,-1,2,2024-05-31 17:00:00,2024-05-31 18:00:00,2024-05-31,3.796875
2024-05,historical_average,-1,3,2024-05-31 17:00:00,2024-05-31 19:00:00,2024-05-31,4.15625
2024-05,historical_average,-1,6,2024-05-31 17:00:00,2024-05-31 22:00:00,2024-05-31,3.656250476837158
2024-05,temporal_mlp,2026,1,2024-05-25 15:00:00,2024-05-25 15:00:00,2024-05-25,2.564913511276245
2024-05,temporal_mlp,2026,2,2024-05-25 15:00:00,2024-05-25 16:00:00,2024-05-25,2.714855670928955
2024-05,temporal_mlp,2026,3,2024-05-25 15:00:00,2024-05-25 17:00:00,2024-05-25,2.9123668670654297
2024-05,temporal_mlp,2026,6,2024-05-25 15:00:00,2024-05-25 20:00:00,2024-05-25,2.7998859882354736
2024-05,temporal_mlp,2026,1,2024-05-25 16:00:00,2024-05-25 16:00:00,2024-05-25,2.916524887084961
2024-05,temporal_mlp,2026,2,2024-05-25 16:00:00,2024-05-25 17:00:00,2024-05-25,2.918548345565796
2024-05,temporal_mlp,2026,3,2024-05-25 16:00:00,2024-05-25 18:00:00,2024-05-25,4.639084815979004
2024-05,temporal_mlp,2026,6,2024-05-25 16:00:00,2024-05-25 21:00:00,2024-05-25,3.2440872192382812
2024-05,temporal_mlp,2026,1,2024-05-25 17:00:00,2024-05-25 17:00:00,2024-05-25,2.786801815032959
2024-05,temporal_mlp,2026,2,2024-05-25 17:00:00,2024-05-25 18:00:00,2024-05-25,4.952436923980713
2024-05,temporal_mlp,2026,3,2024-05-25 17:00:00,2024-05-25 19:00:00,2024-05-25,4.4390997886657715
2024-05,temporal_mlp,2026,6,2024-05-25 17:00:00,2024-05-25 22:00:00,2024-05-25,3.9845190048217773
2024-05,temporal_mlp,2026,1,2024-05-25 18:00:00,2024-05-25 18:00:00,2024-05-25,4.822803497314453
2024-05,temporal_mlp,2026,2,2024-05-25 18:00:00,2024-05-25 19:00:00,2024-05-25,4.505677223205566
2024-05,temporal_mlp,2026,3,2024-05-25 18:00:00,2024-05-25 20:00:00,2024-05-25,3.620786190032959
2024-05,temporal_mlp,2026,6,2024-05-25 18:00:00,2024-05-25 23:00:00,2024-05-25,3.8980743885040283
2024-05,temporal_mlp,2026,1,2024-05-25 19:00:00,2024-05-25 19:00:00,2024-05-25,3.8563039302825928
2024-05,temporal_mlp,2026,2,2024-05-25 19:00:00,2024-05-25 20:00:00,2024-05-25,3.104534387588501
2024-05,temporal_mlp,2026,3,2024-05-25 19:00:00,2024-05-25 21:00:00,2024-05-25,3.516464948654175
2024-05,temporal_mlp,2026,6,2024-05-25 19:00:00,2024-05-26 00:00:00,2024-05-26,4.7531256675720215
2024-05,temporal_mlp,2026,1,2024-05-25 20:00:00,2024-05-25 20:00:00,2024-05-25,2.6777501106262207
2024-05,temporal_mlp,2026,2,2024-05-25 20:00:00,2024-05-25 21:00:00,2024-05-25,3.8055596351623535
2024-05,temporal_mlp,2026,3,2024-05-25 20:00:00,2024-05-25 22:00:00,2024-05-25,3.681094169616699
2024-05,temporal_mlp,2026,6,2024-05-25 20:00:00,2024-05-26 01:00:00,2024-05-26,6.370553970336914
2024-05,temporal_mlp,2026,1,2024-05-25 21:00:00,2024-05-25 21:00:00,2024-05-25,3.7909095287323
2024-05,temporal_mlp,2026,2,2024-05-25 21:00:00,2024-05-25 22:00:00,2024-05-25,3.4694371223449707
2024-05,temporal_mlp,2026,3,2024-05-25 21:00:00,2024-05-25 23:00:00,2024-05-25,3.504976987838745
2024-05,temporal_mlp,2026,6,2024-05-25 21:00:00,2024-05-26 02:00:00,2024-05-26,5.7750396728515625
2024-05,temporal_mlp,2026,1,2024-05-25 22:00:00,2024-05-25 22:00:00,2024-05-25,3.3572847843170166
2024-05,temporal_mlp,2026,2,2024-05-25 22:00:00,2024-05-25 23:00:00,2024-05-25,3.7172677516937256
2024-05,temporal_mlp,2026,3,2024-05-25 22:00:00,2024-05-26 00:00:00,2024-05-26,4.483886241912842
2024-05,temporal_mlp,2026,6,2024-05-25 22:00:00,2024-05-26 03:00:00,2024-05-26,6.475326061248779
2024-05,temporal_mlp,2026,1,2024-05-25 23:00:00,2024-05-25 23:00:00,2024-05-25,3.842912197113037
2024-05,temporal_mlp,2026,2,2024-05-25 23:00:00,2024-05-26 00:00:00,2024-05-26,4.33586311340332
2024-05,temporal_mlp,2026,3,2024-05-25 23:00:00,2024-05-26 01:00:00,2024-05-26,6.4712114334106445
2024-05,temporal_mlp,2026,6,2024-05-25 23:00:00,2024-05-26 04:00:00,2024-05-26,4.984177112579346
2024-05,temporal_mlp,2026,1,2024-05-26 00:00:00,2024-05-26 00:00:00,2024-05-26,4.880136489868164
2024-05,temporal_mlp,2026,2,2024-05-26 00:00:00,2024-05-26 01:00:00,2024-05-26,6.583474159240723
2024-05,temporal_mlp,2026,3,2024-05-26 00:00:00,2024-05-26 02:00:00,2024-05-26,5.632494926452637
2024-05,temporal_mlp,2026,6,2024-05-26 00:00:00,2024-05-26 05:00:00,2024-05-26,4.877976894378662
2024-05,temporal_mlp,2026,1,2024-05-26 01:00:00,2024-05-26 01:00:00,2024-05-26,6.571982383728027
2024-05,temporal_mlp,2026,2,2024-05-26 01:00:00,2024-05-26 02:00:00,2024-05-26,5.407330513000488
2024-05,temporal_mlp,2026,3,2024-05-26 01:00:00,2024-05-26 03:00:00,2024-05-26,6.533867835998535
2024-05,temporal_mlp,2026,6,2024-05-26 01:00:00,2024-05-26 06:00:00,2024-05-26,4.09018087387085
2024-05,temporal_mlp,2026,1,2024-05-26 02:00:00,2024-05-26 02:00:00,2024-05-26,5.697771072387695
2024-05,temporal_mlp,2026,2,2024-05-26 02:00:00,2024-05-26 03:00:00,2024-05-26,7.052977561950684
2024-05,temporal_mlp,2026,3,2024-05-26 02:00:00,2024-05-26 04:00:00,2024-05-26,5.213525295257568
2024-05,temporal_mlp,2026,6,2024-05-26 02:00:00,2024-05-26 07:00:00,2024-05-26,4.101055145263672
2024-05,temporal_mlp,2026,1,2024-05-26 03:00:00,2024-05-26 03:00:00,2024-05-26,6.758430480957031
2024-05,temporal_mlp,2026,2,2024-05-26 03:00:00,2024-05-26 04:00:00,2024-05-26,5.243284225463867
2024-05,temporal_mlp,2026,3,2024-05-26 03:00:00,2024-05-26 05:00:00,2024-05-26,5.059576034545898
2024-05,temporal_mlp,2026,6,2024-05-26 03:00:00,2024-05-26 08:00:00,2024-05-26,3.0934367179870605
2024-05,temporal_mlp,2026,1,2024-05-26 04:00:00,2024-05-26 04:00:00,2024-05-26,5.720243453979492
2024-05,temporal_mlp,2026,2,2024-05-26 04:00:00,2024-05-26 05:00:00,2024-05-26,5.497259616851807
2024-05,temporal_mlp,2026,3,2024-05-26 04:00:00,2024-05-26 06:00:00,2024-05-26,4.074261665344238
2024-05,temporal_mlp,2026,6,2024-05-26 04:00:00,2024-05-26 09:00:00,2024-05-26,3.894780397415161
2024-05,temporal_mlp,2026,1,2024-05-26 05:00:00,2024-05-26 05:00:00,2024-05-26,4.995212554931641
2024-05,temporal_mlp,2026,2,2024-05-26 05:00:00,2024-05-26 06:00:00,2024-05-26,3.8187973499298096
2024-05,temporal_mlp,2026,3,2024-05-26 05:00:00,2024-05-26 07:00:00,2024-05-26,3.8810105323791504
2024-05,temporal_mlp,2026,6,2024-05-26 05:00:00,2024-05-26 10:00:00,2024-05-26,4.468459129333496
2024-05,temporal_mlp,2026,1,2024-05-26 06:00:00,2024-05-26 06:00:00,2024-05-26,3.9876084327697754
2024-05,temporal_mlp,2026,2,2024-05-26 06:00:00,2024-05-26 07:00:00,2024-05-26,4.093854904174805
2024-05,temporal_mlp,2026,3,2024-05-26 06:00:00,2024-05-26 08:00:00,2024-05-26,3.1788535118103027
2024-05,temporal_mlp,2026,6,2024-05-26 06:00:00,2024-05-26 11:00:00,2024-05-26,4.057037353515625
2024-05,temporal_mlp,2026,1,2024-05-26 07:00:00,2024-05-26 07:00:00,2024-05-26,3.814276933670044
2024-05,temporal_mlp,2026,2,2024-05-26 07:00:00,2024-05-26 08:00:00,2024-05-26,2.8737285137176514
2024-05,temporal_mlp,2026,3,2024-05-26 07:00:00,2024-05-26 09:00:00,2024-05-26,3.881117343902588
2024-05,temporal_mlp,2026,6,2024-05-26 07:00:00,2024-05-26 12:00:00,2024-05-26,4.707691192626953
2024-05,temporal_mlp,2026,1,2024-05-26 08:00:00,2024-05-26 08:00:00,2024-05-26,2.965894937515259
2024-05,temporal_mlp,2026,2,2024-05-26 08:00:00,2024-05-26 09:00:00,2024-05-26,3.871636152267456
2024-05,temporal_mlp,2026,3,2024-05-26 08:00:00,2024-05-26 10:00:00,2024-05-26,4.3069000244140625
2024-05,temporal_mlp,2026,6,2024-05-26 08:00:00,2024-05-26 13:00:00,2024-05-26,4.882801055908203
2024-05,temporal_mlp,2026,1,2024-05-26 09:00:00,2024-05-26 09:00:00,2024-05-26,3.759223222732544
2024-05,temporal_mlp,2026,2,2024-05-26 09:00:00,2024-05-26 10:00:00,2024-05-26,4.163492202758789
2024-05,temporal_mlp,2026,3,2024-05-26 09:00:00,2024-05-26 11:00:00,2024-05-26,3.654388666152954
2024-05,temporal_mlp,2026,6,2024-05-26 09:00:00,2024-05-26 14:00:00,2024-05-26,3.722663164138794
2024-05,temporal_mlp,2026,1,2024-05-26 10:00:00,2024-05-26 10:00:00,2024-05-26,3.834897518157959
2024-05,temporal_mlp,2026,2,2024-05-26 10:00:00,2024-05-26 11:00:00,2024-05-26,3.4120397567749023
2024-05,temporal_mlp,2026,3,2024-05-26 10:00:00,2024-05-26 12:00:00,2024-05-26,4.332694053649902
2024-05,temporal_mlp,2026,6,2024-05-26 10:00:00,2024-05-26 15:00:00,2024-05-26,4.755306243896484
2024-05,temporal_mlp,2026,1,2024-05-26 11:00:00,2024-05-26 11:00:00,2024-05-26,3.162841796875
2024-05,temporal_mlp,2026,2,2024-05-26 11:00:00,2024-05-26 12:00:00,2024-05-26,4.130671501159668
2024-05,temporal_mlp,2026,3,2024-05-26 11:00:00,2024-05-26 13:00:00,2024-05-26,4.378716468811035
2024-05,temporal_mlp,2026,6,2024-05-26 11:00:00,2024-05-26 16:00:00,2024-05-26,4.899909019470215
2024-05,temporal_mlp,2026,1,2024-05-26 12:00:00,2024-05-26 12:00:00,2024-05-26,3.682434320449829
2024-05,temporal_mlp,2026,2,2024-05-26 12:00:00,2024-05-26 13:00:00,2024-05-26,4.003200531005859
2024-05,temporal_mlp,2026,3,2024-05-26 12:00:00,2024-05-26 14:00:00,2024-05-26,3.063819408416748
2024-05,temporal_mlp,2026,6,2024-05-26 12:00:00,2024-05-26 17:00:00,2024-05-26,4.79681396484375
2024-05,temporal_mlp,2026,1,2024-05-26 13:00:00,2024-05-26 13:00:00,2024-05-26,3.3385143280029297
2024-05,temporal_mlp,2026,2,2024-05-26 13:00:00,2024-05-26 14:00:00,2024-05-26,2.810405731201172
2024-05,temporal_mlp,2026,3,2024-05-26 13:00:00,2024-05-26 15:00:00,2024-05-26,4.117086887359619
2024-05,temporal_mlp,2026,6,2024-05-26 13:00:00,2024-05-26 18:00:00,2024-05-26,3.92486310005188
2024-05,temporal_mlp,2026,1,2024-05-26 14:00:00,2024-05-26 14:00:00,2024-05-26,2.7217037677764893
2024-05,temporal_mlp,2026,2,2024-05-26 14:00:00,2024-05-26 15:00:00,2024-05-26,3.7612502574920654
2024-05,temporal_mlp,2026,3,2024-05-26 14:00:00,2024-05-26 16:00:00,2024-05-26,4.180896759033203
2024-05,temporal_mlp,2026,6,2024-05-26 14:00:00,2024-05-26 19:00:00,2024-05-26,4.249018669128418
2024-05,temporal_mlp,2026,1,2024-05-26 15:00:00,2024-05-26 15:00:00,2024-05-26,3.5281777381896973
2024-05,temporal_mlp,2026,2,2024-05-26 15:00:00,2024-05-26 16:00:00,2024-05-26,4.0499372482299805
2024-05,temporal_mlp,2026,3,2024-05-26 15:00:00,2024-05-26 17:00:00,2024-05-26,4.242979049682617
2024-05,temporal_mlp,2026,6,2024-05-26 15:00:00,2024-05-26 20:00:00,2024-05-26,3.559715747833252
2024-05,temporal_mlp,2026,1,2024-05-26 16:00:00,2024-05-26 16:00:00,2024-05-26,3.5288681983947754
2024-05,temporal_mlp,2026,2,2024-05-26 16:00:00,2024-05-26 17:00:00,2024-05-26,3.8167004585266113
2024-05,temporal_mlp,2026,3,2024-05-26 16:00:00,2024-05-26 18:00:00,2024-05-26,3.523773670196533
2024-05,temporal_mlp,2026,6,2024-05-26 16:00:00,2024-05-26 21:00:00,2024-05-26,3.960667848587036
2024-05,temporal_mlp,2026,1,2024-05-26 17:00:00,2024-05-26 17:00:00,2024-05-26,3.2799243927001953
2024-05,temporal_mlp,2026,2,2024-05-26 17:00:00,2024-05-26 18:00:00,2024-05-26,3.5136208534240723
2024-05,temporal_mlp,2026,3,2024-05-26 17:00:00,2024-05-26 19:00:00,2024-05-26,4.305899620056152
2024-05,temporal_mlp,2026,6,2024-05-26 17:00:00,2024-05-26 22:00:00,2024-05-26,3.6987318992614746
2024-05,temporal_mlp,2026,1,2024-05-26 18:00:00,2024-05-26 18:00:00,2024-05-26,3.625728130340576
2024-05,temporal_mlp,2026,2,2024-05-26 18:00:00,2024-05-26 19:00:00,2024-05-26,3.970139503479004
2024-05,temporal_mlp,2026,3,2024-05-26 18:00:00,2024-05-26 20:00:00,2024-05-26,3.805753469467163
2024-05,temporal_mlp,2026,6,2024-05-26 18:00:00,2024-05-26 23:00:00,2024-05-26,4.344038486480713
2024-05,temporal_mlp,2026,1,2024-05-26 19:00:00,2024-05-26 19:00:00,2024-05-26,3.5481419563293457
2024-05,temporal_mlp,2026,2,2024-05-26 19:00:00,2024-05-26 20:00:00,2024-05-26,3.355989456176758
2024-05,temporal_mlp,2026,3,2024-05-26 19:00:00,2024-05-26 21:00:00,2024-05-26,4.061933517456055
2024-05,temporal_mlp,2026,6,2024-05-26 19:00:00,2024-05-28 00:00:00,2024-05-28,6.03257942199707
2024-05,temporal_mlp,2026,1,2024-05-26 20:00:00,2024-05-26 20:00:00,2024-05-26,3.224154233932495
2024-05,temporal_mlp,2026,2,2024-05-26 20:00:00,2024-05-26 21:00:00,2024-05-26,3.9445111751556396
2024-05,temporal_mlp,2026,3,2024-05-26 20:00:00,2024-05-26 22:00:00,2024-05-26,3.325704574584961
2024-05,temporal_mlp,2026,6,2024-05-26 20:00:00,2024-05-28 01:00:00,2024-05-28,6.429538726806641
2024-05,temporal_mlp,2026,1,2024-05-26 21:00:00,2024-05-26 21:00:00,2024-05-26,3.8732473850250244
2024-05,temporal_mlp,2026,2,2024-05-26 21:00:00,2024-05-26 22:00:00,2024-05-26,3.3684020042419434
2024-05,temporal_mlp,2026,3,2024-05-26 21:00:00,2024-05-26 23:00:00,2024-05-26,4.109480857849121
2024-05,temporal_mlp,2026,6,2024-05-26 21:00:00,2024-05-28 02:00:00,2024-05-28,5.839900016784668
2024-05,temporal_mlp,2026,1,2024-05-26 22:00:00,2024-05-26 22:00:00,2024-05-26,3.2194833755493164
2024-05,temporal_mlp,2026,2,2024-05-26 22:00:00,2024-05-26 23:00:00,2024-05-26,4.03132438659668
2024-05,temporal_mlp,2026,3,2024-05-26 22:00:00,2024-05-28 00:00:00,2024-05-28,5.956839561462402
2024-05,temporal_mlp,2026,6,2024-05-26 22:00:00,2024-05-28 03:00:00,2024-05-28,5.546221733093262
2024-05,temporal_mlp,2026,1,2024-05-26 23:00:00,2024-05-26 23:00:00,2024-05-26,3.921928882598877
2024-05,temporal_mlp,2026,2,2024-05-26 23:00:00,2024-05-28 00:00:00,2024-05-28,6.254914283752441
2024-05,temporal_mlp,2026,3,2024-05-26 23:00:00,2024-05-28 01:00:00,2024-05-28,6.442691326141357
2024-05,temporal_mlp,2026,6,2024-05-26 23:00:00,2024-05-28 04:00:00,2024-05-28,6.373885154724121
2024-05,temporal_mlp,2026,1,2024-05-28 00:00:00,2024-05-28 00:00:00,2024-05-28,6.383298873901367
2024-05,temporal_mlp,2026,2,2024-05-28 00:00:00,2024-05-28 01:00:00,2024-05-28,6.6098432540893555
2024-05,temporal_mlp,2026,3,2024-05-28 00:00:00,2024-05-28 02:00:00,2024-05-28,5.961478233337402
2024-05,temporal_mlp,2026,6,2024-05-28 00:00:00,2024-05-28 05:00:00,2024-05-28,5.382166862487793
2024-05,temporal_mlp,2026,1,2024-05-28 01:00:00,2024-05-28 01:00:00,2024-05-28,5.314580917358398
2024-05,temporal_mlp,2026,2,2024-05-28 01:00:00,2024-05-28 02:00:00,2024-05-28,5.135828971862793
2024-05,temporal_mlp,2026,3,2024-05-28 01:00:00,2024-05-28 03:00:00,2024-05-28,5.387162685394287
2024-05,temporal_mlp,2026,6,2024-05-28 01:00:00,2024-05-28 06:00:00,2024-05-28,3.7094082832336426
2024-05,temporal_mlp,2026,1,2024-05-28 02:00:00,2024-05-28 02:00:00,2024-05-28,4.651455879211426
2024-05,temporal_mlp,2026,2,2024-05-28 02:00:00,2024-05-28 03:00:00,2024-05-28,5.517570972442627
2024-05,temporal_mlp,2026,3,2024-05-28 02:00:00,2024-05-28 04:00:00,2024-05-28,5.792268753051758
2024-05,temporal_mlp,2026,6,2024-05-28 02:00:00,2024-05-28 07:00:00,2024-05-28,6.593316078186035
2024-05,temporal_mlp,2026,1,2024-05-28 03:00:00,2024-05-28 03:00:00,2024-05-28,5.966444969177246
2024-05,temporal_mlp,2026,2,2024-05-28 03:00:00,2024-05-28 04:00:00,2024-05-28,5.700477600097656
2024-05,temporal_mlp,2026,3,2024-05-28 03:00:00,2024-05-28 05:00:00,2024-05-28,5.005730628967285
2024-05,temporal_mlp,2026,6,2024-05-28 03:00:00,2024-05-28 08:00:00,2024-05-28,7.533530235290527
2024-05,temporal_mlp,2026,1,2024-05-28 04:00:00,2024-05-28 04:00:00,2024-05-28,5.931893825531006
2024-05,temporal_mlp,2026,2,2024-05-28 04:00:00,2024-05-28 05:00:00,2024-05-28,4.916799068450928
2024-05,temporal_mlp,2026,3,2024-05-28 04:00:00,2024-05-28 06:00:00,2024-05-28,3.595651388168335
2024-05,temporal_mlp,2026,6,2024-05-28 04:00:00,2024-05-28 09:00:00,2024-05-28,6.346757411956787
2024-05,temporal_mlp,2026,1,2024-05-28 05:00:00,2024-05-28 05:00:00,2024-05-28,5.031715393066406
2024-05,temporal_mlp,2026,2,2024-05-28 05:00:00,2024-05-28 06:00:00,2024-05-28,3.7099738121032715
2024-05,temporal_mlp,2026,3,2024-05-28 05:00:00,2024-05-28 07:00:00,2024-05-28,6.792929649353027
2024-05,temporal_mlp,2026,6,2024-05-28 05:00:00,2024-05-28 10:00:00,2024-05-28,4.946374893188477
2024-05,temporal_mlp,2026,1,2024-05-28 06:00:00,2024-05-28 06:00:00,2024-05-28,3.8945200443267822
2024-05,temporal_mlp,2026,2,2024-05-28 06:00:00,2024-05-28 07:00:00,2024-05-28,6.663570404052734
2024-05,temporal_mlp,2026,3,2024-05-28 06:00:00,2024-05-28 08:00:00,2024-05-28,6.417133808135986
2024-05,temporal_mlp,2026,6,2024-05-28 06:00:00,2024-05-28 11:00:00,2024-05-28,4.357803821563721
2024-05,temporal_mlp,2026,1,2024-05-28 07:00:00,2024-05-28 07:00:00,2024-05-28,6.030529975891113
2024-05,temporal_mlp,2026,2,2024-05-28 07:00:00,2024-05-28 08:00:00,2024-05-28,6.622112274169922
2024-05,temporal_mlp,2026,3,2024-05-28 07:00:00,2024-05-28 09:00:00,2024-05-28,5.518229007720947
2024-05,temporal_mlp,2026,6,2024-05-28 07:00:00,2024-05-28 12:00:00,2024-05-28,4.681212425231934
2024-05,temporal_mlp,2026,1,2024-05-28 08:00:00,2024-05-28 08:00:00,2024-05-28,5.353840351104736
2024-05,temporal_mlp,2026,2,2024-05-28 08:00:00,2024-05-28 09:00:00,2024-05-28,4.956282615661621
2024-05,temporal_mlp,2026,3,2024-05-28 08:00:00,2024-05-28 10:00:00,2024-05-28,4.038054466247559
2024-05,temporal_mlp,2026,6,2024-05-28 08:00:00,2024-05-28 13:00:00,2024-05-28,3.9927186965942383
2024-05,temporal_mlp,2026,1,2024-05-28 09:00:00,2024-05-28 09:00:00,2024-05-28,4.0861310958862305
2024-05,temporal_mlp,2026,2,2024-05-28 09:00:00,2024-05-28 10:00:00,2024-05-28,3.1555936336517334
2024-05,temporal_mlp,2026,3,2024-05-28 09:00:00,2024-05-28 11:00:00,2024-05-28,3.490358591079712
2024-05,temporal_mlp,2026,6,2024-05-28 09:00:00,2024-05-28 14:00:00,2024-05-28,4.77445650100708
2024-05,temporal_mlp,2026,1,2024-05-28 10:00:00,2024-05-28 10:00:00,2024-05-28,2.8600950241088867
2024-05,temporal_mlp,2026,2,2024-05-28 10:00:00,2024-05-28 11:00:00,2024-05-28,3.394665002822876
2024-05,temporal_mlp,2026,3,2024-05-28 10:00:00,2024-05-28 12:00:00,2024-05-28,3.5575969219207764
2024-05,temporal_mlp,2026,6,2024-05-28 10:00:00,2024-05-28 15:00:00,2024-05-28,2.8957149982452393
2024-05,temporal_mlp,2026,1,2024-05-28 11:00:00,2024-05-28 11:00:00,2024-05-28,3.360203742980957
2024-05,temporal_mlp,2026,2,2024-05-28 11:00:00,2024-05-28 12:00:00,2024-05-28,3.5555672645568848
2024-05,temporal_mlp,2026,3,2024-05-28 11:00:00,2024-05-28 13:00:00,2024-05-28,3.287482500076294
2024-05,temporal_mlp,2026,6,2024-05-28 11:00:00,2024-05-28 16:00:00,2024-05-28,3.563434600830078
2024-05,temporal_mlp,2026,1,2024-05-28 12:00:00,2024-05-28 12:00:00,2024-05-28,3.560638904571533
2024-05,temporal_mlp,2026,2,2024-05-28 12:00:00,2024-05-28 13:00:00,2024-05-28,3.247807264328003
2024-05,temporal_mlp,2026,3,2024-05-28 12:00:00,2024-05-28 14:00:00,2024-05-28,3.974574565887451
2024-05,temporal_mlp,2026,6,2024-05-28 12:00:00,2024-05-28 17:00:00,2024-05-28,4.292590141296387
2024-05,temporal_mlp,2026,1,2024-05-28 13:00:00,2024-05-28 13:00:00,2024-05-28,2.401730537414551
2024-05,temporal_mlp,2026,2,2024-05-28 13:00:00,2024-05-28 14:00:00,2024-05-28,3.210073947906494
2024-05,temporal_mlp,2026,3,2024-05-28 13:00:00,2024-05-28 15:00:00,2024-05-28,2.6500496864318848
2024-05,temporal_mlp,2026,6,2024-05-28 13:00:00,2024-05-28 18:00:00,2024-05-28,4.884502410888672
2024-05,temporal_mlp,2026,1,2024-05-28 14:00:00,2024-05-28 14:00:00,2024-05-28,2.745203971862793
2024-05,temporal_mlp,2026,2,2024-05-28 14:00:00,2024-05-28 15:00:00,2024-05-28,2.425729990005493
2024-05,temporal_mlp,2026,3,2024-05-28 14:00:00,2024-05-28 16:00:00,2024-05-28,3.4394116401672363
2024-05,temporal_mlp,2026,6,2024-05-28 14:00:00,2024-05-28 19:00:00,2024-05-28,4.418342590332031
2024-05,temporal_mlp,2026,1,2024-05-28 15:00:00,2024-05-28 15:00:00,2024-05-28,2.4207892417907715
2024-05,temporal_mlp,2026,2,2024-05-28 15:00:00,2024-05-28 16:00:00,2024-05-28,3.1043899059295654
2024-05,temporal_mlp,2026,3,2024-05-28 15:00:00,2024-05-28 17:00:00,2024-05-28,3.512561559677124
2024-05,temporal_mlp,2026,6,2024-05-28 15:00:00,2024-05-28 20:00:00,2024-05-28,3.8088793754577637
2024-05,temporal_mlp,2026,1,2024-05-28 16:00:00,2024-05-28 16:00:00,2024-05-28,3.0793652534484863
2024-05,temporal_mlp,2026,2,2024-05-28 16:00:00,2024-05-28 17:00:00,2024-05-28,3.386535882949829
2024-05,temporal_mlp,2026,3,2024-05-28 16:00:00,2024-05-28 18:00:00,2024-05-28,4.2398810386657715
2024-05,temporal_mlp,2026,6,2024-05-28 16:00:00,2024-05-28 21:00:00,2024-05-28,3.4432947635650635
2024-05,temporal_mlp,2026,1,2024-05-28 17:00:00,2024-05-28 17:00:00,2024-05-28,3.2750909328460693
2024-05,temporal_mlp,2026,2,2024-05-28 17:00:00,2024-05-28 18:00:00,2024-05-28,4.028700828552246
2024-05,temporal_mlp,2026,3,2024-05-28 17:00:00,2024-05-28 19:00:00,2024-05-28,4.129033088684082
2024-05,temporal_mlp,2026,6,2024-05-28 17:00:00,2024-05-28 22:00:00,2024-05-28,3.9353549480438232
2024-05,temporal_mlp,2026,1,2024-05-28 18:00:00,2024-05-28 18:00:00,2024-05-28,4.007680892944336
2024-05,temporal_mlp,2026,2,2024-05-28 18:00:00,2024-05-28 19:00:00,2024-05-28,3.9650962352752686
2024-05,temporal_mlp,2026,3,2024-05-28 18:00:00,2024-05-28 20:00:00,2024-05-28,3.7745933532714844
2024-05,temporal_mlp,2026,6,2024-05-28 18:00:00,2024-05-28 23:00:00,2024-05-28,3.74062180519104
2024-05,temporal_mlp,2026,1,2024-05-28 19:00:00,2024-05-28 19:00:00,2024-05-28,3.799520969390869
2024-05,temporal_mlp,2026,2,2024-05-28 19:00:00,2024-05-28 20:00:00,2024-05-28,3.9196584224700928
2024-05,temporal_mlp,2026,3,2024-05-28 19:00:00,2024-05-28 21:00:00,2024-05-28,3.9160592555999756
2024-05,temporal_mlp,2026,6,2024-05-28 19:00:00,2024-05-30 00:00:00,2024-05-30,4.44883918762207
2024-05,temporal_mlp,2026,1,2024-05-28 20:00:00,2024-05-28 20:00:00,2024-05-28,3.7891669273376465
2024-05,temporal_mlp,2026,2,2024-05-28 20:00:00,2024-05-28 21:00:00,2024-05-28,3.621039390563965
2024-05,temporal_mlp,2026,3,2024-05-28 20:00:00,2024-05-28 22:00:00,2024-05-28,3.905942678451538
2024-05,temporal_mlp,2026,6,2024-05-28 20:00:00,2024-05-30 01:00:00,2024-05-30,5.523443698883057
2024-05,temporal_mlp,2026,1,2024-05-28 21:00:00,2024-05-28 21:00:00,2024-05-28,3.2064175605773926
2024-05,temporal_mlp,2026,2,2024-05-28 21:00:00,2024-05-28 22:00:00,2024-05-28,3.560716152191162
2024-05,temporal_mlp,2026,3,2024-05-28 21:00:00,2024-05-28 23:00:00,2024-05-28,3.6411333084106445
2024-05,temporal_mlp,2026,6,2024-05-28 21:00:00,2024-05-30 02:00:00,2024-05-30,6.236330986022949
2024-05,temporal_mlp,2026,1,2024-05-28 22:00:00,2024-05-28 22:00:00,2024-05-28,3.7510147094726562
2024-05,temporal_mlp,2026,2,2024-05-28 22:00:00,2024-05-28 23:00:00,2024-05-28,3.4041526317596436
2024-05,temporal_mlp,2026,3,2024-05-28 22:00:00,2024-05-30 00:00:00,2024-05-30,3.4734601974487305
2024-05,temporal_mlp,2026,6,2024-05-28 22:00:00,2024-05-30 03:00:00,2024-05-30,6.301877021789551
2024-05,temporal_mlp,2026,1,2024-05-28 23:00:00,2024-05-28 23:00:00,2024-05-28,3.4542148113250732
2024-05,temporal_mlp,2026,2,2024-05-28 23:00:00,2024-05-30 00:00:00,2024-05-30,3.557840347290039
2024-05,temporal_mlp,2026,3,2024-05-28 23:00:00,2024-05-30 01:00:00,2024-05-30,4.752406120300293
2024-05,temporal_mlp,2026,6,2024-05-28 23:00:00,2024-05-30 04:00:00,2024-05-30,4.710380554199219
2024-05,temporal_mlp,2026,1,2024-05-30 00:00:00,2024-05-30 00:00:00,2024-05-30,3.8305137157440186
2024-05,temporal_mlp,2026,2,2024-05-30 00:00:00,2024-05-30 01:00:00,2024-05-30,4.833788871765137
2024-05,temporal_mlp,2026,3,2024-05-30 00:00:00,2024-05-30 02:00:00,2024-05-30,6.156904220581055
2024-05,temporal_mlp,2026,6,2024-05-30 00:00:00,2024-05-30 05:00:00,2024-05-30,3.8618009090423584
2024-05,temporal_mlp,2026,1,2024-05-30 01:00:00,2024-05-30 01:00:00,2024-05-30,5.07392692565918
2024-05,temporal_mlp,2026,2,2024-05-30 01:00:00,2024-05-30 02:00:00,2024-05-30,5.6910624504089355
2024-05,temporal_mlp,2026,3,2024-05-30 01:00:00,2024-05-30 03:00:00,2024-05-30,5.952435493469238
2024-05,temporal_mlp,2026,6,2024-05-30 01:00:00,2024-05-30 06:00:00,2024-05-30,3.2703182697296143
2024-05,temporal_mlp,2026,1,2024-05-30 02:00:00,2024-05-30 02:00:00,2024-05-30,5.637175559997559
2024-05,temporal_mlp,2026,2,2024-05-30 02:00:00,2024-05-30 03:00:00,2024-05-30,5.910111427307129
2024-05,temporal_mlp,2026,3,2024-05-30 02:00:00,2024-05-30 04:00:00,2024-05-30,4.369107723236084
2024-05,temporal_mlp,2026,6,2024-05-30 02:00:00,2024-05-30 07:00:00,2024-05-30,3.626878499984741
2024-05,temporal_mlp,2026,1,2024-05-30 03:00:00,2024-05-30 03:00:00,2024-05-30,6.451684951782227
2024-05,temporal_mlp,2026,2,2024-05-30 03:00:00,2024-05-30 04:00:00,2024-05-30,4.518805980682373
2024-05,temporal_mlp,2026,3,2024-05-30 03:00:00,2024-05-30 05:00:00,2024-05-30,3.6923108100891113
2024-05,temporal_mlp,2026,6,2024-05-30 03:00:00,2024-05-30 08:00:00,2024-05-30,4.134496688842773
2024-05,temporal_mlp,2026,1,2024-05-30 04:00:00,2024-05-30 04:00:00,2024-05-30,4.341884613037109
2024-05,temporal_mlp,2026,2,2024-05-30 04:00:00,2024-05-30 05:00:00,2024-05-30,3.6374709606170654
2024-05,temporal_mlp,2026,3,2024-05-30 04:00:00,2024-05-30 06:00:00,2024-05-30,3.316072463989258
2024-05,temporal_mlp,2026,6,2024-05-30 04:00:00,2024-05-30 09:00:00,2024-05-30,3.412463665008545
2024-05,temporal_mlp,2026,1,2024-05-30 05:00:00,2024-05-30 05:00:00,2024-05-30,3.4838967323303223
2024-05,temporal_mlp,2026,2,2024-05-30 05:00:00,2024-05-30 06:00:00,2024-05-30,3.4731082916259766
2024-05,temporal_mlp,2026,3,2024-05-30 05:00:00,2024-05-30 07:00:00,2024-05-30,3.265827178955078
2024-05,temporal_mlp,2026,6,2024-05-30 05:00:00,2024-05-30 10:00:00,2024-05-30,3.230161428451538
2024-05,temporal_mlp,2026,1,2024-05-30 06:00:00,2024-05-30 06:00:00,2024-05-30,4.0088653564453125
2024-05,temporal_mlp,2026,2,2024-05-30 06:00:00,2024-05-30 07:00:00,2024-05-30,3.076714038848877
2024-05,temporal_mlp,2026,3,2024-05-30 06:00:00,2024-05-30 08:00:00,2024-05-30,3.961658477783203
2024-05,temporal_mlp,2026,6,2024-05-30 06:00:00,2024-05-30 11:00:00,2024-05-30,2.900073766708374
2024-05,temporal_mlp,2026,1,2024-05-30 07:00:00,2024-05-30 07:00:00,2024-05-30,3.4956910610198975
2024-05,temporal_mlp,2026,2,2024-05-30 07:00:00,2024-05-30 08:00:00,2024-05-30,3.9400839805603027
2024-05,temporal_mlp,2026,3,2024-05-30 07:00:00,2024-05-30 09:00:00,2024-05-30,3.3399953842163086
2024-05,temporal_mlp,2026,6,2024-05-30 07:00:00,2024-05-30 12:00:00,2024-05-30,2.7965874671936035
2024-05,temporal_mlp,2026,1,2024-05-30 08:00:00,2024-05-30 08:00:00,2024-05-30,4.093743801116943
2024-05,temporal_mlp,2026,2,2024-05-30 08:00:00,2024-05-30 09:00:00,2024-05-30,3.374025344848633
2024-05,temporal_mlp,2026,3,2024-05-30 08:00:00,2024-05-30 10:00:00,2024-05-30,3.0724501609802246
2024-05,temporal_mlp,2026,6,2024-05-30 08:00:00,2024-05-30 13:00:00,2024-05-30,2.514885902404785
2024-05,temporal_mlp,2026,1,2024-05-30 09:00:00,2024-05-30 09:00:00,2024-05-30,3.4032142162323
2024-05,temporal_mlp,2026,2,2024-05-30 09:00:00,2024-05-30 10:00:00,2024-05-30,2.8634159564971924
2024-05,temporal_mlp,2026,3,2024-05-30 09:00:00,2024-05-30 11:00:00,2024-05-30,2.4710466861724854
2024-05,temporal_mlp,2026,6,2024-05-30 09:00:00,2024-05-30 14:00:00,2024-05-30,2.7371041774749756
2024-05,temporal_mlp,2026,1,2024-05-30 10:00:00,2024-05-30 10:00:00,2024-05-30,2.9781179428100586
2024-05,temporal_mlp,2026,2,2024-05-30 10:00:00,2024-05-30 11:00:00,2024-05-30,2.4281504154205322
2024-05,temporal_mlp,2026,3,2024-05-30 10:00:00,2024-05-30 12:00:00,2024-05-30,2.9048900604248047
2024-05,temporal_mlp,2026,6,2024-05-30 10:00:00,2024-05-30 15:00:00,2024-05-30,3.382636070251465
2024-05,temporal_mlp,2026,1,2024-05-30 11:00:00,2024-05-30 11:00:00,2024-05-30,2.8932342529296875
2024-05,temporal_mlp,2026,2,2024-05-30 11:00:00,2024-05-30 12:00:00,2024-05-30,2.899380922317505
2024-05,temporal_mlp,2026,3,2024-05-30 11:00:00,2024-05-30 13:00:00,2024-05-30,2.95658802986145
2024-05,temporal_mlp,2026,6,2024-05-30 11:00:00,2024-05-30 16:00:00,2024-05-30,2.873723030090332
2024-05,temporal_mlp,2026,1,2024-05-30 12:00:00,2024-05-30 12:00:00,2024-05-30,3.2962396144866943
2024-05,temporal_mlp,2026,2,2024-05-30 12:00:00,2024-05-30 13:00:00,2024-05-30,2.840247631072998
2024-05,temporal_mlp,2026,3,2024-05-30 12:00:00,2024-05-30 14:00:00,2024-05-30,2.7791318893432617
2024-05,temporal_mlp,2026,6,2024-05-30 12:00:00,2024-05-30 17:00:00,2024-05-30,3.240231990814209
2024-05,temporal_mlp,2026,1,2024-05-30 13:00:00,2024-05-30 13:00:00,2024-05-30,3.095073938369751
2024-05,temporal_mlp,2026,2,2024-05-30 13:00:00,2024-05-30 14:00:00,2024-05-30,2.7750282287597656
2024-05,temporal_mlp,2026,3,2024-05-30 13:00:00,2024-05-30 15:00:00,2024-05-30,3.2912888526916504
2024-05,temporal_mlp,2026,6,2024-05-30 13:00:00,2024-05-30 18:00:00,2024-05-30,4.668118476867676
2024-05,temporal_mlp,2026,1,2024-05-30 14:00:00,2024-05-30 14:00:00,2024-05-30,3.0946686267852783
2024-05,temporal_mlp,2026,2,2024-05-30 14:00:00,2024-05-30 15:00:00,2024-05-30,3.4131319522857666
2024-05,temporal_mlp,2026,3,2024-05-30 14:00:00,2024-05-30 16:00:00,2024-05-30,2.918203592300415
2024-05,temporal_mlp,2026,6,2024-05-30 14:00:00,2024-05-30 19:00:00,2024-05-30,3.6032707691192627
2024-05,temporal_mlp,2026,1,2024-05-30 15:00:00,2024-05-30 15:00:00,2024-05-30,3.6661205291748047
2024-05,temporal_mlp,2026,2,2024-05-30 15:00:00,2024-05-30 16:00:00,2024-05-30,2.9689126014709473
2024-05,temporal_mlp,2026,3,2024-05-30 15:00:00,2024-05-30 17:00:00,2024-05-30,3.5425899028778076
2024-05,temporal_mlp,2026,6,2024-05-30 15:00:00,2024-05-30 20:00:00,2024-05-30,3.2998225688934326
2024-05,temporal_mlp,2026,1,2024-05-30 16:00:00,2024-05-30 16:00:00,2024-05-30,2.8677897453308105
2024-05,temporal_mlp,2026,2,2024-05-30 16:00:00,2024-05-30 17:00:00,2024-05-30,3.3292741775512695
2024-05,temporal_mlp,2026,3,2024-05-30 16:00:00,2024-05-30 18:00:00,2024-05-30,4.5774407386779785
2024-05,temporal_mlp,2026,6,2024-05-30 16:00:00,2024-05-30 21:00:00,2024-05-30,3.7317938804626465
2024-05,temporal_mlp,2026,1,2024-05-30 17:00:00,2024-05-30 17:00:00,2024-05-30,3.4946770668029785
2024-05,temporal_mlp,2026,2,2024-05-30 17:00:00,2024-05-30 18:00:00,2024-05-30,4.672184944152832
2024-05,temporal_mlp,2026,3,2024-05-30 17:00:00,2024-05-30 19:00:00,2024-05-30,3.513136863708496
2024-05,temporal_mlp,2026,6,2024-05-30 17:00:00,2024-05-30 22:00:00,2024-05-30,2.85330867767334
2024-05,temporal_mlp,2026,1,2024-05-30 18:00:00,2024-05-30 18:00:00,2024-05-30,4.399051666259766
2024-05,temporal_mlp,2026,2,2024-05-30 18:00:00,2024-05-30 19:00:00,2024-05-30,3.2268216609954834
2024-05,temporal_mlp,2026,3,2024-05-30 18:00:00,2024-05-30 20:00:00,2024-05-30,3.4024765491485596
2024-05,temporal_mlp,2026,6,2024-05-30 18:00:00,2024-05-30 23:00:00,2024-05-30,2.7886626720428467
2024-05,temporal_mlp,2026,1,2024-05-30 19:00:00,2024-05-30 19:00:00,2024-05-30,3.3768105506896973
2024-05,temporal_mlp,2026,2,2024-05-30 19:00:00,2024-05-30 20:00:00,2024-05-30,3.665555000305176
2024-05,temporal_mlp,2026,3,2024-05-30 19:00:00,2024-05-30 21:00:00,2024-05-30,4.045584678649902
2024-05,temporal_mlp,2026,6,2024-05-30 19:00:00,2024-05-31 00:00:00,2024-05-31,4.301778316497803
2024-05,temporal_mlp,2026,1,2024-05-30 20:00:00,2024-05-30 20:00:00,2024-05-30,3.4160194396972656
2024-05,temporal_mlp,2026,2,2024-05-30 20:00:00,2024-05-30 21:00:00,2024-05-30,3.6837708950042725
2024-05,temporal_mlp,2026,3,2024-05-30 20:00:00,2024-05-30 22:00:00,2024-05-30,2.538383722305298
2024-05,temporal_mlp,2026,6,2024-05-30 20:00:00,2024-05-31 01:00:00,2024-05-31,3.619152069091797
2024-05,temporal_mlp,2026,1,2024-05-30 21:00:00,2024-05-30 21:00:00,2024-05-30,3.737398386001587
2024-05,temporal_mlp,2026,2,2024-05-30 21:00:00,2024-05-30 22:00:00,2024-05-30,2.54115629196167
2024-05,temporal_mlp,2026,3,2024-05-30 21:00:00,2024-05-30 23:00:00,2024-05-30,2.6699435710906982
2024-05,temporal_mlp,2026,6,2024-05-30 21:00:00,2024-05-31 02:00:00,2024-05-31,4.43993616104126
2024-05,temporal_mlp,2026,1,2024-05-30 22:00:00,2024-05-30 22:00:00,2024-05-30,2.7012195587158203
2024-05,temporal_mlp,2026,2,2024-05-30 22:00:00,2024-05-30 23:00:00,2024-05-30,2.634676933288574
2024-05,temporal_mlp,2026,3,2024-05-30 22:00:00,2024-05-31 00:00:00,2024-05-31,3.9568798542022705
2024-05,temporal_mlp,2026,6,2024-05-30 22:00:00,2024-05-31 03:00:00,2024-05-31,4.781515598297119
2024-05,temporal_mlp,2026,1,2024-05-30 23:00:00,2024-05-30 23:00:00,2024-05-30,2.8736166954040527
2024-05,temporal_mlp,2026,2,2024-05-30 23:00:00,2024-05-31 00:00:00,2024-05-31,4.212315082550049
2024-05,temporal_mlp,2026,3,2024-05-30 23:00:00,2024-05-31 01:00:00,2024-05-31,3.6488451957702637
2024-05,temporal_mlp,2026,6,2024-05-30 23:00:00,2024-05-31 04:00:00,2024-05-31,4.81446647644043
2024-05,temporal_mlp,2026,1,2024-05-31 00:00:00,2024-05-31 00:00:00,2024-05-31,4.206243991851807
2024-05,temporal_mlp,2026,2,2024-05-31 00:00:00,2024-05-31 01:00:00,2024-05-31,3.63175892829895
2024-05,temporal_mlp,2026,3,2024-05-31 00:00:00,2024-05-31 02:00:00,2024-05-31,4.527580261230469
2024-05,temporal_mlp,2026,6,2024-05-31 00:00:00,2024-05-31 05:00:00,2024-05-31,3.55267333984375
2024-05,temporal_mlp,2026,1,2024-05-31 01:00:00,2024-05-31 01:00:00,2024-05-31,3.562856674194336
2024-05,temporal_mlp,2026,2,2024-05-31 01:00:00,2024-05-31 02:00:00,2024-05-31,4.4491071701049805
2024-05,temporal_mlp,2026,3,2024-05-31 01:00:00,2024-05-31 03:00:00,2024-05-31,4.98813533782959
2024-05,temporal_mlp,2026,6,2024-05-31 01:00:00,2024-05-31 06:00:00,2024-05-31,3.471604347229004
2024-05,temporal_mlp,2026,1,2024-05-31 02:00:00,2024-05-31 02:00:00,2024-05-31,4.413840293884277
2024-05,temporal_mlp,2026,2,2024-05-31 02:00:00,2024-05-31 03:00:00,2024-05-31,4.696016311645508
2024-05,temporal_mlp,2026,3,2024-05-31 02:00:00,2024-05-31 04:00:00,2024-05-31,4.83188533782959
2024-05,temporal_mlp,2026,6,2024-05-31 02:00:00,2024-05-31 07:00:00,2024-05-31,4.0845465660095215
2024-05,temporal_mlp,2026,1,2024-05-31 03:00:00,2024-05-31 03:00:00,2024-05-31,4.793400764465332
2024-05,temporal_mlp,2026,2,2024-05-31 03:00:00,2024-05-31 04:00:00,2024-05-31,4.654971122741699
2024-05,temporal_mlp,2026,3,2024-05-31 03:00:00,2024-05-31 05:00:00,2024-05-31,3.9031078815460205
2024-05,temporal_mlp,2026,6,2024-05-31 03:00:00,2024-05-31 08:00:00,2024-05-31,5.89339017868042
2024-05,temporal_mlp,2026,1,2024-05-31 04:00:00,2024-05-31 04:00:00,2024-05-31,4.640480041503906
2024-05,temporal_mlp,2026,2,2024-05-31 04:00:00,2024-05-31 05:00:00,2024-05-31,3.6082582473754883
2024-05,temporal_mlp,2026,3,2024-05-31 04:00:00,2024-05-31 06:00:00,2024-05-31,3.611809730529785
2024-05,temporal_mlp,2026,6,2024-05-31 04:00:00,2024-05-31 09:00:00,2024-05-31,2.8834290504455566
2024-05,temporal_mlp,2026,1,2024-05-31 05:00:00,2024-05-31 05:00:00,2024-05-31,3.7497451305389404
2024-05,temporal_mlp,2026,2,2024-05-31 05:00:00,2024-05-31 06:00:00,2024-05-31,3.335017204284668
2024-05,temporal_mlp,2026,3,2024-05-31 05:00:00,2024-05-31 07:00:00,2024-05-31,4.26242208480835
2024-05,temporal_mlp,2026,6,2024-05-31 05:00:00,2024-05-31 10:00:00,2024-05-31,3.2161972522735596
2024-05,temporal_mlp,2026,1,2024-05-31 06:00:00,2024-05-31 06:00:00,2024-05-31,3.1748404502868652
2024-05,temporal_mlp,2026,2,2024-05-31 06:00:00,2024-05-31 07:00:00,2024-05-31,3.4699320793151855
2024-05,temporal_mlp,2026,3,2024-05-31 06:00:00,2024-05-31 08:00:00,2024-05-31,5.24033260345459
2024-05,temporal_mlp,2026,6,2024-05-31 06:00:00,2024-05-31 11:00:00,2024-05-31,2.2364747524261475
2024-05,temporal_mlp,2026,1,2024-05-31 07:00:00,2024-05-31 07:00:00,2024-05-31,3.068418502807617
2024-05,temporal_mlp,2026,2,2024-05-31 07:00:00,2024-05-31 08:00:00,2024-05-31,4.919615745544434
2024-05,temporal_mlp,2026,3,2024-05-31 07:00:00,2024-05-31 09:00:00,2024-05-31,3.0962295532226562
2024-05,temporal_mlp,2026,6,2024-05-31 07:00:00,2024-05-31 12:00:00,2024-05-31,2.2596311569213867
2024-05,temporal_mlp,2026,1,2024-05-31 08:00:00,2024-05-31 08:00:00,2024-05-31,4.653746128082275
2024-05,temporal_mlp,2026,2,2024-05-31 08:00:00,2024-05-31 09:00:00,2024-05-31,3.2145071029663086
2024-05,temporal_mlp,2026,3,2024-05-31 08:00:00,2024-05-31 10:00:00,2024-05-31,3.11173152923584
2024-05,temporal_mlp,2026,6,2024-05-31 08:00:00,2024-05-31 13:00:00,2024-05-31,2.7805747985839844
2024-05,temporal_mlp,2026,1,2024-05-31 09:00:00,2024-05-31 09:00:00,2024-05-31,3.0588996410369873
2024-05,temporal_mlp,2026,2,2024-05-31 09:00:00,2024-05-31 10:00:00,2024-05-31,3.290519952774048
2024-05,temporal_mlp,2026,3,2024-05-31 09:00:00,2024-05-31 11:00:00,2024-05-31,2.552757740020752
2024-05,temporal_mlp,2026,6,2024-05-31 09:00:00,2024-05-31 14:00:00,2024-05-31,2.7918968200683594
2024-05,temporal_mlp,2026,1,2024-05-31 10:00:00,2024-05-31 10:00:00,2024-05-31,3.1559464931488037
2024-05,temporal_mlp,2026,2,2024-05-31 10:00:00,2024-05-31 11:00:00,2024-05-31,2.287646532058716
2024-05,temporal_mlp,2026,3,2024-05-31 10:00:00,2024-05-31 12:00:00,2024-05-31,2.2087562084198
2024-05,temporal_mlp,2026,6,2024-05-31 10:00:00,2024-05-31 15:00:00,2024-05-31,2.6895663738250732
2024-05,temporal_mlp,2026,1,2024-05-31 11:00:00,2024-05-31 11:00:00,2024-05-31,2.15573787689209
2024-05,temporal_mlp,2026,2,2024-05-31 11:00:00,2024-05-31 12:00:00,2024-05-31,2.1248209476470947
2024-05,temporal_mlp,2026,3,2024-05-31 11:00:00,2024-05-31 13:00:00,2024-05-31,2.8581342697143555
2024-05,temporal_mlp,2026,6,2024-05-31 11:00:00,2024-05-31 16:00:00,2024-05-31,2.7089290618896484
2024-05,temporal_mlp,2026,1,2024-05-31 12:00:00,2024-05-31 12:00:00,2024-05-31,2.0975303649902344
2024-05,temporal_mlp,2026,2,2024-05-31 12:00:00,2024-05-31 13:00:00,2024-05-31,2.796427011489868
2024-05,temporal_mlp,2026,3,2024-05-31 12:00:00,2024-05-31 14:00:00,2024-05-31,2.4970433712005615
2024-05,temporal_mlp,2026,6,2024-05-31 12:00:00,2024-05-31 17:00:00,2024-05-31,3.879279613494873
2024-05,temporal_mlp,2026,1,2024-05-31 13:00:00,2024-05-31 13:00:00,2024-05-31,2.835488796234131
2024-05,temporal_mlp,2026,2,2024-05-31 13:00:00,2024-05-31 14:00:00,2024-05-31,2.5946993827819824
2024-05,temporal_mlp,2026,3,2024-05-31 13:00:00,2024-05-31 15:00:00,2024-05-31,2.4372541904449463
2024-05,temporal_mlp,2026,6,2024-05-31 13:00:00,2024-05-31 18:00:00,2024-05-31,5.353885650634766
2024-05,temporal_mlp,2026,1,2024-05-31 14:00:00,2024-05-31 14:00:00,2024-05-31,2.4380533695220947
2024-05,temporal_mlp,2026,2,2024-05-31 14:00:00,2024-05-31 15:00:00,2024-05-31,2.5287985801696777
2024-05,temporal_mlp,2026,3,2024-05-31 14:00:00,2024-05-31 16:00:00,2024-05-31,2.6050539016723633
2024-05,temporal_mlp,2026,6,2024-05-31 14:00:00,2024-05-31 19:00:00,2024-05-31,4.693741798400879
2024-05,temporal_mlp,2026,1,2024-05-31 15:00:00,2024-05-31 15:00:00,2024-05-31,2.6020474433898926
2024-05,temporal_mlp,2026,2,2024-05-31 15:00:00,2024-05-31 16:00:00,2024-05-31,2.7372071743011475
2024-05,temporal_mlp,2026,3,2024-05-31 15:00:00,2024-05-31 17:00:00,2024-05-31,3.922640323638916
2024-05,temporal_mlp,2026,6,2024-05-31 15:00:00,2024-05-31 20:00:00,2024-05-31,4.759056091308594
2024-05,temporal_mlp,2026,1,2024-05-31 16:00:00,2024-05-31 16:00:00,2024-05-31,2.3274245262145996
2024-05,temporal_mlp,2026,2,2024-05-31 16:00:00,2024-05-31 17:00:00,2024-05-31,3.704336404800415
2024-05,temporal_mlp,2026,3,2024-05-31 16:00:00,2024-05-31 18:00:00,2024-05-31,5.345823287963867
2024-05,temporal_mlp,2026,6,2024-05-31 16:00:00,2024-05-31 21:00:00,2024-05-31,3.25140380859375
2024-05,temporal_mlp,2026,1,2024-05-31 17:00:00,2024-05-31 17:00:00,2024-05-31,3.505981206893921
2024-05,temporal_mlp,2026,2,2024-05-31 17:00:00,2024-05-31 18:00:00,2024-05-31,5.114838123321533
2024-05,temporal_mlp,2026,3,2024-05-31 17:00:00,2024-05-31 19:00:00,2024-05-31,4.340880393981934
2024-05,temporal_mlp,2026,6,2024-05-31 17:00:00,2024-05-31 22:00:00,2024-05-31,3.3465213775634766
2024-05,dgt_identity_adaptive,2026,1,2024-05-25 15:00:00,2024-05-25 15:00:00,2024-05-25,2.4514336585998535
2024-05,dgt_identity_adaptive,2026,2,2024-05-25 15:00:00,2024-05-25 16:00:00,2024-05-25,2.844294309616089
2024-05,dgt_identity_adaptive,2026,3,2024-05-25 15:00:00,2024-05-25 17:00:00,2024-05-25,2.6344733238220215
2024-05,dgt_identity_adaptive,2026,6,2024-05-25 15:00:00,2024-05-25 20:00:00,2024-05-25,2.907390832901001
2024-05,dgt_identity_adaptive,2026,1,2024-05-25 16:00:00,2024-05-25 16:00:00,2024-05-25,2.5412845611572266
2024-05,dgt_identity_adaptive,2026,2,2024-05-25 16:00:00,2024-05-25 17:00:00,2024-05-25,2.7217564582824707
2024-05,dgt_identity_adaptive,2026,3,2024-05-25 16:00:00,2024-05-25 18:00:00,2024-05-25,3.851672887802124
2024-05,dgt_identity_adaptive,2026,6,2024-05-25 16:00:00,2024-05-25 21:00:00,2024-05-25,3.1316018104553223
2024-05,dgt_identity_adaptive,2026,1,2024-05-25 17:00:00,2024-05-25 17:00:00,2024-05-25,2.172656297683716
2024-05,dgt_identity_adaptive,2026,2,2024-05-25 17:00:00,2024-05-25 18:00:00,2024-05-25,4.069425582885742
2024-05,dgt_identity_adaptive,2026,3,2024-05-25 17:00:00,2024-05-25 19:00:00,2024-05-25,3.9404468536376953
2024-05,dgt_identity_adaptive,2026,6,2024-05-25 17:00:00,2024-05-25 22:00:00,2024-05-25,3.8106577396392822
2024-05,dgt_identity_adaptive,2026,1,2024-05-25 18:00:00,2024-05-25 18:00:00,2024-05-25,4.0920515060424805
2024-05,dgt_identity_adaptive,2026,2,2024-05-25 18:00:00,2024-05-25 19:00:00,2024-05-25,3.96479868888855
2024-05,dgt_identity_adaptive,2026,3,2024-05-25 18:00:00,2024-05-25 20:00:00,2024-05-25,3.142989158630371
2024-05,dgt_identity_adaptive,2026,6,2024-05-25 18:00:00,2024-05-25 23:00:00,2024-05-25,3.8765640258789062
2024-05,dgt_identity_adaptive,2026,1,2024-05-25 19:00:00,2024-05-25 19:00:00,2024-05-25,3.7829818725585938
2024-05,dgt_identity_adaptive,2026,2,2024-05-25 19:00:00,2024-05-25 20:00:00,2024-05-25,2.677867889404297
2024-05,dgt_identity_adaptive,2026,3,2024-05-25 19:00:00,2024-05-25 21:00:00,2024-05-25,3.6162126064300537
2024-05,dgt_identity_adaptive,2026,6,2024-05-25 19:00:00,2024-05-26 00:00:00,2024-05-26,4.908634185791016
2024-05,dgt_identity_adaptive,2026,1,2024-05-25 20:00:00,2024-05-25 20:00:00,2024-05-25,2.231309413909912
2024-05,dgt_identity_adaptive,2026,2,2024-05-25 20:00:00,2024-05-25 21:00:00,2024-05-25,3.5848593711853027
2024-05,dgt_identity_adaptive,2026,3,2024-05-25 20:00:00,2024-05-25 22:00:00,2024-05-25,3.325373649597168
2024-05,dgt_identity_adaptive,2026,6,2024-05-25 20:00:00,2024-05-26 01:00:00,2024-05-26,6.075706481933594
2024-05,dgt_identity_adaptive,2026,1,2024-05-25 21:00:00,2024-05-25 21:00:00,2024-05-25,3.213864803314209
2024-05,dgt_identity_adaptive,2026,2,2024-05-25 21:00:00,2024-05-25 22:00:00,2024-05-25,3.340111255645752
2024-05,dgt_identity_adaptive,2026,3,2024-05-25 21:00:00,2024-05-25 23:00:00,2024-05-25,3.876765727996826
2024-05,dgt_identity_adaptive,2026,6,2024-05-25 21:00:00,2024-05-26 02:00:00,2024-05-26,5.763125896453857
2024-05,dgt_identity_adaptive,2026,1,2024-05-25 22:00:00,2024-05-25 22:00:00,2024-05-25,2.9361958503723145
2024-05,dgt_identity_adaptive,2026,2,2024-05-25 22:00:00,2024-05-25 23:00:00,2024-05-25,3.8551578521728516
2024-05,dgt_identity_adaptive,2026,3,2024-05-25 22:00:00,2024-05-26 00:00:00,2024-05-26,4.1663103103637695
2024-05,dgt_identity_adaptive,2026,6,2024-05-25 22:00:00,2024-05-26 03:00:00,2024-05-26,6.798844337463379
2024-05,dgt_identity_adaptive,2026,1,2024-05-25 23:00:00,2024-05-25 23:00:00,2024-05-25,4.018993377685547
2024-05,dgt_identity_adaptive,2026,2,2024-05-25 23:00:00,2024-05-26 00:00:00,2024-05-26,4.303671836853027
2024-05,dgt_identity_adaptive,2026,3,2024-05-25 23:00:00,2024-05-26 01:00:00,2024-05-26,6.968570709228516
2024-05,dgt_identity_adaptive,2026,6,2024-05-25 23:00:00,2024-05-26 04:00:00,2024-05-26,5.1788177490234375
2024-05,dgt_identity_adaptive,2026,1,2024-05-26 00:00:00,2024-05-26 00:00:00,2024-05-26,4.431125164031982
2024-05,dgt_identity_adaptive,2026,2,2024-05-26 00:00:00,2024-05-26 01:00:00,2024-05-26,6.514501571655273
2024-05,dgt_identity_adaptive,2026,3,2024-05-26 00:00:00,2024-05-26 02:00:00,2024-05-26,5.5949602127075195
2024-05,dgt_identity_adaptive,2026,6,2024-05-26 00:00:00,2024-05-26 05:00:00,2024-05-26,5.120434761047363
2024-05,dgt_identity_adaptive,2026,1,2024-05-26 01:00:00,2024-05-26 01:00:00,2024-05-26,6.582111358642578
2024-05,dgt_identity_adaptive,2026,2,2024-05-26 01:00:00,2024-05-26 02:00:00,2024-05-26,5.432405471801758
2024-05,dgt_identity_adaptive,2026,3,2024-05-26 01:00:00,2024-05-26 03:00:00,2024-05-26,6.729953765869141
2024-05,dgt_identity_adaptive,2026,6,2024-05-26 01:00:00,2024-05-26 06:00:00,2024-05-26,4.064363479614258
2024-05,dgt_identity_adaptive,2026,1,2024-05-26 02:00:00,2024-05-26 02:00:00,2024-05-26,5.767247200012207
2024-05,dgt_identity_adaptive,2026,2,2024-05-26 02:00:00,2024-05-26 03:00:00,2024-05-26,6.993656158447266
2024-05,dgt_identity_adaptive,2026,3,2024-05-26 02:00:00,2024-05-26 04:00:00,2024-05-26,5.376956939697266
2024-05,dgt_identity_adaptive,2026,6,2024-05-26 02:00:00,2024-05-26 07:00:00,2024-05-26,3.8930516242980957
2024-05,dgt_identity_adaptive,2026,1,2024-05-26 03:00:00,2024-05-26 03:00:00,2024-05-26,6.884042739868164
2024-05,dgt_identity_adaptive,2026,2,2024-05-26 03:00:00,2024-05-26 04:00:00,2024-05-26,4.815189838409424
2024-05,dgt_identity_adaptive,2026,3,2024-05-26 03:00:00,2024-05-26 05:00:00,2024-05-26,5.463288307189941
2024-05,dgt_identity_adaptive,2026,6,2024-05-26 03:00:00,2024-05-26 08:00:00,2024-05-26,2.936056137084961
2024-05,dgt_identity_adaptive,2026,1,2024-05-26 04:00:00,2024-05-26 04:00:00,2024-05-26,5.17966365814209
2024-05,dgt_identity_adaptive,2026,2,2024-05-26 04:00:00,2024-05-26 05:00:00,2024-05-26,5.1930999755859375
2024-05,dgt_identity_adaptive,2026,3,2024-05-26 04:00:00,2024-05-26 06:00:00,2024-05-26,4.323237895965576
2024-05,dgt_identity_adaptive,2026,6,2024-05-26 04:00:00,2024-05-26 09:00:00,2024-05-26,4.168578147888184
2024-05,dgt_identity_adaptive,2026,1,2024-05-26 05:00:00,2024-05-26 05:00:00,2024-05-26,5.191875457763672
2024-05,dgt_identity_adaptive,2026,2,2024-05-26 05:00:00,2024-05-26 06:00:00,2024-05-26,3.835076332092285
2024-05,dgt_identity_adaptive,2026,3,2024-05-26 05:00:00,2024-05-26 07:00:00,2024-05-26,4.426156997680664
2024-05,dgt_identity_adaptive,2026,6,2024-05-26 05:00:00,2024-05-26 10:00:00,2024-05-26,4.759483337402344
2024-05,dgt_identity_adaptive,2026,1,2024-05-26 06:00:00,2024-05-26 06:00:00,2024-05-26,4.1568145751953125
2024-05,dgt_identity_adaptive,2026,2,2024-05-26 06:00:00,2024-05-26 07:00:00,2024-05-26,3.778913736343384
2024-05,dgt_identity_adaptive,2026,3,2024-05-26 06:00:00,2024-05-26 08:00:00,2024-05-26,3.3975651264190674
2024-05,dgt_identity_adaptive,2026,6,2024-05-26 06:00:00,2024-05-26 11:00:00,2024-05-26,3.7885985374450684
2024-05,dgt_identity_adaptive,2026,1,2024-05-26 07:00:00,2024-05-26 07:00:00,2024-05-26,3.4190781116485596
2024-05,dgt_identity_adaptive,2026,2,2024-05-26 07:00:00,2024-05-26 08:00:00,2024-05-26,3.1264305114746094
2024-05,dgt_identity_adaptive,2026,3,2024-05-26 07:00:00,2024-05-26 09:00:00,2024-05-26,4.095443248748779
2024-05,dgt_identity_adaptive,2026,6,2024-05-26 07:00:00,2024-05-26 12:00:00,2024-05-26,4.601025104522705
2024-05,dgt_identity_adaptive,2026,1,2024-05-26 08:00:00,2024-05-26 08:00:00,2024-05-26,2.92154860496521
2024-05,dgt_identity_adaptive,2026,2,2024-05-26 08:00:00,2024-05-26 09:00:00,2024-05-26,4.393679618835449
2024-05,dgt_identity_adaptive,2026,3,2024-05-26 08:00:00,2024-05-26 10:00:00,2024-05-26,4.779838562011719
2024-05,dgt_identity_adaptive,2026,6,2024-05-26 08:00:00,2024-05-26 13:00:00,2024-05-26,3.8472583293914795
2024-05,dgt_identity_adaptive,2026,1,2024-05-26 09:00:00,2024-05-26 09:00:00,2024-05-26,3.869584083557129
2024-05,dgt_identity_adaptive,2026,2,2024-05-26 09:00:00,2024-05-26 10:00:00,2024-05-26,4.290194511413574
2024-05,dgt_identity_adaptive,2026,3,2024-05-26 09:00:00,2024-05-26 11:00:00,2024-05-26,3.8157296180725098
2024-05,dgt_identity_adaptive,2026,6,2024-05-26 09:00:00,2024-05-26 14:00:00,2024-05-26,2.8548624515533447
2024-05,dgt_identity_adaptive,2026,1,2024-05-26 10:00:00,2024-05-26 10:00:00,2024-05-26,3.8775205612182617
2024-05,dgt_identity_adaptive,2026,2,2024-05-26 10:00:00,2024-05-26 11:00:00,2024-05-26,3.4802157878875732
2024-05,dgt_identity_adaptive,2026,3,2024-05-26 10:00:00,2024-05-26 12:00:00,2024-05-26,4.325557231903076
2024-05,dgt_identity_adaptive,2026,6,2024-05-26 10:00:00,2024-05-26 15:00:00,2024-05-26,3.776137351989746
2024-05,dgt_identity_adaptive,2026,1,2024-05-26 11:00:00,2024-05-26 11:00:00,2024-05-26,3.082948684692383
2024-05,dgt_identity_adaptive,2026,2,2024-05-26 11:00:00,2024-05-26 12:00:00,2024-05-26,3.663118600845337
2024-05,dgt_identity_adaptive,2026,3,2024-05-26 11:00:00,2024-05-26 13:00:00,2024-05-26,4.385858535766602
2024-05,dgt_identity_adaptive,2026,6,2024-05-26 11:00:00,2024-05-26 16:00:00,2024-05-26,4.787114143371582
2024-05,dgt_identity_adaptive,2026,1,2024-05-26 12:00:00,2024-05-26 12:00:00,2024-05-26,3.633150577545166
2024-05,dgt_identity_adaptive,2026,2,2024-05-26 12:00:00,2024-05-26 13:00:00,2024-05-26,3.9731695652008057
2024-05,dgt_identity_adaptive,2026,3,2024-05-26 12:00:00,2024-05-26 14:00:00,2024-05-26,3.502896785736084
2024-05,dgt_identity_adaptive,2026,6,2024-05-26 12:00:00,2024-05-26 17:00:00,2024-05-26,4.427128791809082
2024-05,dgt_identity_adaptive,2026,1,2024-05-26 13:00:00,2024-05-26 13:00:00,2024-05-26,3.620934247970581
2024-05,dgt_identity_adaptive,2026,2,2024-05-26 13:00:00,2024-05-26 14:00:00,2024-05-26,2.998072624206543
2024-05,dgt_identity_adaptive,2026,3,2024-05-26 13:00:00,2024-05-26 15:00:00,2024-05-26,3.814605474472046
2024-05,dgt_identity_adaptive,2026,6,2024-05-26 13:00:00,2024-05-26 18:00:00,2024-05-26,4.331996917724609
2024-05,dgt_identity_adaptive,2026,1,2024-05-26 14:00:00,2024-05-26 14:00:00,2024-05-26,2.8012964725494385
2024-05,dgt_identity_adaptive,2026,2,2024-05-26 14:00:00,2024-05-26 15:00:00,2024-05-26,3.5499510765075684
2024-05,dgt_identity_adaptive,2026,3,2024-05-26 14:00:00,2024-05-26 16:00:00,2024-05-26,4.652997016906738
2024-05,dgt_identity_adaptive,2026,6,2024-05-26 14:00:00,2024-05-26 19:00:00,2024-05-26,4.174654006958008
2024-05,dgt_identity_adaptive,2026,1,2024-05-26 15:00:00,2024-05-26 15:00:00,2024-05-26,3.4552221298217773
2024-05,dgt_identity_adaptive,2026,2,2024-05-26 15:00:00,2024-05-26 16:00:00,2024-05-26,4.238404273986816
2024-05,dgt_identity_adaptive,2026,3,2024-05-26 15:00:00,2024-05-26 17:00:00,2024-05-26,3.8345460891723633
2024-05,dgt_identity_adaptive,2026,6,2024-05-26 15:00:00,2024-05-26 20:00:00,2024-05-26,4.107407569885254
2024-05,dgt_identity_adaptive,2026,1,2024-05-26 16:00:00,2024-05-26 16:00:00,2024-05-26,3.5816307067871094
2024-05,dgt_identity_adaptive,2026,2,2024-05-26 16:00:00,2024-05-26 17:00:00,2024-05-26,3.1409945487976074
2024-05,dgt_identity_adaptive,2026,3,2024-05-26 16:00:00,2024-05-26 18:00:00,2024-05-26,3.765254497528076
2024-05,dgt_identity_adaptive,2026,6,2024-05-26 16:00:00,2024-05-26 21:00:00,2024-05-26,3.2871296405792236
2024-05,dgt_identity_adaptive,2026,1,2024-05-26 17:00:00,2024-05-26 17:00:00,2024-05-26,2.820988655090332
2024-05,dgt_identity_adaptive,2026,2,2024-05-26 17:00:00,2024-05-26 18:00:00,2024-05-26,3.2952051162719727
2024-05,dgt_identity_adaptive,2026,3,2024-05-26 17:00:00,2024-05-26 19:00:00,2024-05-26,3.7533950805664062
2024-05,dgt_identity_adaptive,2026,6,2024-05-26 17:00:00,2024-05-26 22:00:00,2024-05-26,3.740920305252075
2024-05,dgt_identity_adaptive,2026,1,2024-05-26 18:00:00,2024-05-26 18:00:00,2024-05-26,3.1582047939300537
2024-05,dgt_identity_adaptive,2026,2,2024-05-26 18:00:00,2024-05-26 19:00:00,2024-05-26,4.09101676940918
2024-05,dgt_identity_adaptive,2026,3,2024-05-26 18:00:00,2024-05-26 20:00:00,2024-05-26,3.6093790531158447
2024-05,dgt_identity_adaptive,2026,6,2024-05-26 18:00:00,2024-05-26 23:00:00,2024-05-26,4.3576579093933105
2024-05,dgt_identity_adaptive,2026,1,2024-05-26 19:00:00,2024-05-26 19:00:00,2024-05-26,3.7025837898254395
2024-05,dgt_identity_adaptive,2026,2,2024-05-26 19:00:00,2024-05-26 20:00:00,2024-05-26,3.6283581256866455
2024-05,dgt_identity_adaptive,2026,3,2024-05-26 19:00:00,2024-05-26 21:00:00,2024-05-26,4.233990669250488
2024-05,dgt_identity_adaptive,2026,6,2024-05-26 19:00:00,2024-05-28 00:00:00,2024-05-28,5.270483016967773
2024-05,dgt_identity_adaptive,2026,1,2024-05-26 20:00:00,2024-05-26 20:00:00,2024-05-26,3.0750036239624023
2024-05,dgt_identity_adaptive,2026,2,2024-05-26 20:00:00,2024-05-26 21:00:00,2024-05-26,3.2876954078674316
2024-05,dgt_identity_adaptive,2026,3,2024-05-26 20:00:00,2024-05-26 22:00:00,2024-05-26,3.644301176071167
2024-05,dgt_identity_adaptive,2026,6,2024-05-26 20:00:00,2024-05-28 01:00:00,2024-05-28,5.483628273010254
2024-05,dgt_identity_adaptive,2026,1,2024-05-26 21:00:00,2024-05-26 21:00:00,2024-05-26,3.3164122104644775
2024-05,dgt_identity_adaptive,2026,2,2024-05-26 21:00:00,2024-05-26 22:00:00,2024-05-26,3.1102476119995117
2024-05,dgt_identity_adaptive,2026,3,2024-05-26 21:00:00,2024-05-26 23:00:00,2024-05-26,4.013542175292969
2024-05,dgt_identity_adaptive,2026,6,2024-05-26 21:00:00,2024-05-28 02:00:00,2024-05-28,5.503260612487793
2024-05,dgt_identity_adaptive,2026,1,2024-05-26 22:00:00,2024-05-26 22:00:00,2024-05-26,2.944835662841797
2024-05,dgt_identity_adaptive,2026,2,2024-05-26 22:00:00,2024-05-26 23:00:00,2024-05-26,3.7655794620513916
2024-05,dgt_identity_adaptive,2026,3,2024-05-26 22:00:00,2024-05-28 00:00:00,2024-05-28,5.282872676849365
2024-05,dgt_identity_adaptive,2026,6,2024-05-26 22:00:00,2024-05-28 03:00:00,2024-05-28,5.709994316101074
2024-05,dgt_identity_adaptive,2026,1,2024-05-26 23:00:00,2024-05-26 23:00:00,2024-05-26,3.963665246963501
2024-05,dgt_identity_adaptive,2026,2,2024-05-26 23:00:00,2024-05-28 00:00:00,2024-05-28,5.619269371032715
2024-05,dgt_identity_adaptive,2026,3,2024-05-26 23:00:00,2024-05-28 01:00:00,2024-05-28,6.808165550231934
2024-05,dgt_identity_adaptive,2026,6,2024-05-26 23:00:00,2024-05-28 04:00:00,2024-05-28,6.349522590637207
2024-05,dgt_identity_adaptive,2026,1,2024-05-28 00:00:00,2024-05-28 00:00:00,2024-05-28,5.700582504272461
2024-05,dgt_identity_adaptive,2026,2,2024-05-28 00:00:00,2024-05-28 01:00:00,2024-05-28,6.605234622955322
2024-05,dgt_identity_adaptive,2026,3,2024-05-28 00:00:00,2024-05-28 02:00:00,2024-05-28,6.196875095367432
2024-05,dgt_identity_adaptive,2026,6,2024-05-28 00:00:00,2024-05-28 05:00:00,2024-05-28,4.4337053298950195
2024-05,dgt_identity_adaptive,2026,1,2024-05-28 01:00:00,2024-05-28 01:00:00,2024-05-28,5.4014973640441895
2024-05,dgt_identity_adaptive,2026,2,2024-05-28 01:00:00,2024-05-28 02:00:00,2024-05-28,5.443330764770508
2024-05,dgt_identity_adaptive,2026,3,2024-05-28 01:00:00,2024-05-28 03:00:00,2024-05-28,5.390237808227539
2024-05,dgt_identity_adaptive,2026,6,2024-05-28 01:00:00,2024-05-28 06:00:00,2024-05-28,4.065148830413818
2024-05,dgt_identity_adaptive,2026,1,2024-05-28 02:00:00,2024-05-28 02:00:00,2024-05-28,4.381031036376953
2024-05,dgt_identity_adaptive,2026,2,2024-05-28 02:00:00,2024-05-28 03:00:00,2024-05-28,5.597330093383789
2024-05,dgt_identity_adaptive,2026,3,2024-05-28 02:00:00,2024-05-28 04:00:00,2024-05-28,5.637022972106934
2024-05,dgt_identity_adaptive,2026,6,2024-05-28 02:00:00,2024-05-28 07:00:00,2024-05-28,5.718420028686523
2024-05,dgt_identity_adaptive,2026,1,2024-05-28 03:00:00,2024-05-28 03:00:00,2024-05-28,6.437985897064209
2024-05,dgt_identity_adaptive,2026,2,2024-05-28 03:00:00,2024-05-28 04:00:00,2024-05-28,5.7925848960876465
2024-05,dgt_identity_adaptive,2026,3,2024-05-28 03:00:00,2024-05-28 05:00:00,2024-05-28,4.870798110961914
2024-05,dgt_identity_adaptive,2026,6,2024-05-28 03:00:00,2024-05-28 08:00:00,2024-05-28,5.0461297035217285
2024-05,dgt_identity_adaptive,2026,1,2024-05-28 04:00:00,2024-05-28 04:00:00,2024-05-28,5.871030807495117
2024-05,dgt_identity_adaptive,2026,2,2024-05-28 04:00:00,2024-05-28 05:00:00,2024-05-28,6.852044105529785
2024-05,dgt_identity_adaptive,2026,3,2024-05-28 04:00:00,2024-05-28 06:00:00,2024-05-28,4.322352886199951
2024-05,dgt_identity_adaptive,2026,6,2024-05-28 04:00:00,2024-05-28 09:00:00,2024-05-28,5.014737129211426
2024-05,dgt_identity_adaptive,2026,1,2024-05-28 05:00:00,2024-05-28 05:00:00,2024-05-28,4.783061981201172
2024-05,dgt_identity_adaptive,2026,2,2024-05-28 05:00:00,2024-05-28 06:00:00,2024-05-28,4.202027797698975
2024-05,dgt_identity_adaptive,2026,3,2024-05-28 05:00:00,2024-05-28 07:00:00,2024-05-28,5.543689727783203
2024-05,dgt_identity_adaptive,2026,6,2024-05-28 05:00:00,2024-05-28 10:00:00,2024-05-28,4.167911529541016
2024-05,dgt_identity_adaptive,2026,1,2024-05-28 06:00:00,2024-05-28 06:00:00,2024-05-28,4.073930263519287
2024-05,dgt_identity_adaptive,2026,2,2024-05-28 06:00:00,2024-05-28 07:00:00,2024-05-28,5.33328914642334
2024-05,dgt_identity_adaptive,2026,3,2024-05-28 06:00:00,2024-05-28 08:00:00,2024-05-28,4.91465950012207
2024-05,dgt_identity_adaptive,2026,6,2024-05-28 06:00:00,2024-05-28 11:00:00,2024-05-28,3.5840392112731934
2024-05,dgt_identity_adaptive,2026,1,2024-05-28 07:00:00,2024-05-28 07:00:00,2024-05-28,5.080118656158447
2024-05,dgt_identity_adaptive,2026,2,2024-05-28 07:00:00,2024-05-28 08:00:00,2024-05-28,5.315273284912109
2024-05,dgt_identity_adaptive,2026,3,2024-05-28 07:00:00,2024-05-28 09:00:00,2024-05-28,5.013298034667969
2024-05,dgt_identity_adaptive,2026,6,2024-05-28 07:00:00,2024-05-28 12:00:00,2024-05-28,3.296207904815674
2024-05,dgt_identity_adaptive,2026,1,2024-05-28 08:00:00,2024-05-28 08:00:00,2024-05-28,4.547694206237793
2024-05,dgt_identity_adaptive,2026,2,2024-05-28 08:00:00,2024-05-28 09:00:00,2024-05-28,4.379472255706787
2024-05,dgt_identity_adaptive,2026,3,2024-05-28 08:00:00,2024-05-28 10:00:00,2024-05-28,3.568319320678711
2024-05,dgt_identity_adaptive,2026,6,2024-05-28 08:00:00,2024-05-28 13:00:00,2024-05-28,2.7149746417999268
2024-05,dgt_identity_adaptive,2026,1,2024-05-28 09:00:00,2024-05-28 09:00:00,2024-05-28,3.210620641708374
2024-05,dgt_identity_adaptive,2026,2,2024-05-28 09:00:00,2024-05-28 10:00:00,2024-05-28,3.1249589920043945
2024-05,dgt_identity_adaptive,2026,3,2024-05-28 09:00:00,2024-05-28 11:00:00,2024-05-28,3.089829444885254
2024-05,dgt_identity_adaptive,2026,6,2024-05-28 09:00:00,2024-05-28 14:00:00,2024-05-28,3.4428107738494873
2024-05,dgt_identity_adaptive,2026,1,2024-05-28 10:00:00,2024-05-28 10:00:00,2024-05-28,2.5489277839660645
2024-05,dgt_identity_adaptive,2026,2,2024-05-28 10:00:00,2024-05-28 11:00:00,2024-05-28,3.0635271072387695
2024-05,dgt_identity_adaptive,2026,3,2024-05-28 10:00:00,2024-05-28 12:00:00,2024-05-28,3.10097074508667
2024-05,dgt_identity_adaptive,2026,6,2024-05-28 10:00:00,2024-05-28 15:00:00,2024-05-28,2.3222007751464844
2024-05,dgt_identity_adaptive,2026,1,2024-05-28 11:00:00,2024-05-28 11:00:00,2024-05-28,3.0482826232910156
2024-05,dgt_identity_adaptive,2026,2,2024-05-28 11:00:00,2024-05-28 12:00:00,2024-05-28,3.4195427894592285
2024-05,dgt_identity_adaptive,2026,3,2024-05-28 11:00:00,2024-05-28 13:00:00,2024-05-28,2.757904529571533
2024-05,dgt_identity_adaptive,2026,6,2024-05-28 11:00:00,2024-05-28 16:00:00,2024-05-28,3.4920005798339844
2024-05,dgt_identity_adaptive,2026,1,2024-05-28 12:00:00,2024-05-28 12:00:00,2024-05-28,2.9160518646240234
2024-05,dgt_identity_adaptive,2026,2,2024-05-28 12:00:00,2024-05-28 13:00:00,2024-05-28,2.740459442138672
2024-05,dgt_identity_adaptive,2026,3,2024-05-28 12:00:00,2024-05-28 14:00:00,2024-05-28,3.167153835296631
2024-05,dgt_identity_adaptive,2026,6,2024-05-28 12:00:00,2024-05-28 17:00:00,2024-05-28,4.284783840179443
2024-05,dgt_identity_adaptive,2026,1,2024-05-28 13:00:00,2024-05-28 13:00:00,2024-05-28,2.2693920135498047
2024-05,dgt_identity_adaptive,2026,2,2024-05-28 13:00:00,2024-05-28 14:00:00,2024-05-28,3.3365190029144287
2024-05,dgt_identity_adaptive,2026,3,2024-05-28 13:00:00,2024-05-28 15:00:00,2024-05-28,1.9524102210998535
2024-05,dgt_identity_adaptive,2026,6,2024-05-28 13:00:00,2024-05-28 18:00:00,2024-05-28,5.256523132324219
2024-05,dgt_identity_adaptive,2026,1,2024-05-28 14:00:00,2024-05-28 14:00:00,2024-05-28,2.512998580932617
2024-05,dgt_identity_adaptive,2026,2,2024-05-28 14:00:00,2024-05-28 15:00:00,2024-05-28,2.2326231002807617
2024-05,dgt_identity_adaptive,2026,3,2024-05-28 14:00:00,2024-05-28 16:00:00,2024-05-28,3.3615238666534424
2024-05,dgt_identity_adaptive,2026,6,2024-05-28 14:00:00,2024-05-28 19:00:00,2024-05-28,4.3278093338012695
2024-05,dgt_identity_adaptive,2026,1,2024-05-28 15:00:00,2024-05-28 15:00:00,2024-05-28,2.2365927696228027
2024-05,dgt_identity_adaptive,2026,2,2024-05-28 15:00:00,2024-05-28 16:00:00,2024-05-28,3.0294837951660156
2024-05,dgt_identity_adaptive,2026,3,2024-05-28 15:00:00,2024-05-28 17:00:00,2024-05-28,3.8378562927246094
2024-05,dgt_identity_adaptive,2026,6,2024-05-28 15:00:00,2024-05-28 20:00:00,2024-05-28,3.236724376678467
2024-05,dgt_identity_adaptive,2026,1,2024-05-28 16:00:00,2024-05-28 16:00:00,2024-05-28,3.146437644958496
2024-05,dgt_identity_adaptive,2026,2,2024-05-28 16:00:00,2024-05-28 17:00:00,2024-05-28,4.041997909545898
2024-05,dgt_identity_adaptive,2026,3,2024-05-28 16:00:00,2024-05-28 18:00:00,2024-05-28,4.725136756896973
2024-05,dgt_identity_adaptive,2026,6,2024-05-28 16:00:00,2024-05-28 21:00:00,2024-05-28,3.2318825721740723
2024-05,dgt_identity_adaptive,2026,1,2024-05-28 17:00:00,2024-05-28 17:00:00,2024-05-28,3.5840415954589844
2024-05,dgt_identity_adaptive,2026,2,2024-05-28 17:00:00,2024-05-28 18:00:00,2024-05-28,4.666143894195557
2024-05,dgt_identity_adaptive,2026,3,2024-05-28 17:00:00,2024-05-28 19:00:00,2024-05-28,4.491432189941406
2024-05,dgt_identity_adaptive,2026,6,2024-05-28 17:00:00,2024-05-28 22:00:00,2024-05-28,3.793705463409424
2024-05,dgt_identity_adaptive,2026,1,2024-05-28 18:00:00,2024-05-28 18:00:00,2024-05-28,4.523819923400879
2024-05,dgt_identity_adaptive,2026,2,2024-05-28 18:00:00,2024-05-28 19:00:00,2024-05-28,4.003560543060303
2024-05,dgt_identity_adaptive,2026,3,2024-05-28 18:00:00,2024-05-28 20:00:00,2024-05-28,4.087052345275879
2024-05,dgt_identity_adaptive,2026,6,2024-05-28 18:00:00,2024-05-28 23:00:00,2024-05-28,3.9323794841766357
2024-05,dgt_identity_adaptive,2026,1,2024-05-28 19:00:00,2024-05-28 19:00:00,2024-05-28,3.2575106620788574
2024-05,dgt_identity_adaptive,2026,2,2024-05-28 19:00:00,2024-05-28 20:00:00,2024-05-28,3.2634201049804688
2024-05,dgt_identity_adaptive,2026,3,2024-05-28 19:00:00,2024-05-28 21:00:00,2024-05-28,3.552933692932129
2024-05,dgt_identity_adaptive,2026,6,2024-05-28 19:00:00,2024-05-30 00:00:00,2024-05-30,4.568681716918945
2024-05,dgt_identity_adaptive,2026,1,2024-05-28 20:00:00,2024-05-28 20:00:00,2024-05-28,3.175278902053833
2024-05,dgt_identity_adaptive,2026,2,2024-05-28 20:00:00,2024-05-28 21:00:00,2024-05-28,3.22216796875
2024-05,dgt_identity_adaptive,2026,3,2024-05-28 20:00:00,2024-05-28 22:00:00,2024-05-28,3.7549617290496826
2024-05,dgt_identity_adaptive,2026,6,2024-05-28 20:00:00,2024-05-30 01:00:00,2024-05-30,4.459726333618164
2024-05,dgt_identity_adaptive,2026,1,2024-05-28 21:00:00,2024-05-28 21:00:00,2024-05-28,2.6810147762298584
2024-05,dgt_identity_adaptive,2026,2,2024-05-28 21:00:00,2024-05-28 22:00:00,2024-05-28,3.526007890701294
2024-05,dgt_identity_adaptive,2026,3,2024-05-28 21:00:00,2024-05-28 23:00:00,2024-05-28,3.1821651458740234
2024-05,dgt_identity_adaptive,2026,6,2024-05-28 21:00:00,2024-05-30 02:00:00,2024-05-30,6.398584842681885
2024-05,dgt_identity_adaptive,2026,1,2024-05-28 22:00:00,2024-05-28 22:00:00,2024-05-28,3.1355748176574707
2024-05,dgt_identity_adaptive,2026,2,2024-05-28 22:00:00,2024-05-28 23:00:00,2024-05-28,3.349900007247925
2024-05,dgt_identity_adaptive,2026,3,2024-05-28 22:00:00,2024-05-30 00:00:00,2024-05-30,3.5953314304351807
2024-05,dgt_identity_adaptive,2026,6,2024-05-28 22:00:00,2024-05-30 03:00:00,2024-05-30,6.483935832977295
2024-05,dgt_identity_adaptive,2026,1,2024-05-28 23:00:00,2024-05-28 23:00:00,2024-05-28,3.3598434925079346
2024-05,dgt_identity_adaptive,2026,2,2024-05-28 23:00:00,2024-05-30 00:00:00,2024-05-30,3.553586006164551
2024-05,dgt_identity_adaptive,2026,3,2024-05-28 23:00:00,2024-05-30 01:00:00,2024-05-30,4.462831497192383
2024-05,dgt_identity_adaptive,2026,6,2024-05-28 23:00:00,2024-05-30 04:00:00,2024-05-30,4.463779926300049
2024-05,dgt_identity_adaptive,2026,1,2024-05-30 00:00:00,2024-05-30 00:00:00,2024-05-30,3.6635255813598633
2024-05,dgt_identity_adaptive,2026,2,2024-05-30 00:00:00,2024-05-30 01:00:00,2024-05-30,4.094135284423828
2024-05,dgt_identity_adaptive,2026,3,2024-05-30 00:00:00,2024-05-30 02:00:00,2024-05-30,6.401678562164307
2024-05,dgt_identity_adaptive,2026,6,2024-05-30 00:00:00,2024-05-30 05:00:00,2024-05-30,4.120604515075684
2024-05,dgt_identity_adaptive,2026,1,2024-05-30 01:00:00,2024-05-30 01:00:00,2024-05-30,4.7752814292907715
2024-05,dgt_identity_adaptive,2026,2,2024-05-30 01:00:00,2024-05-30 02:00:00,2024-05-30,6.203023910522461
2024-05,dgt_identity_adaptive,2026,3,2024-05-30 01:00:00,2024-05-30 03:00:00,2024-05-30,6.396908760070801
2024-05,dgt_identity_adaptive,2026,6,2024-05-30 01:00:00,2024-05-30 06:00:00,2024-05-30,3.658637285232544
2024-05,dgt_identity_adaptive,2026,1,2024-05-30 02:00:00,2024-05-30 02:00:00,2024-05-30,5.63044548034668
2024-05,dgt_identity_adaptive,2026,2,2024-05-30 02:00:00,2024-05-30 03:00:00,2024-05-30,6.0483598709106445
2024-05,dgt_identity_adaptive,2026,3,2024-05-30 02:00:00,2024-05-30 04:00:00,2024-05-30,4.49700403213501
2024-05,dgt_identity_adaptive,2026,6,2024-05-30 02:00:00,2024-05-30 07:00:00,2024-05-30,4.833748817443848
2024-05,dgt_identity_adaptive,2026,1,2024-05-30 03:00:00,2024-05-30 03:00:00,2024-05-30,6.46976900100708
2024-05,dgt_identity_adaptive,2026,2,2024-05-30 03:00:00,2024-05-30 04:00:00,2024-05-30,4.13987922668457
2024-05,dgt_identity_adaptive,2026,3,2024-05-30 03:00:00,2024-05-30 05:00:00,2024-05-30,3.906325340270996
2024-05,dgt_identity_adaptive,2026,6,2024-05-30 03:00:00,2024-05-30 08:00:00,2024-05-30,5.402851104736328
2024-05,dgt_identity_adaptive,2026,1,2024-05-30 04:00:00,2024-05-30 04:00:00,2024-05-30,4.0074567794799805
2024-05,dgt_identity_adaptive,2026,2,2024-05-30 04:00:00,2024-05-30 05:00:00,2024-05-30,3.5380160808563232
2024-05,dgt_identity_adaptive,2026,3,2024-05-30 04:00:00,2024-05-30 06:00:00,2024-05-30,3.9805428981781006
2024-05,dgt_identity_adaptive,2026,6,2024-05-30 04:00:00,2024-05-30 09:00:00,2024-05-30,5.360735893249512
2024-05,dgt_identity_adaptive,2026,1,2024-05-30 05:00:00,2024-05-30 05:00:00,2024-05-30,3.449903964996338
2024-05,dgt_identity_adaptive,2026,2,2024-05-30 05:00:00,2024-05-30 06:00:00,2024-05-30,3.9037108421325684
2024-05,dgt_identity_adaptive,2026,3,2024-05-30 05:00:00,2024-05-30 07:00:00,2024-05-30,3.3766345977783203
2024-05,dgt_identity_adaptive,2026,6,2024-05-30 05:00:00,2024-05-30 10:00:00,2024-05-30,5.431709289550781
2024-05,dgt_identity_adaptive,2026,1,2024-05-30 06:00:00,2024-05-30 06:00:00,2024-05-30,4.178529739379883
2024-05,dgt_identity_adaptive,2026,2,2024-05-30 06:00:00,2024-05-30 07:00:00,2024-05-30,3.285641670227051
2024-05,dgt_identity_adaptive,2026,3,2024-05-30 06:00:00,2024-05-30 08:00:00,2024-05-30,3.906755208969116
2024-05,dgt_identity_adaptive,2026,6,2024-05-30 06:00:00,2024-05-30 11:00:00,2024-05-30,3.611131429672241
2024-05,dgt_identity_adaptive,2026,1,2024-05-30 07:00:00,2024-05-30 07:00:00,2024-05-30,3.944441795349121
2024-05,dgt_identity_adaptive,2026,2,2024-05-30 07:00:00,2024-05-30 08:00:00,2024-05-30,3.89939546585083
2024-05,dgt_identity_adaptive,2026,3,2024-05-30 07:00:00,2024-05-30 09:00:00,2024-05-30,3.905634880065918
2024-05,dgt_identity_adaptive,2026,6,2024-05-30 07:00:00,2024-05-30 12:00:00,2024-05-30,2.7998480796813965
2024-05,dgt_identity_adaptive,2026,1,2024-05-30 08:00:00,2024-05-30 08:00:00,2024-05-30,3.818985939025879
2024-05,dgt_identity_adaptive,2026,2,2024-05-30 08:00:00,2024-05-30 09:00:00,2024-05-30,3.337977170944214
2024-05,dgt_identity_adaptive,2026,3,2024-05-30 08:00:00,2024-05-30 10:00:00,2024-05-30,3.486786127090454
2024-05,dgt_identity_adaptive,2026,6,2024-05-30 08:00:00,2024-05-30 13:00:00,2024-05-30,2.644219398498535
2024-05,dgt_identity_adaptive,2026,1,2024-05-30 09:00:00,2024-05-30 09:00:00,2024-05-30,3.223301887512207
2024-05,dgt_identity_adaptive,2026,2,2024-05-30 09:00:00,2024-05-30 10:00:00,2024-05-30,3.585883617401123
2024-05,dgt_identity_adaptive,2026,3,2024-05-30 09:00:00,2024-05-30 11:00:00,2024-05-30,3.3080804347991943
2024-05,dgt_identity_adaptive,2026,6,2024-05-30 09:00:00,2024-05-30 14:00:00,2024-05-30,2.9540319442749023
2024-05,dgt_identity_adaptive,2026,1,2024-05-30 10:00:00,2024-05-30 10:00:00,2024-05-30,3.5538136959075928
2024-05,dgt_identity_adaptive,2026,2,2024-05-30 10:00:00,2024-05-30 11:00:00,2024-05-30,3.131255626678467
2024-05,dgt_identity_adaptive,2026,3,2024-05-30 10:00:00,2024-05-30 12:00:00,2024-05-30,2.779811143875122
2024-05,dgt_identity_adaptive,2026,6,2024-05-30 10:00:00,2024-05-30 15:00:00,2024-05-30,2.877814769744873
2024-05,dgt_identity_adaptive,2026,1,2024-05-30 11:00:00,2024-05-30 11:00:00,2024-05-30,3.0500900745391846
2024-05,dgt_identity_adaptive,2026,2,2024-05-30 11:00:00,2024-05-30 12:00:00,2024-05-30,2.7767281532287598
2024-05,dgt_identity_adaptive,2026,3,2024-05-30 11:00:00,2024-05-30 13:00:00,2024-05-30,2.571828842163086
2024-05,dgt_identity_adaptive,2026,6,2024-05-30 11:00:00,2024-05-30 16:00:00,2024-05-30,3.345426559448242
2024-05,dgt_identity_adaptive,2026,1,2024-05-30 12:00:00,2024-05-30 12:00:00,2024-05-30,2.714268922805786
2024-05,dgt_identity_adaptive,2026,2,2024-05-30 12:00:00,2024-05-30 13:00:00,2024-05-30,2.549981117248535
2024-05,dgt_identity_adaptive,2026,3,2024-05-30 12:00:00,2024-05-30 14:00:00,2024-05-30,2.7084479331970215
2024-05,dgt_identity_adaptive,2026,6,2024-05-30 12:00:00,2024-05-30 17:00:00,2024-05-30,3.4119064807891846
2024-05,dgt_identity_adaptive,2026,1,2024-05-30 13:00:00,2024-05-30 13:00:00,2024-05-30,2.344080924987793
2024-05,dgt_identity_adaptive,2026,2,2024-05-30 13:00:00,2024-05-30 14:00:00,2024-05-30,2.7490148544311523
2024-05,dgt_identity_adaptive,2026,3,2024-05-30 13:00:00,2024-05-30 15:00:00,2024-05-30,2.9159984588623047
2024-05,dgt_identity_adaptive,2026,6,2024-05-30 13:00:00,2024-05-30 18:00:00,2024-05-30,5.3129401206970215
2024-05,dgt_identity_adaptive,2026,1,2024-05-30 14:00:00,2024-05-30 14:00:00,2024-05-30,2.8457634449005127
2024-05,dgt_identity_adaptive,2026,2,2024-05-30 14:00:00,2024-05-30 15:00:00,2024-05-30,2.9112095832824707
2024-05,dgt_identity_adaptive,2026,3,2024-05-30 14:00:00,2024-05-30 16:00:00,2024-05-30,3.3522584438323975
2024-05,dgt_identity_adaptive,2026,6,2024-05-30 14:00:00,2024-05-30 19:00:00,2024-05-30,3.3919806480407715
2024-05,dgt_identity_adaptive,2026,1,2024-05-30 15:00:00,2024-05-30 15:00:00,2024-05-30,3.032336950302124
2024-05,dgt_identity_adaptive,2026,2,2024-05-30 15:00:00,2024-05-30 16:00:00,2024-05-30,3.4469046592712402
2024-05,dgt_identity_adaptive,2026,3,2024-05-30 15:00:00,2024-05-30 17:00:00,2024-05-30,3.415839672088623
2024-05,dgt_identity_adaptive,2026,6,2024-05-30 15:00:00,2024-05-30 20:00:00,2024-05-30,3.5071020126342773
2024-05,dgt_identity_adaptive,2026,1,2024-05-30 16:00:00,2024-05-30 16:00:00,2024-05-30,2.9598898887634277
2024-05,dgt_identity_adaptive,2026,2,2024-05-30 16:00:00,2024-05-30 17:00:00,2024-05-30,3.2384860515594482
2024-05,dgt_identity_adaptive,2026,3,2024-05-30 16:00:00,2024-05-30 18:00:00,2024-05-30,4.853814125061035
2024-05,dgt_identity_adaptive,2026,6,2024-05-30 16:00:00,2024-05-30 21:00:00,2024-05-30,4.453750133514404
2024-05,dgt_identity_adaptive,2026,1,2024-05-30 17:00:00,2024-05-30 17:00:00,2024-05-30,3.197334051132202
2024-05,dgt_identity_adaptive,2026,2,2024-05-30 17:00:00,2024-05-30 18:00:00,2024-05-30,4.586083889007568
2024-05,dgt_identity_adaptive,2026,3,2024-05-30 17:00:00,2024-05-30 19:00:00,2024-05-30,3.406581163406372
2024-05,dgt_identity_adaptive,2026,6,2024-05-30 17:00:00,2024-05-30 22:00:00,2024-05-30,3.860417366027832
2024-05,dgt_identity_adaptive,2026,1,2024-05-30 18:00:00,2024-05-30 18:00:00,2024-05-30,3.837507486343384
2024-05,dgt_identity_adaptive,2026,2,2024-05-30 18:00:00,2024-05-30 19:00:00,2024-05-30,3.0639543533325195
2024-05,dgt_identity_adaptive,2026,3,2024-05-30 18:00:00,2024-05-30 20:00:00,2024-05-30,3.905104875564575
2024-05,dgt_identity_adaptive,2026,6,2024-05-30 18:00:00,2024-05-30 23:00:00,2024-05-30,3.5218253135681152
2024-05,dgt_identity_adaptive,2026,1,2024-05-30 19:00:00,2024-05-30 19:00:00,2024-05-30,3.188981533050537
2024-05,dgt_identity_adaptive,2026,2,2024-05-30 19:00:00,2024-05-30 20:00:00,2024-05-30,3.6106972694396973
2024-05,dgt_identity_adaptive,2026,3,2024-05-30 19:00:00,2024-05-30 21:00:00,2024-05-30,3.85742449760437
2024-05,dgt_identity_adaptive,2026,6,2024-05-30 19:00:00,2024-05-31 00:00:00,2024-05-31,4.6163177490234375
2024-05,dgt_identity_adaptive,2026,1,2024-05-30 20:00:00,2024-05-30 20:00:00,2024-05-30,3.115083932876587
2024-05,dgt_identity_adaptive,2026,2,2024-05-30 20:00:00,2024-05-30 21:00:00,2024-05-30,4.121557712554932
2024-05,dgt_identity_adaptive,2026,3,2024-05-30 20:00:00,2024-05-30 22:00:00,2024-05-30,2.7290444374084473
2024-05,dgt_identity_adaptive,2026,6,2024-05-30 20:00:00,2024-05-31 01:00:00,2024-05-31,3.8185482025146484
2024-05,dgt_identity_adaptive,2026,1,2024-05-30 21:00:00,2024-05-30 21:00:00,2024-05-30,3.812108278274536
2024-05,dgt_identity_adaptive,2026,2,2024-05-30 21:00:00,2024-05-30 22:00:00,2024-05-30,2.5916495323181152
2024-05,dgt_identity_adaptive,2026,3,2024-05-30 21:00:00,2024-05-30 23:00:00,2024-05-30,2.8350586891174316
2024-05,dgt_identity_adaptive,2026,6,2024-05-30 21:00:00,2024-05-31 02:00:00,2024-05-31,4.148313522338867
2024-05,dgt_identity_adaptive,2026,1,2024-05-30 22:00:00,2024-05-30 22:00:00,2024-05-30,2.422067880630493
2024-05,dgt_identity_adaptive,2026,2,2024-05-30 22:00:00,2024-05-30 23:00:00,2024-05-30,2.626953125
2024-05,dgt_identity_adaptive,2026,3,2024-05-30 22:00:00,2024-05-31 00:00:00,2024-05-31,4.272324562072754
2024-05,dgt_identity_adaptive,2026,6,2024-05-30 22:00:00,2024-05-31 03:00:00,2024-05-31,5.358822822570801
2024-05,dgt_identity_adaptive,2026,1,2024-05-30 23:00:00,2024-05-30 23:00:00,2024-05-30,2.6080570220947266
2024-05,dgt_identity_adaptive,2026,2,2024-05-30 23:00:00,2024-05-31 00:00:00,2024-05-31,3.931443452835083
2024-05,dgt_identity_adaptive,2026,3,2024-05-30 23:00:00,2024-05-31 01:00:00,2024-05-31,3.5169334411621094
2024-05,dgt_identity_adaptive,2026,6,2024-05-30 23:00:00,2024-05-31 04:00:00,2024-05-31,4.808779716491699
2024-05,dgt_identity_adaptive,2026,1,2024-05-31 00:00:00,2024-05-31 00:00:00,2024-05-31,3.6849184036254883
2024-05,dgt_identity_adaptive,2026,2,2024-05-31 00:00:00,2024-05-31 01:00:00,2024-05-31,3.4716086387634277
2024-05,dgt_identity_adaptive,2026,3,2024-05-31 00:00:00,2024-05-31 02:00:00,2024-05-31,4.393085479736328
2024-05,dgt_identity_adaptive,2026,6,2024-05-31 00:00:00,2024-05-31 05:00:00,2024-05-31,3.7242796421051025
2024-05,dgt_identity_adaptive,2026,1,2024-05-31 01:00:00,2024-05-31 01:00:00,2024-05-31,3.999220132827759
2024-05,dgt_identity_adaptive,2026,2,2024-05-31 01:00:00,2024-05-31 02:00:00,2024-05-31,4.882566452026367
2024-05,dgt_identity_adaptive,2026,3,2024-05-31 01:00:00,2024-05-31 03:00:00,2024-05-31,4.803449630737305
2024-05,dgt_identity_adaptive,2026,6,2024-05-31 01:00:00,2024-05-31 06:00:00,2024-05-31,3.639575958251953
2024-05,dgt_identity_adaptive,2026,1,2024-05-31 02:00:00,2024-05-31 02:00:00,2024-05-31,4.254605770111084
2024-05,dgt_identity_adaptive,2026,2,2024-05-31 02:00:00,2024-05-31 03:00:00,2024-05-31,4.861935615539551
2024-05,dgt_identity_adaptive,2026,3,2024-05-31 02:00:00,2024-05-31 04:00:00,2024-05-31,4.741080284118652
2024-05,dgt_identity_adaptive,2026,6,2024-05-31 02:00:00,2024-05-31 07:00:00,2024-05-31,4.665358066558838
2024-05,dgt_identity_adaptive,2026,1,2024-05-31 03:00:00,2024-05-31 03:00:00,2024-05-31,5.769204139709473
2024-05,dgt_identity_adaptive,2026,2,2024-05-31 03:00:00,2024-05-31 04:00:00,2024-05-31,5.209924697875977
2024-05,dgt_identity_adaptive,2026,3,2024-05-31 03:00:00,2024-05-31 05:00:00,2024-05-31,3.7935075759887695
2024-05,dgt_identity_adaptive,2026,6,2024-05-31 03:00:00,2024-05-31 08:00:00,2024-05-31,6.096806526184082
2024-05,dgt_identity_adaptive,2026,1,2024-05-31 04:00:00,2024-05-31 04:00:00,2024-05-31,4.922492027282715
2024-05,dgt_identity_adaptive,2026,2,2024-05-31 04:00:00,2024-05-31 05:00:00,2024-05-31,4.005780220031738
2024-05,dgt_identity_adaptive,2026,3,2024-05-31 04:00:00,2024-05-31 06:00:00,2024-05-31,3.674894332885742
2024-05,dgt_identity_adaptive,2026,6,2024-05-31 04:00:00,2024-05-31 09:00:00,2024-05-31,3.4529285430908203
2024-05,dgt_identity_adaptive,2026,1,2024-05-31 05:00:00,2024-05-31 05:00:00,2024-05-31,3.9973044395446777
2024-05,dgt_identity_adaptive,2026,2,2024-05-31 05:00:00,2024-05-31 06:00:00,2024-05-31,3.172848701477051
2024-05,dgt_identity_adaptive,2026,3,2024-05-31 05:00:00,2024-05-31 07:00:00,2024-05-31,3.598461151123047
2024-05,dgt_identity_adaptive,2026,6,2024-05-31 05:00:00,2024-05-31 10:00:00,2024-05-31,3.4238064289093018
2024-05,dgt_identity_adaptive,2026,1,2024-05-31 06:00:00,2024-05-31 06:00:00,2024-05-31,3.0571346282958984
2024-05,dgt_identity_adaptive,2026,2,2024-05-31 06:00:00,2024-05-31 07:00:00,2024-05-31,2.9559662342071533
2024-05,dgt_identity_adaptive,2026,3,2024-05-31 06:00:00,2024-05-31 08:00:00,2024-05-31,4.00460147857666
2024-05,dgt_identity_adaptive,2026,6,2024-05-31 06:00:00,2024-05-31 11:00:00,2024-05-31,2.344360828399658
2024-05,dgt_identity_adaptive,2026,1,2024-05-31 07:00:00,2024-05-31 07:00:00,2024-05-31,3.043490171432495
2024-05,dgt_identity_adaptive,2026,2,2024-05-31 07:00:00,2024-05-31 08:00:00,2024-05-31,4.359899520874023
2024-05,dgt_identity_adaptive,2026,3,2024-05-31 07:00:00,2024-05-31 09:00:00,2024-05-31,3.5608556270599365
2024-05,dgt_identity_adaptive,2026,6,2024-05-31 07:00:00,2024-05-31 12:00:00,2024-05-31,2.471071720123291
2024-05,dgt_identity_adaptive,2026,1,2024-05-31 08:00:00,2024-05-31 08:00:00,2024-05-31,4.2309160232543945
2024-05,dgt_identity_adaptive,2026,2,2024-05-31 08:00:00,2024-05-31 09:00:00,2024-05-31,3.573519706726074
2024-05,dgt_identity_adaptive,2026,3,2024-05-31 08:00:00,2024-05-31 10:00:00,2024-05-31,3.4756968021392822
2024-05,dgt_identity_adaptive,2026,6,2024-05-31 08:00:00,2024-05-31 13:00:00,2024-05-31,2.841517210006714
2024-05,dgt_identity_adaptive,2026,1,2024-05-31 09:00:00,2024-05-31 09:00:00,2024-05-31,3.2693965435028076
2024-05,dgt_identity_adaptive,2026,2,2024-05-31 09:00:00,2024-05-31 10:00:00,2024-05-31,3.801439046859741
2024-05,dgt_identity_adaptive,2026,3,2024-05-31 09:00:00,2024-05-31 11:00:00,2024-05-31,3.0739455223083496
2024-05,dgt_identity_adaptive,2026,6,2024-05-31 09:00:00,2024-05-31 14:00:00,2024-05-31,2.7712292671203613
2024-05,dgt_identity_adaptive,2026,1,2024-05-31 10:00:00,2024-05-31 10:00:00,2024-05-31,2.821714401245117
2024-05,dgt_identity_adaptive,2026,2,2024-05-31 10:00:00,2024-05-31 11:00:00,2024-05-31,3.0990171432495117
2024-05,dgt_identity_adaptive,2026,3,2024-05-31 10:00:00,2024-05-31 12:00:00,2024-05-31,2.5504791736602783
2024-05,dgt_identity_adaptive,2026,6,2024-05-31 10:00:00,2024-05-31 15:00:00,2024-05-31,2.5885653495788574
2024-05,dgt_identity_adaptive,2026,1,2024-05-31 11:00:00,2024-05-31 11:00:00,2024-05-31,2.5666229724884033
2024-05,dgt_identity_adaptive,2026,2,2024-05-31 11:00:00,2024-05-31 12:00:00,2024-05-31,2.8744380474090576
2024-05,dgt_identity_adaptive,2026,3,2024-05-31 11:00:00,2024-05-31 13:00:00,2024-05-31,2.85705304145813
2024-05,dgt_identity_adaptive,2026,6,2024-05-31 11:00:00,2024-05-31 16:00:00,2024-05-31,3.3369925022125244
2024-05,dgt_identity_adaptive,2026,1,2024-05-31 12:00:00,2024-05-31 12:00:00,2024-05-31,2.308251142501831
2024-05,dgt_identity_adaptive,2026,2,2024-05-31 12:00:00,2024-05-31 13:00:00,2024-05-31,2.2204787731170654
2024-05,dgt_identity_adaptive,2026,3,2024-05-31 12:00:00,2024-05-31 14:00:00,2024-05-31,2.4200754165649414
2024-05,dgt_identity_adaptive,2026,6,2024-05-31 12:00:00,2024-05-31 17:00:00,2024-05-31,4.598179817199707
2024-05,dgt_identity_adaptive,2026,1,2024-05-31 13:00:00,2024-05-31 13:00:00,2024-05-31,2.515594005584717
2024-05,dgt_identity_adaptive,2026,2,2024-05-31 13:00:00,2024-05-31 14:00:00,2024-05-31,2.5608606338500977
2024-05,dgt_identity_adaptive,2026,3,2024-05-31 13:00:00,2024-05-31 15:00:00,2024-05-31,2.4399569034576416
2024-05,dgt_identity_adaptive,2026,6,2024-05-31 13:00:00,2024-05-31 18:00:00,2024-05-31,5.937510967254639
2024-05,dgt_identity_adaptive,2026,1,2024-05-31 14:00:00,2024-05-31 14:00:00,2024-05-31,2.4970500469207764
2024-05,dgt_identity_adaptive,2026,2,2024-05-31 14:00:00,2024-05-31 15:00:00,2024-05-31,3.1969125270843506
2024-05,dgt_identity_adaptive,2026,3,2024-05-31 14:00:00,2024-05-31 16:00:00,2024-05-31,3.3532209396362305
2024-05,dgt_identity_adaptive,2026,6,2024-05-31 14:00:00,2024-05-31 19:00:00,2024-05-31,4.724441051483154
2024-05,dgt_identity_adaptive,2026,1,2024-05-31 15:00:00,2024-05-31 15:00:00,2024-05-31,2.8542494773864746
2024-05,dgt_identity_adaptive,2026,2,2024-05-31 15:00:00,2024-05-31 16:00:00,2024-05-31,3.7688968181610107
2024-05,dgt_identity_adaptive,2026,3,2024-05-31 15:00:00,2024-05-31 17:00:00,2024-05-31,4.468915939331055
2024-05,dgt_identity_adaptive,2026,6,2024-05-31 15:00:00,2024-05-31 20:00:00,2024-05-31,4.694423198699951
2024-05,dgt_identity_adaptive,2026,1,2024-05-31 16:00:00,2024-05-31 16:00:00,2024-05-31,2.883136510848999
2024-05,dgt_identity_adaptive,2026,2,2024-05-31 16:00:00,2024-05-31 17:00:00,2024-05-31,4.425179958343506
2024-05,dgt_identity_adaptive,2026,3,2024-05-31 16:00:00,2024-05-31 18:00:00,2024-05-31,5.133734226226807
2024-05,dgt_identity_adaptive,2026,6,2024-05-31 16:00:00,2024-05-31 21:00:00,2024-05-31,3.8297908306121826
2024-05,dgt_identity_adaptive,2026,1,2024-05-31 17:00:00,2024-05-31 17:00:00,2024-05-31,3.573671817779541
2024-05,dgt_identity_adaptive,2026,2,2024-05-31 17:00:00,2024-05-31 18:00:00,2024-05-31,5.314512252807617
2024-05,dgt_identity_adaptive,2026,3,2024-05-31 17:00:00,2024-05-31 19:00:00,2024-05-31,4.052962303161621
2024-05,dgt_identity_adaptive,2026,6,2024-05-31 17:00:00,2024-05-31 22:00:00,2024-05-31,4.319834232330322
2024-05,dgt_directed_road_adaptive,2026,1,2024-05-25 15:00:00,2024-05-25 15:00:00,2024-05-25,2.4542324542999268
2024-05,dgt_directed_road_adaptive,2026,2,2024-05-25 15:00:00,2024-05-25 16:00:00,2024-05-25,2.820070266723633
2024-05,dgt_directed_road_adaptive,2026,3,2024-05-25 15:00:00,2024-05-25 17:00:00,2024-05-25,2.6317763328552246
2024-05,dgt_directed_road_adaptive,2026,6,2024-05-25 15:00:00,2024-05-25 20:00:00,2024-05-25,2.9052255153656006
2024-05,dgt_directed_road_adaptive,2026,1,2024-05-25 16:00:00,2024-05-25 16:00:00,2024-05-25,2.6003594398498535
2024-05,dgt_directed_road_adaptive,2026,2,2024-05-25 16:00:00,2024-05-25 17:00:00,2024-05-25,2.6793127059936523
2024-05,dgt_directed_road_adaptive,2026,3,2024-05-25 16:00:00,2024-05-25 18:00:00,2024-05-25,3.9576101303100586
2024-05,dgt_directed_road_adaptive,2026,6,2024-05-25 16:00:00,2024-05-25 21:00:00,2024-05-25,3.14194393157959
2024-05,dgt_directed_road_adaptive,2026,1,2024-05-25 17:00:00,2024-05-25 17:00:00,2024-05-25,2.1651086807250977
2024-05,dgt_directed_road_adaptive,2026,2,2024-05-25 17:00:00,2024-05-25 18:00:00,2024-05-25,4.051451683044434
2024-05,dgt_directed_road_adaptive,2026,3,2024-05-25 17:00:00,2024-05-25 19:00:00,2024-05-25,3.897209644317627
2024-05,dgt_directed_road_adaptive,2026,6,2024-05-25 17:00:00,2024-05-25 22:00:00,2024-05-25,3.8016011714935303
2024-05,dgt_directed_road_adaptive,2026,1,2024-05-25 18:00:00,2024-05-25 18:00:00,2024-05-25,4.00898551940918
2024-05,dgt_directed_road_adaptive,2026,2,2024-05-25 18:00:00,2024-05-25 19:00:00,2024-05-25,3.9889817237854004
2024-05,dgt_directed_road_adaptive,2026,3,2024-05-25 18:00:00,2024-05-25 20:00:00,2024-05-25,3.042815923690796
2024-05,dgt_directed_road_adaptive,2026,6,2024-05-25 18:00:00,2024-05-25 23:00:00,2024-05-25,3.8661205768585205
2024-05,dgt_directed_road_adaptive,2026,1,2024-05-25 19:00:00,2024-05-25 19:00:00,2024-05-25,3.849989652633667
2024-05,dgt_directed_road_adaptive,2026,2,2024-05-25 19:00:00,2024-05-25 20:00:00,2024-05-25,2.7068748474121094
2024-05,dgt_directed_road_adaptive,2026,3,2024-05-25 19:00:00,2024-05-25 21:00:00,2024-05-25,3.443507194519043
2024-05,dgt_directed_road_adaptive,2026,6,2024-05-25 19:00:00,2024-05-26 00:00:00,2024-05-26,4.892705917358398
2024-05,dgt_directed_road_adaptive,2026,1,2024-05-25 20:00:00,2024-05-25 20:00:00,2024-05-25,2.234978437423706
2024-05,dgt_directed_road_adaptive,2026,2,2024-05-25 20:00:00,2024-05-25 21:00:00,2024-05-25,3.608222484588623
2024-05,dgt_directed_road_adaptive,2026,3,2024-05-25 20:00:00,2024-05-25 22:00:00,2024-05-25,3.3144288063049316
2024-05,dgt_directed_road_adaptive,2026,6,2024-05-25 20:00:00,2024-05-26 01:00:00,2024-05-26,6.121126174926758
2024-05,dgt_directed_road_adaptive,2026,1,2024-05-25 21:00:00,2024-05-25 21:00:00,2024-05-25,3.254840612411499
2024-05,dgt_directed_road_adaptive,2026,2,2024-05-25 21:00:00,2024-05-25 22:00:00,2024-05-25,3.387617349624634
2024-05,dgt_directed_road_adaptive,2026,3,2024-05-25 21:00:00,2024-05-25 23:00:00,2024-05-25,3.849977493286133
2024-05,dgt_directed_road_adaptive,2026,6,2024-05-25 21:00:00,2024-05-26 02:00:00,2024-05-26,5.723199367523193
2024-05,dgt_directed_road_adaptive,2026,1,2024-05-25 22:00:00,2024-05-25 22:00:00,2024-05-25,2.921739101409912
2024-05,dgt_directed_road_adaptive,2026,2,2024-05-25 22:00:00,2024-05-25 23:00:00,2024-05-25,3.871411085128784
2024-05,dgt_directed_road_adaptive,2026,3,2024-05-25 22:00:00,2024-05-26 00:00:00,2024-05-26,4.173746585845947
2024-05,dgt_directed_road_adaptive,2026,6,2024-05-25 22:00:00,2024-05-26 03:00:00,2024-05-26,6.71345329284668
2024-05,dgt_directed_road_adaptive,2026,1,2024-05-25 23:00:00,2024-05-25 23:00:00,2024-05-25,4.014715671539307
2024-05,dgt_directed_road_adaptive,2026,2,2024-05-25 23:00:00,2024-05-26 00:00:00,2024-05-26,4.334298610687256
2024-05,dgt_directed_road_adaptive,2026,3,2024-05-25 23:00:00,2024-05-26 01:00:00,2024-05-26,7.045770168304443
2024-05,dgt_directed_road_adaptive,2026,6,2024-05-25 23:00:00,2024-05-26 04:00:00,2024-05-26,5.131336212158203
2024-05,dgt_directed_road_adaptive,2026,1,2024-05-26 00:00:00,2024-05-26 00:00:00,2024-05-26,4.444676399230957
2024-05,dgt_directed_road_adaptive,2026,2,2024-05-26 00:00:00,2024-05-26 01:00:00,2024-05-26,6.524415969848633
2024-05,dgt_directed_road_adaptive,2026,3,2024-05-26 00:00:00,2024-05-26 02:00:00,2024-05-26,5.570062637329102
2024-05,dgt_directed_road_adaptive,2026,6,2024-05-26 00:00:00,2024-05-26 05:00:00,2024-05-26,5.221872329711914
2024-05,dgt_directed_road_adaptive,2026,1,2024-05-26 01:00:00,2024-05-26 01:00:00,2024-05-26,6.675429821014404
2024-05,dgt_directed_road_adaptive,2026,2,2024-05-26 01:00:00,2024-05-26 02:00:00,2024-05-26,5.421232223510742
2024-05,dgt_directed_road_adaptive,2026,3,2024-05-26 01:00:00,2024-05-26 03:00:00,2024-05-26,6.767473220825195
2024-05,dgt_directed_road_adaptive,2026,6,2024-05-26 01:00:00,2024-05-26 06:00:00,2024-05-26,4.028841018676758
2024-05,dgt_directed_road_adaptive,2026,1,2024-05-26 02:00:00,2024-05-26 02:00:00,2024-05-26,5.768275260925293
2024-05,dgt_directed_road_adaptive,2026,2,2024-05-26 02:00:00,2024-05-26 03:00:00,2024-05-26,6.989300727844238
2024-05,dgt_directed_road_adaptive,2026,3,2024-05-26 02:00:00,2024-05-26 04:00:00,2024-05-26,5.380625247955322
2024-05,dgt_directed_road_adaptive,2026,6,2024-05-26 02:00:00,2024-05-26 07:00:00,2024-05-26,3.8292438983917236
2024-05,dgt_directed_road_adaptive,2026,1,2024-05-26 03:00:00,2024-05-26 03:00:00,2024-05-26,6.87466287612915
2024-05,dgt_directed_road_adaptive,2026,2,2024-05-26 03:00:00,2024-05-26 04:00:00,2024-05-26,4.783776760101318
2024-05,dgt_directed_road_adaptive,2026,3,2024-05-26 03:00:00,2024-05-26 05:00:00,2024-05-26,5.517889022827148
2024-05,dgt_directed_road_adaptive,2026,6,2024-05-26 03:00:00,2024-05-26 08:00:00,2024-05-26,2.9427690505981445
2024-05,dgt_directed_road_adaptive,2026,1,2024-05-26 04:00:00,2024-05-26 04:00:00,2024-05-26,5.132802963256836
2024-05,dgt_directed_road_adaptive,2026,2,2024-05-26 04:00:00,2024-05-26 05:00:00,2024-05-26,5.1849284172058105
2024-05,dgt_directed_road_adaptive,2026,3,2024-05-26 04:00:00,2024-05-26 06:00:00,2024-05-26,4.2488508224487305
2024-05,dgt_directed_road_adaptive,2026,6,2024-05-26 04:00:00,2024-05-26 09:00:00,2024-05-26,4.201367378234863
2024-05,dgt_directed_road_adaptive,2026,1,2024-05-26 05:00:00,2024-05-26 05:00:00,2024-05-26,5.146420478820801
2024-05,dgt_directed_road_adaptive,2026,2,2024-05-26 05:00:00,2024-05-26 06:00:00,2024-05-26,3.858570098876953
2024-05,dgt_directed_road_adaptive,2026,3,2024-05-26 05:00:00,2024-05-26 07:00:00,2024-05-26,4.383399963378906
2024-05,dgt_directed_road_adaptive,2026,6,2024-05-26 05:00:00,2024-05-26 10:00:00,2024-05-26,4.850887298583984
2024-05,dgt_directed_road_adaptive,2026,1,2024-05-26 06:00:00,2024-05-26 06:00:00,2024-05-26,4.161595344543457
2024-05,dgt_directed_road_adaptive,2026,2,2024-05-26 06:00:00,2024-05-26 07:00:00,2024-05-26,3.8026058673858643
2024-05,dgt_directed_road_adaptive,2026,3,2024-05-26 06:00:00,2024-05-26 08:00:00,2024-05-26,3.4598517417907715
2024-05,dgt_directed_road_adaptive,2026,6,2024-05-26 06:00:00,2024-05-26 11:00:00,2024-05-26,3.86841082572937
2024-05,dgt_directed_road_adaptive,2026,1,2024-05-26 07:00:00,2024-05-26 07:00:00,2024-05-26,3.4312806129455566
2024-05,dgt_directed_road_adaptive,2026,2,2024-05-26 07:00:00,2024-05-26 08:00:00,2024-05-26,3.1335365772247314
2024-05,dgt_directed_road_adaptive,2026,3,2024-05-26 07:00:00,2024-05-26 09:00:00,2024-05-26,4.199125289916992
2024-05,dgt_directed_road_adaptive,2026,6,2024-05-26 07:00:00,2024-05-26 12:00:00,2024-05-26,4.594082832336426
2024-05,dgt_directed_road_adaptive,2026,1,2024-05-26 08:00:00,2024-05-26 08:00:00,2024-05-26,2.9551737308502197
2024-05,dgt_directed_road_adaptive,2026,2,2024-05-26 08:00:00,2024-05-26 09:00:00,2024-05-26,4.398554801940918
2024-05,dgt_directed_road_adaptive,2026,3,2024-05-26 08:00:00,2024-05-26 10:00:00,2024-05-26,4.806090354919434
2024-05,dgt_directed_road_adaptive,2026,6,2024-05-26 08:00:00,2024-05-26 13:00:00,2024-05-26,3.807346820831299
2024-05,dgt_directed_road_adaptive,2026,1,2024-05-26 09:00:00,2024-05-26 09:00:00,2024-05-26,3.907621145248413
2024-05,dgt_directed_road_adaptive,2026,2,2024-05-26 09:00:00,2024-05-26 10:00:00,2024-05-26,4.26689338684082
2024-05,dgt_directed_road_adaptive,2026,3,2024-05-26 09:00:00,2024-05-26 11:00:00,2024-05-26,3.8628528118133545
2024-05,dgt_directed_road_adaptive,2026,6,2024-05-26 09:00:00,2024-05-26 14:00:00,2024-05-26,2.895202159881592
2024-05,dgt_directed_road_adaptive,2026,1,2024-05-26 10:00:00,2024-05-26 10:00:00,2024-05-26,3.912874937057495
2024-05,dgt_directed_road_adaptive,2026,2,2024-05-26 10:00:00,2024-05-26 11:00:00,2024-05-26,3.392399787902832
2024-05,dgt_directed_road_adaptive,2026,3,2024-05-26 10:00:00,2024-05-26 12:00:00,2024-05-26,4.4043169021606445
2024-05,dgt_directed_road_adaptive,2026,6,2024-05-26 10:00:00,2024-05-26 15:00:00,2024-05-26,3.750629425048828
2024-05,dgt_directed_road_adaptive,2026,1,2024-05-26 11:00:00,2024-05-26 11:00:00,2024-05-26,3.080373525619507
2024-05,dgt_directed_road_adaptive,2026,2,2024-05-26 11:00:00,2024-05-26 12:00:00,2024-05-26,3.663698196411133
2024-05,dgt_directed_road_adaptive,2026,3,2024-05-26 11:00:00,2024-05-26 13:00:00,2024-05-26,4.494693756103516
2024-05,dgt_directed_road_adaptive,2026,6,2024-05-26 11:00:00,2024-05-26 16:00:00,2024-05-26,4.7861328125
2024-05,dgt_directed_road_adaptive,2026,1,2024-05-26 12:00:00,2024-05-26 12:00:00,2024-05-26,3.7236218452453613
2024-05,dgt_directed_road_adaptive,2026,2,2024-05-26 12:00:00,2024-05-26 13:00:00,2024-05-26,4.005223751068115
2024-05,dgt_directed_road_adaptive,2026,3,2024-05-26 12:00:00,2024-05-26 14:00:00,2024-05-26,3.6000614166259766
2024-05,dgt_directed_road_adaptive,2026,6,2024-05-26 12:00:00,2024-05-26 17:00:00,2024-05-26,4.4555230140686035
2024-05,dgt_directed_road_adaptive,2026,1,2024-05-26 13:00:00,2024-05-26 13:00:00,2024-05-26,3.639477252960205
2024-05,dgt_directed_road_adaptive,2026,2,2024-05-26 13:00:00,2024-05-26 14:00:00,2024-05-26,3.072190999984741
2024-05,dgt_directed_road_adaptive,2026,3,2024-05-26 13:00:00,2024-05-26 15:00:00,2024-05-26,3.838290214538574
2024-05,dgt_directed_road_adaptive,2026,6,2024-05-26 13:00:00,2024-05-26 18:00:00,2024-05-26,4.39723539352417
2024-05,dgt_directed_road_adaptive,2026,1,2024-05-26 14:00:00,2024-05-26 14:00:00,2024-05-26,2.859999179840088
2024-05,dgt_directed_road_adaptive,2026,2,2024-05-26 14:00:00,2024-05-26 15:00:00,2024-05-26,3.5215368270874023
2024-05,dgt_directed_road_adaptive,2026,3,2024-05-26 14:00:00,2024-05-26 16:00:00,2024-05-26,4.741077423095703
2024-05,dgt_directed_road_adaptive,2026,6,2024-05-26 14:00:00,2024-05-26 19:00:00,2024-05-26,4.17263650894165
2024-05,dgt_directed_road_adaptive,2026,1,2024-05-26 15:00:00,2024-05-26 15:00:00,2024-05-26,3.44929575920105
2024-05,dgt_directed_road_adaptive,2026,2,2024-05-26 15:00:00,2024-05-26 16:00:00,2024-05-26,4.236133098602295
2024-05,dgt_directed_road_adaptive,2026,3,2024-05-26 15:00:00,2024-05-26 17:00:00,2024-05-26,3.991678237915039
2024-05,dgt_directed_road_adaptive,2026,6,2024-05-26 15:00:00,2024-05-26 20:00:00,2024-05-26,4.083804607391357
2024-05,dgt_directed_road_adaptive,2026,1,2024-05-26 16:00:00,2024-05-26 16:00:00,2024-05-26,3.6194798946380615
2024-05,dgt_directed_road_adaptive,2026,2,2024-05-26 16:00:00,2024-05-26 17:00:00,2024-05-26,3.1763265132904053
2024-05,dgt_directed_road_adaptive,2026,3,2024-05-26 16:00:00,2024-05-26 18:00:00,2024-05-26,3.8930468559265137
2024-05,dgt_directed_road_adaptive,2026,6,2024-05-26 16:00:00,2024-05-26 21:00:00,2024-05-26,3.2871642112731934
2024-05,dgt_directed_road_adaptive,2026,1,2024-05-26 17:00:00,2024-05-26 17:00:00,2024-05-26,2.8657171726226807
2024-05,dgt_directed_road_adaptive,2026,2,2024-05-26 17:00:00,2024-05-26 18:00:00,2024-05-26,3.3592355251312256
2024-05,dgt_directed_road_adaptive,2026,3,2024-05-26 17:00:00,2024-05-26 19:00:00,2024-05-26,3.6104180812835693
2024-05,dgt_directed_road_adaptive,2026,6,2024-05-26 17:00:00,2024-05-26 22:00:00,2024-05-26,3.774500608444214
2024-05,dgt_directed_road_adaptive,2026,1,2024-05-26 18:00:00,2024-05-26 18:00:00,2024-05-26,3.2029833793640137
2024-05,dgt_directed_road_adaptive,2026,2,2024-05-26 18:00:00,2024-05-26 19:00:00,2024-05-26,4.094330787658691
2024-05,dgt_directed_road_adaptive,2026,3,2024-05-26 18:00:00,2024-05-26 20:00:00,2024-05-26,3.455824851989746
2024-05,dgt_directed_road_adaptive,2026,6,2024-05-26 18:00:00,2024-05-26 23:00:00,2024-05-26,4.380667686462402
2024-05,dgt_directed_road_adaptive,2026,1,2024-05-26 19:00:00,2024-05-26 19:00:00,2024-05-26,3.7224175930023193
2024-05,dgt_directed_road_adaptive,2026,2,2024-05-26 19:00:00,2024-05-26 20:00:00,2024-05-26,3.6962060928344727
2024-05,dgt_directed_road_adaptive,2026,3,2024-05-26 19:00:00,2024-05-26 21:00:00,2024-05-26,4.1276445388793945
2024-05,dgt_directed_road_adaptive,2026,6,2024-05-26 19:00:00,2024-05-28 00:00:00,2024-05-28,5.1560211181640625
2024-05,dgt_directed_road_adaptive,2026,1,2024-05-26 20:00:00,2024-05-26 20:00:00,2024-05-26,3.111463785171509
2024-05,dgt_directed_road_adaptive,2026,2,2024-05-26 20:00:00,2024-05-26 21:00:00,2024-05-26,3.401186943054199
2024-05,dgt_directed_road_adaptive,2026,3,2024-05-26 20:00:00,2024-05-26 22:00:00,2024-05-26,3.6195383071899414
2024-05,dgt_directed_road_adaptive,2026,6,2024-05-26 20:00:00,2024-05-28 01:00:00,2024-05-28,5.386055946350098
2024-05,dgt_directed_road_adaptive,2026,1,2024-05-26 21:00:00,2024-05-26 21:00:00,2024-05-26,3.3104248046875
2024-05,dgt_directed_road_adaptive,2026,2,2024-05-26 21:00:00,2024-05-26 22:00:00,2024-05-26,3.1758484840393066
2024-05,dgt_directed_road_adaptive,2026,3,2024-05-26 21:00:00,2024-05-26 23:00:00,2024-05-26,4.067675590515137
2024-05,dgt_directed_road_adaptive,2026,6,2024-05-26 21:00:00,2024-05-28 02:00:00,2024-05-28,5.407619476318359
2024-05,dgt_directed_road_adaptive,2026,1,2024-05-26 22:00:00,2024-05-26 22:00:00,2024-05-26,2.9819464683532715
2024-05,dgt_directed_road_adaptive,2026,2,2024-05-26 22:00:00,2024-05-26 23:00:00,2024-05-26,3.7326111793518066
2024-05,dgt_directed_road_adaptive,2026,3,2024-05-26 22:00:00,2024-05-28 00:00:00,2024-05-28,5.216120719909668
2024-05,dgt_directed_road_adaptive,2026,6,2024-05-26 22:00:00,2024-05-28 03:00:00,2024-05-28,5.584399700164795
2024-05,dgt_directed_road_adaptive,2026,1,2024-05-26 23:00:00,2024-05-26 23:00:00,2024-05-26,3.944110155105591
2024-05,dgt_directed_road_adaptive,2026,2,2024-05-26 23:00:00,2024-05-28 00:00:00,2024-05-28,5.527332305908203
2024-05,dgt_directed_road_adaptive,2026,3,2024-05-26 23:00:00,2024-05-28 01:00:00,2024-05-28,6.742422580718994
2024-05,dgt_directed_road_adaptive,2026,6,2024-05-26 23:00:00,2024-05-28 04:00:00,2024-05-28,6.247391700744629
2024-05,dgt_directed_road_adaptive,2026,1,2024-05-28 00:00:00,2024-05-28 00:00:00,2024-05-28,5.6746416091918945
2024-05,dgt_directed_road_adaptive,2026,2,2024-05-28 00:00:00,2024-05-28 01:00:00,2024-05-28,6.559577941894531
2024-05,dgt_directed_road_adaptive,2026,3,2024-05-28 00:00:00,2024-05-28 02:00:00,2024-05-28,6.081901550292969
2024-05,dgt_directed_road_adaptive,2026,6,2024-05-28 00:00:00,2024-05-28 05:00:00,2024-05-28,4.437882423400879
2024-05,dgt_directed_road_adaptive,2026,1,2024-05-28 01:00:00,2024-05-28 01:00:00,2024-05-28,5.436009883880615
2024-05,dgt_directed_road_adaptive,2026,2,2024-05-28 01:00:00,2024-05-28 02:00:00,2024-05-28,5.451181411743164
2024-05,dgt_directed_road_adaptive,2026,3,2024-05-28 01:00:00,2024-05-28 03:00:00,2024-05-28,5.394998550415039
2024-05,dgt_directed_road_adaptive,2026,6,2024-05-28 01:00:00,2024-05-28 06:00:00,2024-05-28,4.365176200866699
2024-05,dgt_directed_road_adaptive,2026,1,2024-05-28 02:00:00,2024-05-28 02:00:00,2024-05-28,4.411582946777344
2024-05,dgt_directed_road_adaptive,2026,2,2024-05-28 02:00:00,2024-05-28 03:00:00,2024-05-28,5.575090408325195
2024-05,dgt_directed_road_adaptive,2026,3,2024-05-28 02:00:00,2024-05-28 04:00:00,2024-05-28,5.63507080078125
2024-05,dgt_directed_road_adaptive,2026,6,2024-05-28 02:00:00,2024-05-28 07:00:00,2024-05-28,5.759644985198975
2024-05,dgt_directed_road_adaptive,2026,1,2024-05-28 03:00:00,2024-05-28 03:00:00,2024-05-28,6.4444379806518555
2024-05,dgt_directed_road_adaptive,2026,2,2024-05-28 03:00:00,2024-05-28 04:00:00,2024-05-28,5.867857456207275
2024-05,dgt_directed_road_adaptive,2026,3,2024-05-28 03:00:00,2024-05-28 05:00:00,2024-05-28,4.915558338165283
2024-05,dgt_directed_road_adaptive,2026,6,2024-05-28 03:00:00,2024-05-28 08:00:00,2024-05-28,5.102312088012695
2024-05,dgt_directed_road_adaptive,2026,1,2024-05-28 04:00:00,2024-05-28 04:00:00,2024-05-28,5.886399269104004
2024-05,dgt_directed_road_adaptive,2026,2,2024-05-28 04:00:00,2024-05-28 05:00:00,2024-05-28,6.907366752624512
2024-05,dgt_directed_road_adaptive,2026,3,2024-05-28 04:00:00,2024-05-28 06:00:00,2024-05-28,4.403786659240723
2024-05,dgt_directed_road_adaptive,2026,6,2024-05-28 04:00:00,2024-05-28 09:00:00,2024-05-28,5.144853591918945
2024-05,dgt_directed_road_adaptive,2026,1,2024-05-28 05:00:00,2024-05-28 05:00:00,2024-05-28,4.871859073638916
2024-05,dgt_directed_road_adaptive,2026,2,2024-05-28 05:00:00,2024-05-28 06:00:00,2024-05-28,4.276412010192871
2024-05,dgt_directed_road_adaptive,2026,3,2024-05-28 05:00:00,2024-05-28 07:00:00,2024-05-28,5.647759437561035
2024-05,dgt_directed_road_adaptive,2026,6,2024-05-28 05:00:00,2024-05-28 10:00:00,2024-05-28,4.334051609039307
2024-05,dgt_directed_road_adaptive,2026,1,2024-05-28 06:00:00,2024-05-28 06:00:00,2024-05-28,4.126614570617676
2024-05,dgt_directed_road_adaptive,2026,2,2024-05-28 06:00:00,2024-05-28 07:00:00,2024-05-28,5.390310287475586
2024-05,dgt_directed_road_adaptive,2026,3,2024-05-28 06:00:00,2024-05-28 08:00:00,2024-05-28,4.897433280944824
2024-05,dgt_directed_road_adaptive,2026,6,2024-05-28 06:00:00,2024-05-28 11:00:00,2024-05-28,3.610818386077881
2024-05,dgt_directed_road_adaptive,2026,1,2024-05-28 07:00:00,2024-05-28 07:00:00,2024-05-28,5.135390758514404
2024-05,dgt_directed_road_adaptive,2026,2,2024-05-28 07:00:00,2024-05-28 08:00:00,2024-05-28,5.269293785095215
2024-05,dgt_directed_road_adaptive,2026,3,2024-05-28 07:00:00,2024-05-28 09:00:00,2024-05-28,4.994157791137695
2024-05,dgt_directed_road_adaptive,2026,6,2024-05-28 07:00:00,2024-05-28 12:00:00,2024-05-28,3.3419690132141113
2024-05,dgt_directed_road_adaptive,2026,1,2024-05-28 08:00:00,2024-05-28 08:00:00,2024-05-28,4.580846786499023
2024-05,dgt_directed_road_adaptive,2026,2,2024-05-28 08:00:00,2024-05-28 09:00:00,2024-05-28,4.380875110626221
2024-05,dgt_directed_road_adaptive,2026,3,2024-05-28 08:00:00,2024-05-28 10:00:00,2024-05-28,3.5103306770324707
2024-05,dgt_directed_road_adaptive,2026,6,2024-05-28 08:00:00,2024-05-28 13:00:00,2024-05-28,2.7614903450012207
2024-05,dgt_directed_road_adaptive,2026,1,2024-05-28 09:00:00,2024-05-28 09:00:00,2024-05-28,3.1918540000915527
2024-05,dgt_directed_road_adaptive,2026,2,2024-05-28 09:00:00,2024-05-28 10:00:00,2024-05-28,3.1232221126556396
2024-05,dgt_directed_road_adaptive,2026,3,2024-05-28 09:00:00,2024-05-28 11:00:00,2024-05-28,3.119823455810547
2024-05,dgt_directed_road_adaptive,2026,6,2024-05-28 09:00:00,2024-05-28 14:00:00,2024-05-28,3.5247504711151123
2024-05,dgt_directed_road_adaptive,2026,1,2024-05-28 10:00:00,2024-05-28 10:00:00,2024-05-28,2.5374255180358887
2024-05,dgt_directed_road_adaptive,2026,2,2024-05-28 10:00:00,2024-05-28 11:00:00,2024-05-28,3.0540738105773926
2024-05,dgt_directed_road_adaptive,2026,3,2024-05-28 10:00:00,2024-05-28 12:00:00,2024-05-28,3.0971994400024414
2024-05,dgt_directed_road_adaptive,2026,6,2024-05-28 10:00:00,2024-05-28 15:00:00,2024-05-28,2.3783533573150635
2024-05,dgt_directed_road_adaptive,2026,1,2024-05-28 11:00:00,2024-05-28 11:00:00,2024-05-28,3.037017583847046
2024-05,dgt_directed_road_adaptive,2026,2,2024-05-28 11:00:00,2024-05-28 12:00:00,2024-05-28,3.382047653198242
2024-05,dgt_directed_road_adaptive,2026,3,2024-05-28 11:00:00,2024-05-28 13:00:00,2024-05-28,2.8805696964263916
2024-05,dgt_directed_road_adaptive,2026,6,2024-05-28 11:00:00,2024-05-28 16:00:00,2024-05-28,3.671053409576416
2024-05,dgt_directed_road_adaptive,2026,1,2024-05-28 12:00:00,2024-05-28 12:00:00,2024-05-28,2.9385643005371094
2024-05,dgt_directed_road_adaptive,2026,2,2024-05-28 12:00:00,2024-05-28 13:00:00,2024-05-28,2.6328461170196533
2024-05,dgt_directed_road_adaptive,2026,3,2024-05-28 12:00:00,2024-05-28 14:00:00,2024-05-28,3.3028464317321777
2024-05,dgt_directed_road_adaptive,2026,6,2024-05-28 12:00:00,2024-05-28 17:00:00,2024-05-28,4.397459506988525
2024-05,dgt_directed_road_adaptive,2026,1,2024-05-28 13:00:00,2024-05-28 13:00:00,2024-05-28,2.2488598823547363
2024-05,dgt_directed_road_adaptive,2026,2,2024-05-28 13:00:00,2024-05-28 14:00:00,2024-05-28,3.232583522796631
2024-05,dgt_directed_road_adaptive,2026,3,2024-05-28 13:00:00,2024-05-28 15:00:00,2024-05-28,2.169788122177124
2024-05,dgt_directed_road_adaptive,2026,6,2024-05-28 13:00:00,2024-05-28 18:00:00,2024-05-28,5.4096808433532715
2024-05,dgt_directed_road_adaptive,2026,1,2024-05-28 14:00:00,2024-05-28 14:00:00,2024-05-28,2.5040225982666016
2024-05,dgt_directed_road_adaptive,2026,2,2024-05-28 14:00:00,2024-05-28 15:00:00,2024-05-28,2.2459068298339844
2024-05,dgt_directed_road_adaptive,2026,3,2024-05-28 14:00:00,2024-05-28 16:00:00,2024-05-28,3.6058096885681152
2024-05,dgt_directed_road_adaptive,2026,6,2024-05-28 14:00:00,2024-05-28 19:00:00,2024-05-28,4.267609596252441
2024-05,dgt_directed_road_adaptive,2026,1,2024-05-28 15:00:00,2024-05-28 15:00:00,2024-05-28,2.2477192878723145
2024-05,dgt_directed_road_adaptive,2026,2,2024-05-28 15:00:00,2024-05-28 16:00:00,2024-05-28,3.01724910736084
2024-05,dgt_directed_road_adaptive,2026,3,2024-05-28 15:00:00,2024-05-28 17:00:00,2024-05-28,4.03312873840332
2024-05,dgt_directed_road_adaptive,2026,6,2024-05-28 15:00:00,2024-05-28 20:00:00,2024-05-28,3.1551737785339355
2024-05,dgt_directed_road_adaptive,2026,1,2024-05-28 16:00:00,2024-05-28 16:00:00,2024-05-28,3.1120340824127197
2024-05,dgt_directed_road_adaptive,2026,2,2024-05-28 16:00:00,2024-05-28 17:00:00,2024-05-28,4.041104316711426
2024-05,dgt_directed_road_adaptive,2026,3,2024-05-28 16:00:00,2024-05-28 18:00:00,2024-05-28,4.775173187255859
2024-05,dgt_directed_road_adaptive,2026,6,2024-05-28 16:00:00,2024-05-28 21:00:00,2024-05-28,3.241806983947754
2024-05,dgt_directed_road_adaptive,2026,1,2024-05-28 17:00:00,2024-05-28 17:00:00,2024-05-28,3.54478120803833
2024-05,dgt_directed_road_adaptive,2026,2,2024-05-28 17:00:00,2024-05-28 18:00:00,2024-05-28,4.676183223724365
2024-05,dgt_directed_road_adaptive,2026,3,2024-05-28 17:00:00,2024-05-28 19:00:00,2024-05-28,4.306362152099609
2024-05,dgt_directed_road_adaptive,2026,6,2024-05-28 17:00:00,2024-05-28 22:00:00,2024-05-28,3.8638288974761963
2024-05,dgt_directed_road_adaptive,2026,1,2024-05-28 18:00:00,2024-05-28 18:00:00,2024-05-28,4.464066505432129
2024-05,dgt_directed_road_adaptive,2026,2,2024-05-28 18:00:00,2024-05-28 19:00:00,2024-05-28,4.024649620056152
2024-05,dgt_directed_road_adaptive,2026,3,2024-05-28 18:00:00,2024-05-28 20:00:00,2024-05-28,3.760681390762329
2024-05,dgt_directed_road_adaptive,2026,6,2024-05-28 18:00:00,2024-05-28 23:00:00,2024-05-28,3.7238500118255615
2024-05,dgt_directed_road_adaptive,2026,1,2024-05-28 19:00:00,2024-05-28 19:00:00,2024-05-28,3.1895241737365723
2024-05,dgt_directed_road_adaptive,2026,2,2024-05-28 19:00:00,2024-05-28 20:00:00,2024-05-28,3.3428854942321777
2024-05,dgt_directed_road_adaptive,2026,3,2024-05-28 19:00:00,2024-05-28 21:00:00,2024-05-28,3.5970234870910645
2024-05,dgt_directed_road_adaptive,2026,6,2024-05-28 19:00:00,2024-05-30 00:00:00,2024-05-30,4.241418361663818
2024-05,dgt_directed_road_adaptive,2026,1,2024-05-28 20:00:00,2024-05-28 20:00:00,2024-05-28,3.194664478302002
2024-05,dgt_directed_road_adaptive,2026,2,2024-05-28 20:00:00,2024-05-28 21:00:00,2024-05-28,3.2768194675445557
2024-05,dgt_directed_road_adaptive,2026,3,2024-05-28 20:00:00,2024-05-28 22:00:00,2024-05-28,3.786896228790283
2024-05,dgt_directed_road_adaptive,2026,6,2024-05-28 20:00:00,2024-05-30 01:00:00,2024-05-30,4.230878829956055
2024-05,dgt_directed_road_adaptive,2026,1,2024-05-28 21:00:00,2024-05-28 21:00:00,2024-05-28,2.7310409545898438
2024-05,dgt_directed_road_adaptive,2026,2,2024-05-28 21:00:00,2024-05-28 22:00:00,2024-05-28,3.529207229614258
2024-05,dgt_directed_road_adaptive,2026,3,2024-05-28 21:00:00,2024-05-28 23:00:00,2024-05-28,2.9483213424682617
2024-05,dgt_directed_road_adaptive,2026,6,2024-05-28 21:00:00,2024-05-30 02:00:00,2024-05-30,6.341606616973877
2024-05,dgt_directed_road_adaptive,2026,1,2024-05-28 22:00:00,2024-05-28 22:00:00,2024-05-28,3.2117271423339844
2024-05,dgt_directed_road_adaptive,2026,2,2024-05-28 22:00:00,2024-05-28 23:00:00,2024-05-28,3.2472176551818848
2024-05,dgt_directed_road_adaptive,2026,3,2024-05-28 22:00:00,2024-05-30 00:00:00,2024-05-30,3.524258852005005
2024-05,dgt_directed_road_adaptive,2026,6,2024-05-28 22:00:00,2024-05-30 03:00:00,2024-05-30,6.463810920715332
2024-05,dgt_directed_road_adaptive,2026,1,2024-05-28 23:00:00,2024-05-28 23:00:00,2024-05-28,3.3074448108673096
2024-05,dgt_directed_road_adaptive,2026,2,2024-05-28 23:00:00,2024-05-30 00:00:00,2024-05-30,3.4362082481384277
2024-05,dgt_directed_road_adaptive,2026,3,2024-05-28 23:00:00,2024-05-30 01:00:00,2024-05-30,4.6602888107299805
2024-05,dgt_directed_road_adaptive,2026,6,2024-05-28 23:00:00,2024-05-30 04:00:00,2024-05-30,4.5085344314575195
2024-05,dgt_directed_road_adaptive,2026,1,2024-05-30 00:00:00,2024-05-30 00:00:00,2024-05-30,3.5829546451568604
2024-05,dgt_directed_road_adaptive,2026,2,2024-05-30 00:00:00,2024-05-30 01:00:00,2024-05-30,4.114802360534668
2024-05,dgt_directed_road_adaptive,2026,3,2024-05-30 00:00:00,2024-05-30 02:00:00,2024-05-30,6.262428283691406
2024-05,dgt_directed_road_adaptive,2026,6,2024-05-30 00:00:00,2024-05-30 05:00:00,2024-05-30,3.9712228775024414
2024-05,dgt_directed_road_adaptive,2026,1,2024-05-30 01:00:00,2024-05-30 01:00:00,2024-05-30,4.746025085449219
2024-05,dgt_directed_road_adaptive,2026,2,2024-05-30 01:00:00,2024-05-30 02:00:00,2024-05-30,6.079690933227539
2024-05,dgt_directed_road_adaptive,2026,3,2024-05-30 01:00:00,2024-05-30 03:00:00,2024-05-30,6.488852500915527
2024-05,dgt_directed_road_adaptive,2026,6,2024-05-30 01:00:00,2024-05-30 06:00:00,2024-05-30,3.7228245735168457
2024-05,dgt_directed_road_adaptive,2026,1,2024-05-30 02:00:00,2024-05-30 02:00:00,2024-05-30,5.575379371643066
2024-05,dgt_directed_road_adaptive,2026,2,2024-05-30 02:00:00,2024-05-30 03:00:00,2024-05-30,6.036990165710449
2024-05,dgt_directed_road_adaptive,2026,3,2024-05-30 02:00:00,2024-05-30 04:00:00,2024-05-30,4.46848201751709
2024-05,dgt_directed_road_adaptive,2026,6,2024-05-30 02:00:00,2024-05-30 07:00:00,2024-05-30,4.812538146972656
2024-05,dgt_directed_road_adaptive,2026,1,2024-05-30 03:00:00,2024-05-30 03:00:00,2024-05-30,6.418388366699219
2024-05,dgt_directed_road_adaptive,2026,2,2024-05-30 03:00:00,2024-05-30 04:00:00,2024-05-30,4.080594062805176
2024-05,dgt_directed_road_adaptive,2026,3,2024-05-30 03:00:00,2024-05-30 05:00:00,2024-05-30,3.9690968990325928
2024-05,dgt_directed_road_adaptive,2026,6,2024-05-30 03:00:00,2024-05-30 08:00:00,2024-05-30,5.387815475463867
2024-05,dgt_directed_road_adaptive,2026,1,2024-05-30 04:00:00,2024-05-30 04:00:00,2024-05-30,3.9988436698913574
2024-05,dgt_directed_road_adaptive,2026,2,2024-05-30 04:00:00,2024-05-30 05:00:00,2024-05-30,3.538264751434326
2024-05,dgt_directed_road_adaptive,2026,3,2024-05-30 04:00:00,2024-05-30 06:00:00,2024-05-30,4.125012397766113
2024-05,dgt_directed_road_adaptive,2026,6,2024-05-30 04:00:00,2024-05-30 09:00:00,2024-05-30,5.4943318367004395
2024-05,dgt_directed_road_adaptive,2026,1,2024-05-30 05:00:00,2024-05-30 05:00:00,2024-05-30,3.443605422973633
2024-05,dgt_directed_road_adaptive,2026,2,2024-05-30 05:00:00,2024-05-30 06:00:00,2024-05-30,3.8545897006988525
2024-05,dgt_directed_road_adaptive,2026,3,2024-05-30 05:00:00,2024-05-30 07:00:00,2024-05-30,3.410144567489624
2024-05,dgt_directed_road_adaptive,2026,6,2024-05-30 05:00:00,2024-05-30 10:00:00,2024-05-30,5.55327844619751
2024-05,dgt_directed_road_adaptive,2026,1,2024-05-30 06:00:00,2024-05-30 06:00:00,2024-05-30,4.077964782714844
2024-05,dgt_directed_road_adaptive,2026,2,2024-05-30 06:00:00,2024-05-30 07:00:00,2024-05-30,3.236534595489502
2024-05,dgt_directed_road_adaptive,2026,3,2024-05-30 06:00:00,2024-05-30 08:00:00,2024-05-30,3.700209140777588
2024-05,dgt_directed_road_adaptive,2026,6,2024-05-30 06:00:00,2024-05-30 11:00:00,2024-05-30,3.703791618347168
2024-05,dgt_directed_road_adaptive,2026,1,2024-05-30 07:00:00,2024-05-30 07:00:00,2024-05-30,3.8844361305236816
2024-05,dgt_directed_road_adaptive,2026,2,2024-05-30 07:00:00,2024-05-30 08:00:00,2024-05-30,3.780973196029663
2024-05,dgt_directed_road_adaptive,2026,3,2024-05-30 07:00:00,2024-05-30 09:00:00,2024-05-30,3.7597546577453613
2024-05,dgt_directed_road_adaptive,2026,6,2024-05-30 07:00:00,2024-05-30 12:00:00,2024-05-30,2.806692361831665
2024-05,dgt_directed_road_adaptive,2026,1,2024-05-30 08:00:00,2024-05-30 08:00:00,2024-05-30,3.6859443187713623
2024-05,dgt_directed_road_adaptive,2026,2,2024-05-30 08:00:00,2024-05-30 09:00:00,2024-05-30,3.2114458084106445
2024-05,dgt_directed_road_adaptive,2026,3,2024-05-30 08:00:00,2024-05-30 10:00:00,2024-05-30,3.3857171535491943
2024-05,dgt_directed_road_adaptive,2026,6,2024-05-30 08:00:00,2024-05-30 13:00:00,2024-05-30,2.601733922958374
2024-05,dgt_directed_road_adaptive,2026,1,2024-05-30 09:00:00,2024-05-30 09:00:00,2024-05-30,3.0201668739318848
2024-05,dgt_directed_road_adaptive,2026,2,2024-05-30 09:00:00,2024-05-30 10:00:00,2024-05-30,3.2929024696350098
2024-05,dgt_directed_road_adaptive,2026,3,2024-05-30 09:00:00,2024-05-30 11:00:00,2024-05-30,3.3523566722869873
2024-05,dgt_directed_road_adaptive,2026,6,2024-05-30 09:00:00,2024-05-30 14:00:00,2024-05-30,2.9946858882904053
2024-05,dgt_directed_road_adaptive,2026,1,2024-05-30 10:00:00,2024-05-30 10:00:00,2024-05-30,3.3046693801879883
2024-05,dgt_directed_road_adaptive,2026,2,2024-05-30 10:00:00,2024-05-30 11:00:00,2024-05-30,3.0390686988830566
2024-05,dgt_directed_road_adaptive,2026,3,2024-05-30 10:00:00,2024-05-30 12:00:00,2024-05-30,2.7669625282287598
2024-05,dgt_directed_road_adaptive,2026,6,2024-05-30 10:00:00,2024-05-30 15:00:00,2024-05-30,2.916025161743164
2024-05,dgt_directed_road_adaptive,2026,1,2024-05-30 11:00:00,2024-05-30 11:00:00,2024-05-30,2.953248977661133
2024-05,dgt_directed_road_adaptive,2026,2,2024-05-30 11:00:00,2024-05-30 12:00:00,2024-05-30,2.6818628311157227
2024-05,dgt_directed_road_adaptive,2026,3,2024-05-30 11:00:00,2024-05-30 13:00:00,2024-05-30,2.5666489601135254
2024-05,dgt_directed_road_adaptive,2026,6,2024-05-30 11:00:00,2024-05-30 16:00:00,2024-05-30,3.374436378479004
2024-05,dgt_directed_road_adaptive,2026,1,2024-05-30 12:00:00,2024-05-30 12:00:00,2024-05-30,2.6654391288757324
2024-05,dgt_directed_road_adaptive,2026,2,2024-05-30 12:00:00,2024-05-30 13:00:00,2024-05-30,2.5059099197387695
2024-05,dgt_directed_road_adaptive,2026,3,2024-05-30 12:00:00,2024-05-30 14:00:00,2024-05-30,2.6702728271484375
2024-05,dgt_directed_road_adaptive,2026,6,2024-05-30 12:00:00,2024-05-30 17:00:00,2024-05-30,3.3944504261016846
2024-05,dgt_directed_road_adaptive,2026,1,2024-05-30 13:00:00,2024-05-30 13:00:00,2024-05-30,2.261268377304077
2024-05,dgt_directed_road_adaptive,2026,2,2024-05-30 13:00:00,2024-05-30 14:00:00,2024-05-30,2.711799144744873
2024-05,dgt_directed_road_adaptive,2026,3,2024-05-30 13:00:00,2024-05-30 15:00:00,2024-05-30,2.923154830932617
2024-05,dgt_directed_road_adaptive,2026,6,2024-05-30 13:00:00,2024-05-30 18:00:00,2024-05-30,5.260266304016113
2024-05,dgt_directed_road_adaptive,2026,1,2024-05-30 14:00:00,2024-05-30 14:00:00,2024-05-30,2.7911953926086426
2024-05,dgt_directed_road_adaptive,2026,2,2024-05-30 14:00:00,2024-05-30 15:00:00,2024-05-30,2.8637709617614746
2024-05,dgt_directed_road_adaptive,2026,3,2024-05-30 14:00:00,2024-05-30 16:00:00,2024-05-30,3.3893561363220215
2024-05,dgt_directed_road_adaptive,2026,6,2024-05-30 14:00:00,2024-05-30 19:00:00,2024-05-30,3.3804659843444824
2024-05,dgt_directed_road_adaptive,2026,1,2024-05-30 15:00:00,2024-05-30 15:00:00,2024-05-30,2.9412474632263184
2024-05,dgt_directed_road_adaptive,2026,2,2024-05-30 15:00:00,2024-05-30 16:00:00,2024-05-30,3.298556327819824
2024-05,dgt_directed_road_adaptive,2026,3,2024-05-30 15:00:00,2024-05-30 17:00:00,2024-05-30,3.463637351989746
2024-05,dgt_directed_road_adaptive,2026,6,2024-05-30 15:00:00,2024-05-30 20:00:00,2024-05-30,3.5327045917510986
2024-05,dgt_directed_road_adaptive,2026,1,2024-05-30 16:00:00,2024-05-30 16:00:00,2024-05-30,2.8474953174591064
2024-05,dgt_directed_road_adaptive,2026,2,2024-05-30 16:00:00,2024-05-30 17:00:00,2024-05-30,3.2779226303100586
2024-05,dgt_directed_road_adaptive,2026,3,2024-05-30 16:00:00,2024-05-30 18:00:00,2024-05-30,4.87992525100708
2024-05,dgt_directed_road_adaptive,2026,6,2024-05-30 16:00:00,2024-05-30 21:00:00,2024-05-30,4.427474498748779
2024-05,dgt_directed_road_adaptive,2026,1,2024-05-30 17:00:00,2024-05-30 17:00:00,2024-05-30,3.222773790359497
2024-05,dgt_directed_road_adaptive,2026,2,2024-05-30 17:00:00,2024-05-30 18:00:00,2024-05-30,4.669361114501953
2024-05,dgt_directed_road_adaptive,2026,3,2024-05-30 17:00:00,2024-05-30 19:00:00,2024-05-30,3.3341360092163086
2024-05,dgt_directed_road_adaptive,2026,6,2024-05-30 17:00:00,2024-05-30 22:00:00,2024-05-30,3.8164255619049072
2024-05,dgt_directed_road_adaptive,2026,1,2024-05-30 18:00:00,2024-05-30 18:00:00,2024-05-30,3.8345866203308105
2024-05,dgt_directed_road_adaptive,2026,2,2024-05-30 18:00:00,2024-05-30 19:00:00,2024-05-30,3.1946663856506348
2024-05,dgt_directed_road_adaptive,2026,3,2024-05-30 18:00:00,2024-05-30 20:00:00,2024-05-30,3.723665714263916
2024-05,dgt_directed_road_adaptive,2026,6,2024-05-30 18:00:00,2024-05-30 23:00:00,2024-05-30,3.4496731758117676
2024-05,dgt_directed_road_adaptive,2026,1,2024-05-30 19:00:00,2024-05-30 19:00:00,2024-05-30,3.196089506149292
2024-05,dgt_directed_road_adaptive,2026,2,2024-05-30 19:00:00,2024-05-30 20:00:00,2024-05-30,3.693769931793213
2024-05,dgt_directed_road_adaptive,2026,3,2024-05-30 19:00:00,2024-05-30 21:00:00,2024-05-30,3.6238656044006348
2024-05,dgt_directed_road_adaptive,2026,6,2024-05-30 19:00:00,2024-05-31 00:00:00,2024-05-31,4.502391815185547
2024-05,dgt_directed_road_adaptive,2026,1,2024-05-30 20:00:00,2024-05-30 20:00:00,2024-05-30,3.12573504447937
2024-05,dgt_directed_road_adaptive,2026,2,2024-05-30 20:00:00,2024-05-30 21:00:00,2024-05-30,3.973020315170288
2024-05,dgt_directed_road_adaptive,2026,3,2024-05-30 20:00:00,2024-05-30 22:00:00,2024-05-30,2.5603976249694824
2024-05,dgt_directed_road_adaptive,2026,6,2024-05-30 20:00:00,2024-05-31 01:00:00,2024-05-31,3.691472291946411
2024-05,dgt_directed_road_adaptive,2026,1,2024-05-30 21:00:00,2024-05-30 21:00:00,2024-05-30,3.8272454738616943
2024-05,dgt_directed_road_adaptive,2026,2,2024-05-30 21:00:00,2024-05-30 22:00:00,2024-05-30,2.5050837993621826
2024-05,dgt_directed_road_adaptive,2026,3,2024-05-30 21:00:00,2024-05-30 23:00:00,2024-05-30,2.7903881072998047
2024-05,dgt_directed_road_adaptive,2026,6,2024-05-30 21:00:00,2024-05-31 02:00:00,2024-05-31,4.170494079589844
2024-05,dgt_directed_road_adaptive,2026,1,2024-05-30 22:00:00,2024-05-30 22:00:00,2024-05-30,2.424337863922119
2024-05,dgt_directed_road_adaptive,2026,2,2024-05-30 22:00:00,2024-05-30 23:00:00,2024-05-30,2.6148791313171387
2024-05,dgt_directed_road_adaptive,2026,3,2024-05-30 22:00:00,2024-05-31 00:00:00,2024-05-31,4.2448625564575195
2024-05,dgt_directed_road_adaptive,2026,6,2024-05-30 22:00:00,2024-05-31 03:00:00,2024-05-31,5.184626579284668
2024-05,dgt_directed_road_adaptive,2026,1,2024-05-30 23:00:00,2024-05-30 23:00:00,2024-05-30,2.621060848236084
2024-05,dgt_directed_road_adaptive,2026,2,2024-05-30 23:00:00,2024-05-31 00:00:00,2024-05-31,3.907224655151367
2024-05,dgt_directed_road_adaptive,2026,3,2024-05-30 23:00:00,2024-05-31 01:00:00,2024-05-31,3.56718111038208
2024-05,dgt_directed_road_adaptive,2026,6,2024-05-30 23:00:00,2024-05-31 04:00:00,2024-05-31,4.68552303314209
2024-05,dgt_directed_road_adaptive,2026,1,2024-05-31 00:00:00,2024-05-31 00:00:00,2024-05-31,3.697755813598633
2024-05,dgt_directed_road_adaptive,2026,2,2024-05-31 00:00:00,2024-05-31 01:00:00,2024-05-31,3.4694137573242188
2024-05,dgt_directed_road_adaptive,2026,3,2024-05-31 00:00:00,2024-05-31 02:00:00,2024-05-31,4.311435699462891
2024-05,dgt_directed_road_adaptive,2026,6,2024-05-31 00:00:00,2024-05-31 05:00:00,2024-05-31,3.701032876968384
2024-05,dgt_directed_road_adaptive,2026,1,2024-05-31 01:00:00,2024-05-31 01:00:00,2024-05-31,4.011870384216309
2024-05,dgt_directed_road_adaptive,2026,2,2024-05-31 01:00:00,2024-05-31 02:00:00,2024-05-31,4.8001708984375
2024-05,dgt_directed_road_adaptive,2026,3,2024-05-31 01:00:00,2024-05-31 03:00:00,2024-05-31,4.868551254272461
2024-05,dgt_directed_road_adaptive,2026,6,2024-05-31 01:00:00,2024-05-31 06:00:00,2024-05-31,3.466294050216675
2024-05,dgt_directed_road_adaptive,2026,1,2024-05-31 02:00:00,2024-05-31 02:00:00,2024-05-31,4.244339466094971
2024-05,dgt_directed_road_adaptive,2026,2,2024-05-31 02:00:00,2024-05-31 03:00:00,2024-05-31,4.8719940185546875
2024-05,dgt_directed_road_adaptive,2026,3,2024-05-31 02:00:00,2024-05-31 04:00:00,2024-05-31,4.601894378662109
2024-05,dgt_directed_road_adaptive,2026,6,2024-05-31 02:00:00,2024-05-31 07:00:00,2024-05-31,4.380075454711914
2024-05,dgt_directed_road_adaptive,2026,1,2024-05-31 03:00:00,2024-05-31 03:00:00,2024-05-31,5.828318119049072
2024-05,dgt_directed_road_adaptive,2026,2,2024-05-31 03:00:00,2024-05-31 04:00:00,2024-05-31,5.076250076293945
2024-05,dgt_directed_road_adaptive,2026,3,2024-05-31 03:00:00,2024-05-31 05:00:00,2024-05-31,3.708580732345581
2024-05,dgt_directed_road_adaptive,2026,6,2024-05-31 03:00:00,2024-05-31 08:00:00,2024-05-31,5.806474685668945
2024-05,dgt_directed_road_adaptive,2026,1,2024-05-31 04:00:00,2024-05-31 04:00:00,2024-05-31,4.8989176750183105
2024-05,dgt_directed_road_adaptive,2026,2,2024-05-31 04:00:00,2024-05-31 05:00:00,2024-05-31,3.9738481044769287
2024-05,dgt_directed_road_adaptive,2026,3,2024-05-31 04:00:00,2024-05-31 06:00:00,2024-05-31,3.631192922592163
2024-05,dgt_directed_road_adaptive,2026,6,2024-05-31 04:00:00,2024-05-31 09:00:00,2024-05-31,3.462167263031006
2024-05,dgt_directed_road_adaptive,2026,1,2024-05-31 05:00:00,2024-05-31 05:00:00,2024-05-31,4.081714630126953
2024-05,dgt_directed_road_adaptive,2026,2,2024-05-31 05:00:00,2024-05-31 06:00:00,2024-05-31,3.202630043029785
2024-05,dgt_directed_road_adaptive,2026,3,2024-05-31 05:00:00,2024-05-31 07:00:00,2024-05-31,3.666349411010742
2024-05,dgt_directed_road_adaptive,2026,6,2024-05-31 05:00:00,2024-05-31 10:00:00,2024-05-31,3.4489502906799316
2024-05,dgt_directed_road_adaptive,2026,1,2024-05-31 06:00:00,2024-05-31 06:00:00,2024-05-31,3.082752227783203
2024-05,dgt_directed_road_adaptive,2026,2,2024-05-31 06:00:00,2024-05-31 07:00:00,2024-05-31,2.950803756713867
2024-05,dgt_directed_road_adaptive,2026,3,2024-05-31 06:00:00,2024-05-31 08:00:00,2024-05-31,3.9376699924468994
2024-05,dgt_directed_road_adaptive,2026,6,2024-05-31 06:00:00,2024-05-31 11:00:00,2024-05-31,2.3956427574157715
2024-05,dgt_directed_road_adaptive,2026,1,2024-05-31 07:00:00,2024-05-31 07:00:00,2024-05-31,3.2148308753967285
2024-05,dgt_directed_road_adaptive,2026,2,2024-05-31 07:00:00,2024-05-31 08:00:00,2024-05-31,4.336919784545898
2024-05,dgt_directed_road_adaptive,2026,3,2024-05-31 07:00:00,2024-05-31 09:00:00,2024-05-31,3.4959146976470947
2024-05,dgt_directed_road_adaptive,2026,6,2024-05-31 07:00:00,2024-05-31 12:00:00,2024-05-31,2.4856839179992676
2024-05,dgt_directed_road_adaptive,2026,1,2024-05-31 08:00:00,2024-05-31 08:00:00,2024-05-31,4.341037273406982
2024-05,dgt_directed_road_adaptive,2026,2,2024-05-31 08:00:00,2024-05-31 09:00:00,2024-05-31,3.419128894805908
2024-05,dgt_directed_road_adaptive,2026,3,2024-05-31 08:00:00,2024-05-31 10:00:00,2024-05-31,3.427149772644043
2024-05,dgt_directed_road_adaptive,2026,6,2024-05-31 08:00:00,2024-05-31 13:00:00,2024-05-31,2.886160373687744
2024-05,dgt_directed_road_adaptive,2026,1,2024-05-31 09:00:00,2024-05-31 09:00:00,2024-05-31,3.191432476043701
2024-05,dgt_directed_road_adaptive,2026,2,2024-05-31 09:00:00,2024-05-31 10:00:00,2024-05-31,3.572096824645996
2024-05,dgt_directed_road_adaptive,2026,3,2024-05-31 09:00:00,2024-05-31 11:00:00,2024-05-31,3.1120693683624268
2024-05,dgt_directed_road_adaptive,2026,6,2024-05-31 09:00:00,2024-05-31 14:00:00,2024-05-31,2.8086700439453125
2024-05,dgt_directed_road_adaptive,2026,1,2024-05-31 10:00:00,2024-05-31 10:00:00,2024-05-31,2.7906618118286133
2024-05,dgt_directed_road_adaptive,2026,2,2024-05-31 10:00:00,2024-05-31 11:00:00,2024-05-31,2.8114829063415527
2024-05,dgt_directed_road_adaptive,2026,3,2024-05-31 10:00:00,2024-05-31 12:00:00,2024-05-31,2.592895746231079
2024-05,dgt_directed_road_adaptive,2026,6,2024-05-31 10:00:00,2024-05-31 15:00:00,2024-05-31,2.6492648124694824
2024-05,dgt_directed_road_adaptive,2026,1,2024-05-31 11:00:00,2024-05-31 11:00:00,2024-05-31,2.5349619388580322
2024-05,dgt_directed_road_adaptive,2026,2,2024-05-31 11:00:00,2024-05-31 12:00:00,2024-05-31,2.660498857498169
2024-05,dgt_directed_road_adaptive,2026,3,2024-05-31 11:00:00,2024-05-31 13:00:00,2024-05-31,3.013956308364868
2024-05,dgt_directed_road_adaptive,2026,6,2024-05-31 11:00:00,2024-05-31 16:00:00,2024-05-31,3.2936325073242188
2024-05,dgt_directed_road_adaptive,2026,1,2024-05-31 12:00:00,2024-05-31 12:00:00,2024-05-31,2.2545788288116455
2024-05,dgt_directed_road_adaptive,2026,2,2024-05-31 12:00:00,2024-05-31 13:00:00,2024-05-31,2.262373208999634
2024-05,dgt_directed_road_adaptive,2026,3,2024-05-31 12:00:00,2024-05-31 14:00:00,2024-05-31,2.484386444091797
2024-05,dgt_directed_road_adaptive,2026,6,2024-05-31 12:00:00,2024-05-31 17:00:00,2024-05-31,4.570941925048828
2024-05,dgt_directed_road_adaptive,2026,1,2024-05-31 13:00:00,2024-05-31 13:00:00,2024-05-31,2.693310499191284
2024-05,dgt_directed_road_adaptive,2026,2,2024-05-31 13:00:00,2024-05-31 14:00:00,2024-05-31,2.4062371253967285
2024-05,dgt_directed_road_adaptive,2026,3,2024-05-31 13:00:00,2024-05-31 15:00:00,2024-05-31,2.4877700805664062
2024-05,dgt_directed_road_adaptive,2026,6,2024-05-31 13:00:00,2024-05-31 18:00:00,2024-05-31,5.950214385986328
2024-05,dgt_directed_road_adaptive,2026,1,2024-05-31 14:00:00,2024-05-31 14:00:00,2024-05-31,2.484025478363037
2024-05,dgt_directed_road_adaptive,2026,2,2024-05-31 14:00:00,2024-05-31 15:00:00,2024-05-31,3.0863587856292725
2024-05,dgt_directed_road_adaptive,2026,3,2024-05-31 14:00:00,2024-05-31 16:00:00,2024-05-31,3.357670783996582
2024-05,dgt_directed_road_adaptive,2026,6,2024-05-31 14:00:00,2024-05-31 19:00:00,2024-05-31,4.688805103302002
2024-05,dgt_directed_road_adaptive,2026,1,2024-05-31 15:00:00,2024-05-31 15:00:00,2024-05-31,2.8573780059814453
2024-05,dgt_directed_road_adaptive,2026,2,2024-05-31 15:00:00,2024-05-31 16:00:00,2024-05-31,3.6789157390594482
2024-05,dgt_directed_road_adaptive,2026,3,2024-05-31 15:00:00,2024-05-31 17:00:00,2024-05-31,4.4898576736450195
2024-05,dgt_directed_road_adaptive,2026,6,2024-05-31 15:00:00,2024-05-31 20:00:00,2024-05-31,4.707612037658691
2024-05,dgt_directed_road_adaptive,2026,1,2024-05-31 16:00:00,2024-05-31 16:00:00,2024-05-31,2.787675142288208
2024-05,dgt_directed_road_adaptive,2026,2,2024-05-31 16:00:00,2024-05-31 17:00:00,2024-05-31,4.383913993835449
2024-05,dgt_directed_road_adaptive,2026,3,2024-05-31 16:00:00,2024-05-31 18:00:00,2024-05-31,5.181601524353027
2024-05,dgt_directed_road_adaptive,2026,6,2024-05-31 16:00:00,2024-05-31 21:00:00,2024-05-31,3.8039333820343018
2024-05,dgt_directed_road_adaptive,2026,1,2024-05-31 17:00:00,2024-05-31 17:00:00,2024-05-31,3.5228004455566406
2024-05,dgt_directed_road_adaptive,2026,2,2024-05-31 17:00:00,2024-05-31 18:00:00,2024-05-31,5.330977439880371
2024-05,dgt_directed_road_adaptive,2026,3,2024-05-31 17:00:00,2024-05-31 19:00:00,2024-05-31,4.06907320022583
2024-05,dgt_directed_road_adaptive,2026,6,2024-05-31 17:00:00,2024-05-31 22:00:00,2024-05-31,4.308320999145508
2024-05,temporal_mlp,2027,1,2024-05-25 15:00:00,2024-05-25 15:00:00,2024-05-25,2.382081985473633
2024-05,temporal_mlp,2027,2,2024-05-25 15:00:00,2024-05-25 16:00:00,2024-05-25,2.640986442565918
2024-05,temporal_mlp,2027,3,2024-05-25 15:00:00,2024-05-25 17:00:00,2024-05-25,3.052558660507202
2024-05,temporal_mlp,2027,6,2024-05-25 15:00:00,2024-05-25 20:00:00,2024-05-25,3.6033780574798584
2024-05,temporal_mlp,2027,1,2024-05-25 16:00:00,2024-05-25 16:00:00,2024-05-25,2.7184741497039795
2024-05,temporal_mlp,2027,2,2024-05-25 16:00:00,2024-05-25 17:00:00,2024-05-25,2.914379358291626
2024-05,temporal_mlp,2027,3,2024-05-25 16:00:00,2024-05-25 18:00:00,2024-05-25,4.471869468688965
2024-05,temporal_mlp,2027,6,2024-05-25 16:00:00,2024-05-25 21:00:00,2024-05-25,3.4423012733459473
2024-05,temporal_mlp,2027,1,2024-05-25 17:00:00,2024-05-25 17:00:00,2024-05-25,2.700124502182007
2024-05,temporal_mlp,2027,2,2024-05-25 17:00:00,2024-05-25 18:00:00,2024-05-25,4.456557273864746
2024-05,temporal_mlp,2027,3,2024-05-25 17:00:00,2024-05-25 19:00:00,2024-05-25,3.9321110248565674
2024-05,temporal_mlp,2027,6,2024-05-25 17:00:00,2024-05-25 22:00:00,2024-05-25,4.005985736846924
2024-05,temporal_mlp,2027,1,2024-05-25 18:00:00,2024-05-25 18:00:00,2024-05-25,4.665334224700928
2024-05,temporal_mlp,2027,2,2024-05-25 18:00:00,2024-05-25 19:00:00,2024-05-25,4.157710075378418
2024-05,temporal_mlp,2027,3,2024-05-25 18:00:00,2024-05-25 20:00:00,2024-05-25,3.212641716003418
2024-05,temporal_mlp,2027,6,2024-05-25 18:00:00,2024-05-25 23:00:00,2024-05-25,3.8088881969451904
2024-05,temporal_mlp,2027,1,2024-05-25 19:00:00,2024-05-25 19:00:00,2024-05-25,3.699202537536621
2024-05,temporal_mlp,2027,2,2024-05-25 19:00:00,2024-05-25 20:00:00,2024-05-25,2.9497838020324707
2024-05,temporal_mlp,2027,3,2024-05-25 19:00:00,2024-05-25 21:00:00,2024-05-25,3.455967426300049
2024-05,temporal_mlp,2027,6,2024-05-25 19:00:00,2024-05-26 00:00:00,2024-05-26,4.614251613616943
2024-05,temporal_mlp,2027,1,2024-05-25 20:00:00,2024-05-25 20:00:00,2024-05-25,2.5534186363220215
2024-05,temporal_mlp,2027,2,2024-05-25 20:00:00,2024-05-25 21:00:00,2024-05-25,3.5977396965026855
2024-05,temporal_mlp,2027,3,2024-05-25 20:00:00,2024-05-25 22:00:00,2024-05-25,3.441532850265503
2024-05,temporal_mlp,2027,6,2024-05-25 20:00:00,2024-05-26 01:00:00,2024-05-26,6.445223808288574
2024-05,temporal_mlp,2027,1,2024-05-25 21:00:00,2024-05-25 21:00:00,2024-05-25,3.4432926177978516
2024-05,temporal_mlp,2027,2,2024-05-25 21:00:00,2024-05-25 22:00:00,2024-05-25,3.5085465908050537
2024-05,temporal_mlp,2027,3,2024-05-25 21:00:00,2024-05-25 23:00:00,2024-05-25,3.4357943534851074
2024-05,temporal_mlp,2027,6,2024-05-25 21:00:00,2024-05-26 02:00:00,2024-05-26,5.7947516441345215
2024-05,temporal_mlp,2027,1,2024-05-25 22:00:00,2024-05-25 22:00:00,2024-05-25,3.216188907623291
2024-05,temporal_mlp,2027,2,2024-05-25 22:00:00,2024-05-25 23:00:00,2024-05-25,3.5981884002685547
2024-05,temporal_mlp,2027,3,2024-05-25 22:00:00,2024-05-26 00:00:00,2024-05-26,4.36495304107666
2024-05,temporal_mlp,2027,6,2024-05-25 22:00:00,2024-05-26 03:00:00,2024-05-26,6.361563205718994
2024-05,temporal_mlp,2027,1,2024-05-25 23:00:00,2024-05-25 23:00:00,2024-05-25,3.9964070320129395
2024-05,temporal_mlp,2027,2,2024-05-25 23:00:00,2024-05-26 00:00:00,2024-05-26,4.159746170043945
2024-05,temporal_mlp,2027,3,2024-05-25 23:00:00,2024-05-26 01:00:00,2024-05-26,6.528489112854004
2024-05,temporal_mlp,2027,6,2024-05-25 23:00:00,2024-05-26 04:00:00,2024-05-26,4.916027069091797
2024-05,temporal_mlp,2027,1,2024-05-26 00:00:00,2024-05-26 00:00:00,2024-05-26,4.817293167114258
2024-05,temporal_mlp,2027,2,2024-05-26 00:00:00,2024-05-26 01:00:00,2024-05-26,6.517127513885498
2024-05,temporal_mlp,2027,3,2024-05-26 00:00:00,2024-05-26 02:00:00,2024-05-26,5.481849670410156
2024-05,temporal_mlp,2027,6,2024-05-26 00:00:00,2024-05-26 05:00:00,2024-05-26,4.944032192230225
2024-05,temporal_mlp,2027,1,2024-05-26 01:00:00,2024-05-26 01:00:00,2024-05-26,6.70401668548584
2024-05,temporal_mlp,2027,2,2024-05-26 01:00:00,2024-05-26 02:00:00,2024-05-26,5.411562919616699
2024-05,temporal_mlp,2027,3,2024-05-26 01:00:00,2024-05-26 03:00:00,2024-05-26,6.415207386016846
2024-05,temporal_mlp,2027,6,2024-05-26 01:00:00,2024-05-26 06:00:00,2024-05-26,4.069893836975098
2024-05,temporal_mlp,2027,1,2024-05-26 02:00:00,2024-05-26 02:00:00,2024-05-26,5.699789524078369
2024-05,temporal_mlp,2027,2,2024-05-26 02:00:00,2024-05-26 03:00:00,2024-05-26,7.056875228881836
2024-05,temporal_mlp,2027,3,2024-05-26 02:00:00,2024-05-26 04:00:00,2024-05-26,4.985254287719727
2024-05,temporal_mlp,2027,6,2024-05-26 02:00:00,2024-05-26 07:00:00,2024-05-26,4.240585803985596
2024-05,temporal_mlp,2027,1,2024-05-26 03:00:00,2024-05-26 03:00:00,2024-05-26,6.720192909240723
2024-05,temporal_mlp,2027,2,2024-05-26 03:00:00,2024-05-26 04:00:00,2024-05-26,5.255380630493164
2024-05,temporal_mlp,2027,3,2024-05-26 03:00:00,2024-05-26 05:00:00,2024-05-26,5.003047943115234
2024-05,temporal_mlp,2027,6,2024-05-26 03:00:00,2024-05-26 08:00:00,2024-05-26,3.0362277030944824
2024-05,temporal_mlp,2027,1,2024-05-26 04:00:00,2024-05-26 04:00:00,2024-05-26,5.7997589111328125
2024-05,temporal_mlp,2027,2,2024-05-26 04:00:00,2024-05-26 05:00:00,2024-05-26,5.68282413482666
2024-05,temporal_mlp,2027,3,2024-05-26 04:00:00,2024-05-26 06:00:00,2024-05-26,4.2456889152526855
2024-05,temporal_mlp,2027,6,2024-05-26 04:00:00,2024-05-26 09:00:00,2024-05-26,3.9255990982055664
2024-05,temporal_mlp,2027,1,2024-05-26 05:00:00,2024-05-26 05:00:00,2024-05-26,5.425335884094238
2024-05,temporal_mlp,2027,2,2024-05-26 05:00:00,2024-05-26 06:00:00,2024-05-26,3.8147268295288086
2024-05,temporal_mlp,2027,3,2024-05-26 05:00:00,2024-05-26 07:00:00,2024-05-26,3.9904561042785645
2024-05,temporal_mlp,2027,6,2024-05-26 05:00:00,2024-05-26 10:00:00,2024-05-26,4.457335948944092
2024-05,temporal_mlp,2027,1,2024-05-26 06:00:00,2024-05-26 06:00:00,2024-05-26,3.9858570098876953
2024-05,temporal_mlp,2027,2,2024-05-26 06:00:00,2024-05-26 07:00:00,2024-05-26,4.203610420227051
2024-05,temporal_mlp,2027,3,2024-05-26 06:00:00,2024-05-26 08:00:00,2024-05-26,3.4076309204101562
2024-05,temporal_mlp,2027,6,2024-05-26 06:00:00,2024-05-26 11:00:00,2024-05-26,3.714790105819702
2024-05,temporal_mlp,2027,1,2024-05-26 07:00:00,2024-05-26 07:00:00,2024-05-26,3.7768473625183105
2024-05,temporal_mlp,2027,2,2024-05-26 07:00:00,2024-05-26 08:00:00,2024-05-26,3.2890515327453613
2024-05,temporal_mlp,2027,3,2024-05-26 07:00:00,2024-05-26 09:00:00,2024-05-26,4.092303276062012
2024-05,temporal_mlp,2027,6,2024-05-26 07:00:00,2024-05-26 12:00:00,2024-05-26,4.544539451599121
2024-05,temporal_mlp,2027,1,2024-05-26 08:00:00,2024-05-26 08:00:00,2024-05-26,3.0169410705566406
2024-05,temporal_mlp,2027,2,2024-05-26 08:00:00,2024-05-26 09:00:00,2024-05-26,4.051082611083984
2024-05,temporal_mlp,2027,3,2024-05-26 08:00:00,2024-05-26 10:00:00,2024-05-26,4.241795539855957
2024-05,temporal_mlp,2027,6,2024-05-26 08:00:00,2024-05-26 13:00:00,2024-05-26,4.427783489227295
2024-05,temporal_mlp,2027,1,2024-05-26 09:00:00,2024-05-26 09:00:00,2024-05-26,3.741105079650879
2024-05,temporal_mlp,2027,2,2024-05-26 09:00:00,2024-05-26 10:00:00,2024-05-26,4.223579406738281
2024-05,temporal_mlp,2027,3,2024-05-26 09:00:00,2024-05-26 11:00:00,2024-05-26,3.5601937770843506
2024-05,temporal_mlp,2027,6,2024-05-26 09:00:00,2024-05-26 14:00:00,2024-05-26,3.254295587539673
2024-05,temporal_mlp,2027,1,2024-05-26 10:00:00,2024-05-26 10:00:00,2024-05-26,3.883272171020508
2024-05,temporal_mlp,2027,2,2024-05-26 10:00:00,2024-05-26 11:00:00,2024-05-26,3.5415420532226562
2024-05,temporal_mlp,2027,3,2024-05-26 10:00:00,2024-05-26 12:00:00,2024-05-26,4.154817581176758
2024-05,temporal_mlp,2027,6,2024-05-26 10:00:00,2024-05-26 15:00:00,2024-05-26,4.41050910949707
2024-05,temporal_mlp,2027,1,2024-05-26 11:00:00,2024-05-26 11:00:00,2024-05-26,3.330970048904419
2024-05,temporal_mlp,2027,2,2024-05-26 11:00:00,2024-05-26 12:00:00,2024-05-26,3.8211631774902344
2024-05,temporal_mlp,2027,3,2024-05-26 11:00:00,2024-05-26 13:00:00,2024-05-26,4.0911383628845215
2024-05,temporal_mlp,2027,6,2024-05-26 11:00:00,2024-05-26 16:00:00,2024-05-26,4.583075523376465
2024-05,temporal_mlp,2027,1,2024-05-26 12:00:00,2024-05-26 12:00:00,2024-05-26,3.751751184463501
2024-05,temporal_mlp,2027,2,2024-05-26 12:00:00,2024-05-26 13:00:00,2024-05-26,3.848468065261841
2024-05,temporal_mlp,2027,3,2024-05-26 12:00:00,2024-05-26 14:00:00,2024-05-26,2.9850571155548096
2024-05,temporal_mlp,2027,6,2024-05-26 12:00:00,2024-05-26 17:00:00,2024-05-26,4.599793910980225
2024-05,temporal_mlp,2027,1,2024-05-26 13:00:00,2024-05-26 13:00:00,2024-05-26,3.4994423389434814
2024-05,temporal_mlp,2027,2,2024-05-26 13:00:00,2024-05-26 14:00:00,2024-05-26,2.768826484680176
2024-05,temporal_mlp,2027,3,2024-05-26 13:00:00,2024-05-26 15:00:00,2024-05-26,4.064380645751953
2024-05,temporal_mlp,2027,6,2024-05-26 13:00:00,2024-05-26 18:00:00,2024-05-26,3.8632960319519043
2024-05,temporal_mlp,2027,1,2024-05-26 14:00:00,2024-05-26 14:00:00,2024-05-26,2.648622751235962
2024-05,temporal_mlp,2027,2,2024-05-26 14:00:00,2024-05-26 15:00:00,2024-05-26,3.439213991165161
2024-05,temporal_mlp,2027,3,2024-05-26 14:00:00,2024-05-26 16:00:00,2024-05-26,3.9886465072631836
2024-05,temporal_mlp,2027,6,2024-05-26 14:00:00,2024-05-26 19:00:00,2024-05-26,4.497018337249756
2024-05,temporal_mlp,2027,1,2024-05-26 15:00:00,2024-05-26 15:00:00,2024-05-26,3.3037333488464355
2024-05,temporal_mlp,2027,2,2024-05-26 15:00:00,2024-05-26 16:00:00,2024-05-26,3.929821252822876
2024-05,temporal_mlp,2027,3,2024-05-26 15:00:00,2024-05-26 17:00:00,2024-05-26,4.179368019104004
2024-05,temporal_mlp,2027,6,2024-05-26 15:00:00,2024-05-26 20:00:00,2024-05-26,3.367997884750366
2024-05,temporal_mlp,2027,1,2024-05-26 16:00:00,2024-05-26 16:00:00,2024-05-26,3.3847949504852295
2024-05,temporal_mlp,2027,2,2024-05-26 16:00:00,2024-05-26 17:00:00,2024-05-26,3.5750515460968018
2024-05,temporal_mlp,2027,3,2024-05-26 16:00:00,2024-05-26 18:00:00,2024-05-26,3.2639873027801514
2024-05,temporal_mlp,2027,6,2024-05-26 16:00:00,2024-05-26 21:00:00,2024-05-26,3.820686101913452
2024-05,temporal_mlp,2027,1,2024-05-26 17:00:00,2024-05-26 17:00:00,2024-05-26,3.059906482696533
2024-05,temporal_mlp,2027,2,2024-05-26 17:00:00,2024-05-26 18:00:00,2024-05-26,3.3225648403167725
2024-05,temporal_mlp,2027,3,2024-05-26 17:00:00,2024-05-26 19:00:00,2024-05-26,4.233221054077148
2024-05,temporal_mlp,2027,6,2024-05-26 17:00:00,2024-05-26 22:00:00,2024-05-26,3.6636128425598145
2024-05,temporal_mlp,2027,1,2024-05-26 18:00:00,2024-05-26 18:00:00,2024-05-26,3.378838062286377
2024-05,temporal_mlp,2027,2,2024-05-26 18:00:00,2024-05-26 19:00:00,2024-05-26,4.14643669128418
2024-05,temporal_mlp,2027,3,2024-05-26 18:00:00,2024-05-26 20:00:00,2024-05-26,3.7209043502807617
2024-05,temporal_mlp,2027,6,2024-05-26 18:00:00,2024-05-26 23:00:00,2024-05-26,4.252830505371094
2024-05,temporal_mlp,2027,1,2024-05-26 19:00:00,2024-05-26 19:00:00,2024-05-26,3.54420804977417
2024-05,temporal_mlp,2027,2,2024-05-26 19:00:00,2024-05-26 20:00:00,2024-05-26,3.468630790710449
2024-05,temporal_mlp,2027,3,2024-05-26 19:00:00,2024-05-26 21:00:00,2024-05-26,3.6490252017974854
2024-05,temporal_mlp,2027,6,2024-05-26 19:00:00,2024-05-28 00:00:00,2024-05-28,6.03096866607666
2024-05,temporal_mlp,2027,1,2024-05-26 20:00:00,2024-05-26 20:00:00,2024-05-26,3.1441078186035156
2024-05,temporal_mlp,2027,2,2024-05-26 20:00:00,2024-05-26 21:00:00,2024-05-26,3.393761157989502
2024-05,temporal_mlp,2027,3,2024-05-26 20:00:00,2024-05-26 22:00:00,2024-05-26,3.1184680461883545
2024-05,temporal_mlp,2027,6,2024-05-26 20:00:00,2024-05-28 01:00:00,2024-05-28,6.816959381103516
2024-05,temporal_mlp,2027,1,2024-05-26 21:00:00,2024-05-26 21:00:00,2024-05-26,3.323700428009033
2024-05,temporal_mlp,2027,2,2024-05-26 21:00:00,2024-05-26 22:00:00,2024-05-26,2.984727144241333
2024-05,temporal_mlp,2027,3,2024-05-26 21:00:00,2024-05-26 23:00:00,2024-05-26,4.232043743133545
2024-05,temporal_mlp,2027,6,2024-05-26 21:00:00,2024-05-28 02:00:00,2024-05-28,5.930434703826904
2024-05,temporal_mlp,2027,1,2024-05-26 22:00:00,2024-05-26 22:00:00,2024-05-26,2.9867091178894043
2024-05,temporal_mlp,2027,2,2024-05-26 22:00:00,2024-05-26 23:00:00,2024-05-26,3.993083953857422
2024-05,temporal_mlp,2027,3,2024-05-26 22:00:00,2024-05-28 00:00:00,2024-05-28,5.92121696472168
2024-05,temporal_mlp,2027,6,2024-05-26 22:00:00,2024-05-28 03:00:00,2024-05-28,5.666294097900391
2024-05,temporal_mlp,2027,1,2024-05-26 23:00:00,2024-05-26 23:00:00,2024-05-26,4.105895519256592
2024-05,temporal_mlp,2027,2,2024-05-26 23:00:00,2024-05-28 00:00:00,2024-05-28,6.007299423217773
2024-05,temporal_mlp,2027,3,2024-05-26 23:00:00,2024-05-28 01:00:00,2024-05-28,6.604409694671631
2024-05,temporal_mlp,2027,6,2024-05-26 23:00:00,2024-05-28 04:00:00,2024-05-28,6.527734756469727
2024-05,temporal_mlp,2027,1,2024-05-28 00:00:00,2024-05-28 00:00:00,2024-05-28,6.104626655578613
2024-05,temporal_mlp,2027,2,2024-05-28 00:00:00,2024-05-28 01:00:00,2024-05-28,6.656558513641357
2024-05,temporal_mlp,2027,3,2024-05-28 00:00:00,2024-05-28 02:00:00,2024-05-28,6.048745155334473
2024-05,temporal_mlp,2027,6,2024-05-28 00:00:00,2024-05-28 05:00:00,2024-05-28,5.809414863586426
2024-05,temporal_mlp,2027,1,2024-05-28 01:00:00,2024-05-28 01:00:00,2024-05-28,5.575258255004883
2024-05,temporal_mlp,2027,2,2024-05-28 01:00:00,2024-05-28 02:00:00,2024-05-28,5.294123649597168
2024-05,temporal_mlp,2027,3,2024-05-28 01:00:00,2024-05-28 03:00:00,2024-05-28,5.5865397453308105
2024-05,temporal_mlp,2027,6,2024-05-28 01:00:00,2024-05-28 06:00:00,2024-05-28,3.6160144805908203
2024-05,temporal_mlp,2027,1,2024-05-28 02:00:00,2024-05-28 02:00:00,2024-05-28,5.091833114624023
2024-05,temporal_mlp,2027,2,2024-05-28 02:00:00,2024-05-28 03:00:00,2024-05-28,5.59019660949707
2024-05,temporal_mlp,2027,3,2024-05-28 02:00:00,2024-05-28 04:00:00,2024-05-28,6.165886878967285
2024-05,temporal_mlp,2027,6,2024-05-28 02:00:00,2024-05-28 07:00:00,2024-05-28,6.8045783042907715
2024-05,temporal_mlp,2027,1,2024-05-28 03:00:00,2024-05-28 03:00:00,2024-05-28,6.057269096374512
2024-05,temporal_mlp,2027,2,2024-05-28 03:00:00,2024-05-28 04:00:00,2024-05-28,6.012812614440918
2024-05,temporal_mlp,2027,3,2024-05-28 03:00:00,2024-05-28 05:00:00,2024-05-28,5.955181121826172
2024-05,temporal_mlp,2027,6,2024-05-28 03:00:00,2024-05-28 08:00:00,2024-05-28,7.346277236938477
2024-05,temporal_mlp,2027,1,2024-05-28 04:00:00,2024-05-28 04:00:00,2024-05-28,6.730909824371338
2024-05,temporal_mlp,2027,2,2024-05-28 04:00:00,2024-05-28 05:00:00,2024-05-28,6.10639762878418
2024-05,temporal_mlp,2027,3,2024-05-28 04:00:00,2024-05-28 06:00:00,2024-05-28,3.732079029083252
2024-05,temporal_mlp,2027,6,2024-05-28 04:00:00,2024-05-28 09:00:00,2024-05-28,6.205248832702637
2024-05,temporal_mlp,2027,1,2024-05-28 05:00:00,2024-05-28 05:00:00,2024-05-28,5.800381660461426
2024-05,temporal_mlp,2027,2,2024-05-28 05:00:00,2024-05-28 06:00:00,2024-05-28,4.081068992614746
2024-05,temporal_mlp,2027,3,2024-05-28 05:00:00,2024-05-28 07:00:00,2024-05-28,6.973658561706543
2024-05,temporal_mlp,2027,6,2024-05-28 05:00:00,2024-05-28 10:00:00,2024-05-28,5.18872594833374
2024-05,temporal_mlp,2027,1,2024-05-28 06:00:00,2024-05-28 06:00:00,2024-05-28,3.9603729248046875
2024-05,temporal_mlp,2027,2,2024-05-28 06:00:00,2024-05-28 07:00:00,2024-05-28,6.788671493530273
2024-05,temporal_mlp,2027,3,2024-05-28 06:00:00,2024-05-28 08:00:00,2024-05-28,6.662761688232422
2024-05,temporal_mlp,2027,6,2024-05-28 06:00:00,2024-05-28 11:00:00,2024-05-28,4.622445106506348
2024-05,temporal_mlp,2027,1,2024-05-28 07:00:00,2024-05-28 07:00:00,2024-05-28,5.867051601409912
2024-05,temporal_mlp,2027,2,2024-05-28 07:00:00,2024-05-28 08:00:00,2024-05-28,6.7338643074035645
2024-05,temporal_mlp,2027,3,2024-05-28 07:00:00,2024-05-28 09:00:00,2024-05-28,5.585465908050537
2024-05,temporal_mlp,2027,6,2024-05-28 07:00:00,2024-05-28 12:00:00,2024-05-28,4.548877716064453
2024-05,temporal_mlp,2027,1,2024-05-28 08:00:00,2024-05-28 08:00:00,2024-05-28,5.393738746643066
2024-05,temporal_mlp,2027,2,2024-05-28 08:00:00,2024-05-28 09:00:00,2024-05-28,5.005955219268799
2024-05,temporal_mlp,2027,3,2024-05-28 08:00:00,2024-05-28 10:00:00,2024-05-28,4.015076637268066
2024-05,temporal_mlp,2027,6,2024-05-28 08:00:00,2024-05-28 13:00:00,2024-05-28,3.7664594650268555
2024-05,temporal_mlp,2027,1,2024-05-28 09:00:00,2024-05-28 09:00:00,2024-05-28,3.9574012756347656
2024-05,temporal_mlp,2027,2,2024-05-28 09:00:00,2024-05-28 10:00:00,2024-05-28,3.3967461585998535
2024-05,temporal_mlp,2027,3,2024-05-28 09:00:00,2024-05-28 11:00:00,2024-05-28,3.390066385269165
2024-05,temporal_mlp,2027,6,2024-05-28 09:00:00,2024-05-28 14:00:00,2024-05-28,4.06913948059082
2024-05,temporal_mlp,2027,1,2024-05-28 10:00:00,2024-05-28 10:00:00,2024-05-28,2.909641742706299
2024-05,temporal_mlp,2027,2,2024-05-28 10:00:00,2024-05-28 11:00:00,2024-05-28,3.4124088287353516
2024-05,temporal_mlp,2027,3,2024-05-28 10:00:00,2024-05-28 12:00:00,2024-05-28,3.6800661087036133
2024-05,temporal_mlp,2027,6,2024-05-28 10:00:00,2024-05-28 15:00:00,2024-05-28,3.0372705459594727
2024-05,temporal_mlp,2027,1,2024-05-28 11:00:00,2024-05-28 11:00:00,2024-05-28,3.24387788772583
2024-05,temporal_mlp,2027,2,2024-05-28 11:00:00,2024-05-28 12:00:00,2024-05-28,3.7500481605529785
2024-05,temporal_mlp,2027,3,2024-05-28 11:00:00,2024-05-28 13:00:00,2024-05-28,3.347228765487671
2024-05,temporal_mlp,2027,6,2024-05-28 11:00:00,2024-05-28 16:00:00,2024-05-28,3.4314966201782227
2024-05,temporal_mlp,2027,1,2024-05-28 12:00:00,2024-05-28 12:00:00,2024-05-28,3.372725009918213
2024-05,temporal_mlp,2027,2,2024-05-28 12:00:00,2024-05-28 13:00:00,2024-05-28,3.176968574523926
2024-05,temporal_mlp,2027,3,2024-05-28 12:00:00,2024-05-28 14:00:00,2024-05-28,3.595262050628662
2024-05,temporal_mlp,2027,6,2024-05-28 12:00:00,2024-05-28 17:00:00,2024-05-28,3.814432382583618
2024-05,temporal_mlp,2027,1,2024-05-28 13:00:00,2024-05-28 13:00:00,2024-05-28,2.6950206756591797
2024-05,temporal_mlp,2027,2,2024-05-28 13:00:00,2024-05-28 14:00:00,2024-05-28,3.1998682022094727
2024-05,temporal_mlp,2027,3,2024-05-28 13:00:00,2024-05-28 15:00:00,2024-05-28,2.5764803886413574
2024-05,temporal_mlp,2027,6,2024-05-28 13:00:00,2024-05-28 18:00:00,2024-05-28,4.358890533447266
2024-05,temporal_mlp,2027,1,2024-05-28 14:00:00,2024-05-28 14:00:00,2024-05-28,3.1364753246307373
2024-05,temporal_mlp,2027,2,2024-05-28 14:00:00,2024-05-28 15:00:00,2024-05-28,2.51312518119812
2024-05,temporal_mlp,2027,3,2024-05-28 14:00:00,2024-05-28 16:00:00,2024-05-28,3.0543172359466553
2024-05,temporal_mlp,2027,6,2024-05-28 14:00:00,2024-05-28 19:00:00,2024-05-28,3.948068141937256
2024-05,temporal_mlp,2027,1,2024-05-28 15:00:00,2024-05-28 15:00:00,2024-05-28,2.8517651557922363
2024-05,temporal_mlp,2027,2,2024-05-28 15:00:00,2024-05-28 16:00:00,2024-05-28,2.990579128265381
2024-05,temporal_mlp,2027,3,2024-05-28 15:00:00,2024-05-28 17:00:00,2024-05-28,3.2981159687042236
2024-05,temporal_mlp,2027,6,2024-05-28 15:00:00,2024-05-28 20:00:00,2024-05-28,4.113571643829346
2024-05,temporal_mlp,2027,1,2024-05-28 16:00:00,2024-05-28 16:00:00,2024-05-28,3.074395179748535
2024-05,temporal_mlp,2027,2,2024-05-28 16:00:00,2024-05-28 17:00:00,2024-05-28,3.3155784606933594
2024-05,temporal_mlp,2027,3,2024-05-28 16:00:00,2024-05-28 18:00:00,2024-05-28,3.979909896850586
2024-05,temporal_mlp,2027,6,2024-05-28 16:00:00,2024-05-28 21:00:00,2024-05-28,3.7075612545013428
2024-05,temporal_mlp,2027,1,2024-05-28 17:00:00,2024-05-28 17:00:00,2024-05-28,3.2171051502227783
2024-05,temporal_mlp,2027,2,2024-05-28 17:00:00,2024-05-28 18:00:00,2024-05-28,3.867526054382324
2024-05,temporal_mlp,2027,3,2024-05-28 17:00:00,2024-05-28 19:00:00,2024-05-28,4.03264045715332
2024-05,temporal_mlp,2027,6,2024-05-28 17:00:00,2024-05-28 22:00:00,2024-05-28,4.20081090927124
2024-05,temporal_mlp,2027,1,2024-05-28 18:00:00,2024-05-28 18:00:00,2024-05-28,3.6736435890197754
2024-05,temporal_mlp,2027,2,2024-05-28 18:00:00,2024-05-28 19:00:00,2024-05-28,3.791914463043213
2024-05,temporal_mlp,2027,3,2024-05-28 18:00:00,2024-05-28 20:00:00,2024-05-28,4.022229194641113
2024-05,temporal_mlp,2027,6,2024-05-28 18:00:00,2024-05-28 23:00:00,2024-05-28,3.9826529026031494
2024-05,temporal_mlp,2027,1,2024-05-28 19:00:00,2024-05-28 19:00:00,2024-05-28,3.7139317989349365
2024-05,temporal_mlp,2027,2,2024-05-28 19:00:00,2024-05-28 20:00:00,2024-05-28,3.9590706825256348
2024-05,temporal_mlp,2027,3,2024-05-28 19:00:00,2024-05-28 21:00:00,2024-05-28,4.057695388793945
2024-05,temporal_mlp,2027,6,2024-05-28 19:00:00,2024-05-30 00:00:00,2024-05-30,3.916888952255249
2024-05,temporal_mlp,2027,1,2024-05-28 20:00:00,2024-05-28 20:00:00,2024-05-28,3.520653247833252
2024-05,temporal_mlp,2027,2,2024-05-28 20:00:00,2024-05-28 21:00:00,2024-05-28,3.8280863761901855
2024-05,temporal_mlp,2027,3,2024-05-28 20:00:00,2024-05-28 22:00:00,2024-05-28,3.883749485015869
2024-05,temporal_mlp,2027,6,2024-05-28 20:00:00,2024-05-30 01:00:00,2024-05-30,5.124556541442871
2024-05,temporal_mlp,2027,1,2024-05-28 21:00:00,2024-05-28 21:00:00,2024-05-28,3.367325782775879
2024-05,temporal_mlp,2027,2,2024-05-28 21:00:00,2024-05-28 22:00:00,2024-05-28,3.8084568977355957
2024-05,temporal_mlp,2027,3,2024-05-28 21:00:00,2024-05-28 23:00:00,2024-05-28,3.4392104148864746
2024-05,temporal_mlp,2027,6,2024-05-28 21:00:00,2024-05-30 02:00:00,2024-05-30,5.9995269775390625
2024-05,temporal_mlp,2027,1,2024-05-28 22:00:00,2024-05-28 22:00:00,2024-05-28,3.673642635345459
2024-05,temporal_mlp,2027,2,2024-05-28 22:00:00,2024-05-28 23:00:00,2024-05-28,3.499467611312866
2024-05,temporal_mlp,2027,3,2024-05-28 22:00:00,2024-05-30 00:00:00,2024-05-30,3.461515188217163
2024-05,temporal_mlp,2027,6,2024-05-28 22:00:00,2024-05-30 03:00:00,2024-05-30,5.953191757202148
2024-05,temporal_mlp,2027,1,2024-05-28 23:00:00,2024-05-28 23:00:00,2024-05-28,3.6341323852539062
2024-05,temporal_mlp,2027,2,2024-05-28 23:00:00,2024-05-30 00:00:00,2024-05-30,3.504115343093872
2024-05,temporal_mlp,2027,3,2024-05-28 23:00:00,2024-05-30 01:00:00,2024-05-30,4.575477123260498
2024-05,temporal_mlp,2027,6,2024-05-28 23:00:00,2024-05-30 04:00:00,2024-05-30,4.815375328063965
2024-05,temporal_mlp,2027,1,2024-05-30 00:00:00,2024-05-30 00:00:00,2024-05-30,3.7001779079437256
2024-05,temporal_mlp,2027,2,2024-05-30 00:00:00,2024-05-30 01:00:00,2024-05-30,4.644898414611816
2024-05,temporal_mlp,2027,3,2024-05-30 00:00:00,2024-05-30 02:00:00,2024-05-30,6.266780376434326
2024-05,temporal_mlp,2027,6,2024-05-30 00:00:00,2024-05-30 05:00:00,2024-05-30,3.680032730102539
2024-05,temporal_mlp,2027,1,2024-05-30 01:00:00,2024-05-30 01:00:00,2024-05-30,4.719932556152344
2024-05,temporal_mlp,2027,2,2024-05-30 01:00:00,2024-05-30 02:00:00,2024-05-30,5.7607951164245605
2024-05,temporal_mlp,2027,3,2024-05-30 01:00:00,2024-05-30 03:00:00,2024-05-30,6.22036075592041
2024-05,temporal_mlp,2027,6,2024-05-30 01:00:00,2024-05-30 06:00:00,2024-05-30,3.254915714263916
2024-05,temporal_mlp,2027,1,2024-05-30 02:00:00,2024-05-30 02:00:00,2024-05-30,5.343439102172852
2024-05,temporal_mlp,2027,2,2024-05-30 02:00:00,2024-05-30 03:00:00,2024-05-30,5.899836540222168
2024-05,temporal_mlp,2027,3,2024-05-30 02:00:00,2024-05-30 04:00:00,2024-05-30,4.768187046051025
2024-05,temporal_mlp,2027,6,2024-05-30 02:00:00,2024-05-30 07:00:00,2024-05-30,4.043259620666504
2024-05,temporal_mlp,2027,1,2024-05-30 03:00:00,2024-05-30 03:00:00,2024-05-30,6.45278787612915
2024-05,temporal_mlp,2027,2,2024-05-30 03:00:00,2024-05-30 04:00:00,2024-05-30,4.476413249969482
2024-05,temporal_mlp,2027,3,2024-05-30 03:00:00,2024-05-30 05:00:00,2024-05-30,3.731067180633545
2024-05,temporal_mlp,2027,6,2024-05-30 03:00:00,2024-05-30 08:00:00,2024-05-30,5.139815330505371
2024-05,temporal_mlp,2027,1,2024-05-30 04:00:00,2024-05-30 04:00:00,2024-05-30,4.232126235961914
2024-05,temporal_mlp,2027,2,2024-05-30 04:00:00,2024-05-30 05:00:00,2024-05-30,3.6415457725524902
2024-05,temporal_mlp,2027,3,2024-05-30 04:00:00,2024-05-30 06:00:00,2024-05-30,3.3854188919067383
2024-05,temporal_mlp,2027,6,2024-05-30 04:00:00,2024-05-30 09:00:00,2024-05-30,3.964482069015503
2024-05,temporal_mlp,2027,1,2024-05-30 05:00:00,2024-05-30 05:00:00,2024-05-30,3.4830093383789062
2024-05,temporal_mlp,2027,2,2024-05-30 05:00:00,2024-05-30 06:00:00,2024-05-30,3.3859145641326904
2024-05,temporal_mlp,2027,3,2024-05-30 05:00:00,2024-05-30 07:00:00,2024-05-30,3.5443315505981445
2024-05,temporal_mlp,2027,6,2024-05-30 05:00:00,2024-05-30 10:00:00,2024-05-30,3.711171865463257
2024-05,temporal_mlp,2027,1,2024-05-30 06:00:00,2024-05-30 06:00:00,2024-05-30,3.6507837772369385
2024-05,temporal_mlp,2027,2,2024-05-30 06:00:00,2024-05-30 07:00:00,2024-05-30,3.264678478240967
2024-05,temporal_mlp,2027,3,2024-05-30 06:00:00,2024-05-30 08:00:00,2024-05-30,4.344995498657227
2024-05,temporal_mlp,2027,6,2024-05-30 06:00:00,2024-05-30 11:00:00,2024-05-30,2.9985461235046387
2024-05,temporal_mlp,2027,1,2024-05-30 07:00:00,2024-05-30 07:00:00,2024-05-30,2.9989724159240723
2024-05,temporal_mlp,2027,2,2024-05-30 07:00:00,2024-05-30 08:00:00,2024-05-30,3.950270414352417
2024-05,temporal_mlp,2027,3,2024-05-30 07:00:00,2024-05-30 09:00:00,2024-05-30,3.9405336380004883
2024-05,temporal_mlp,2027,6,2024-05-30 07:00:00,2024-05-30 12:00:00,2024-05-30,2.4293923377990723
2024-05,temporal_mlp,2027,1,2024-05-30 08:00:00,2024-05-30 08:00:00,2024-05-30,3.743600368499756
2024-05,temporal_mlp,2027,2,2024-05-30 08:00:00,2024-05-30 09:00:00,2024-05-30,3.5142414569854736
2024-05,temporal_mlp,2027,3,2024-05-30 08:00:00,2024-05-30 10:00:00,2024-05-30,3.596212387084961
2024-05,temporal_mlp,2027,6,2024-05-30 08:00:00,2024-05-30 13:00:00,2024-05-30,2.426387310028076
2024-05,temporal_mlp,2027,1,2024-05-30 09:00:00,2024-05-30 09:00:00,2024-05-30,3.0430593490600586
2024-05,temporal_mlp,2027,2,2024-05-30 09:00:00,2024-05-30 10:00:00,2024-05-30,3.2312498092651367
2024-05,temporal_mlp,2027,3,2024-05-30 09:00:00,2024-05-30 11:00:00,2024-05-30,2.8118720054626465
2024-05,temporal_mlp,2027,6,2024-05-30 09:00:00,2024-05-30 14:00:00,2024-05-30,2.8513879776000977
2024-05,temporal_mlp,2027,1,2024-05-30 10:00:00,2024-05-30 10:00:00,2024-05-30,3.051353931427002
2024-05,temporal_mlp,2027,2,2024-05-30 10:00:00,2024-05-30 11:00:00,2024-05-30,2.8872504234313965
2024-05,temporal_mlp,2027,3,2024-05-30 10:00:00,2024-05-30 12:00:00,2024-05-30,2.313560962677002
2024-05,temporal_mlp,2027,6,2024-05-30 10:00:00,2024-05-30 15:00:00,2024-05-30,3.231639862060547
2024-05,temporal_mlp,2027,1,2024-05-30 11:00:00,2024-05-30 11:00:00,2024-05-30,2.6163861751556396
2024-05,temporal_mlp,2027,2,2024-05-30 11:00:00,2024-05-30 12:00:00,2024-05-30,2.197042226791382
2024-05,temporal_mlp,2027,3,2024-05-30 11:00:00,2024-05-30 13:00:00,2024-05-30,2.4326395988464355
2024-05,temporal_mlp,2027,6,2024-05-30 11:00:00,2024-05-30 16:00:00,2024-05-30,3.16117525100708
2024-05,temporal_mlp,2027,1,2024-05-30 12:00:00,2024-05-30 12:00:00,2024-05-30,2.4673242568969727
2024-05,temporal_mlp,2027,2,2024-05-30 12:00:00,2024-05-30 13:00:00,2024-05-30,2.589125633239746
2024-05,temporal_mlp,2027,3,2024-05-30 12:00:00,2024-05-30 14:00:00,2024-05-30,2.693124294281006
2024-05,temporal_mlp,2027,6,2024-05-30 12:00:00,2024-05-30 17:00:00,2024-05-30,3.775303363800049
2024-05,temporal_mlp,2027,1,2024-05-30 13:00:00,2024-05-30 13:00:00,2024-05-30,2.2787585258483887
2024-05,temporal_mlp,2027,2,2024-05-30 13:00:00,2024-05-30 14:00:00,2024-05-30,2.504969596862793
2024-05,temporal_mlp,2027,3,2024-05-30 13:00:00,2024-05-30 15:00:00,2024-05-30,3.1695690155029297
2024-05,temporal_mlp,2027,6,2024-05-30 13:00:00,2024-05-30 18:00:00,2024-05-30,5.034625053405762
2024-05,temporal_mlp,2027,1,2024-05-30 14:00:00,2024-05-30 14:00:00,2024-05-30,2.731621742248535
2024-05,temporal_mlp,2027,2,2024-05-30 14:00:00,2024-05-30 15:00:00,2024-05-30,3.1593000888824463
2024-05,temporal_mlp,2027,3,2024-05-30 14:00:00,2024-05-30 16:00:00,2024-05-30,3.092519760131836
2024-05,temporal_mlp,2027,6,2024-05-30 14:00:00,2024-05-30 19:00:00,2024-05-30,3.6845521926879883
2024-05,temporal_mlp,2027,1,2024-05-30 15:00:00,2024-05-30 15:00:00,2024-05-30,3.334336042404175
2024-05,temporal_mlp,2027,2,2024-05-30 15:00:00,2024-05-30 16:00:00,2024-05-30,2.9717299938201904
2024-05,temporal_mlp,2027,3,2024-05-30 15:00:00,2024-05-30 17:00:00,2024-05-30,3.1728367805480957
2024-05,temporal_mlp,2027,6,2024-05-30 15:00:00,2024-05-30 20:00:00,2024-05-30,3.5833218097686768
2024-05,temporal_mlp,2027,1,2024-05-30 16:00:00,2024-05-30 16:00:00,2024-05-30,2.9179294109344482
2024-05,temporal_mlp,2027,2,2024-05-30 16:00:00,2024-05-30 17:00:00,2024-05-30,2.941530466079712
2024-05,temporal_mlp,2027,3,2024-05-30 16:00:00,2024-05-30 18:00:00,2024-05-30,4.53891658782959
2024-05,temporal_mlp,2027,6,2024-05-30 16:00:00,2024-05-30 21:00:00,2024-05-30,3.748809814453125
2024-05,temporal_mlp,2027,1,2024-05-30 17:00:00,2024-05-30 17:00:00,2024-05-30,3.0865674018859863
2024-05,temporal_mlp,2027,2,2024-05-30 17:00:00,2024-05-30 18:00:00,2024-05-30,4.233053207397461
2024-05,temporal_mlp,2027,3,2024-05-30 17:00:00,2024-05-30 19:00:00,2024-05-30,3.526975154876709
2024-05,temporal_mlp,2027,6,2024-05-30 17:00:00,2024-05-30 22:00:00,2024-05-30,2.938206195831299
2024-05,temporal_mlp,2027,1,2024-05-30 18:00:00,2024-05-30 18:00:00,2024-05-30,3.950510263442993
2024-05,temporal_mlp,2027,2,2024-05-30 18:00:00,2024-05-30 19:00:00,2024-05-30,3.1015353202819824
2024-05,temporal_mlp,2027,3,2024-05-30 18:00:00,2024-05-30 20:00:00,2024-05-30,3.466435670852661
2024-05,temporal_mlp,2027,6,2024-05-30 18:00:00,2024-05-30 23:00:00,2024-05-30,2.9633142948150635
2024-05,temporal_mlp,2027,1,2024-05-30 19:00:00,2024-05-30 19:00:00,2024-05-30,3.2664246559143066
2024-05,temporal_mlp,2027,2,2024-05-30 19:00:00,2024-05-30 20:00:00,2024-05-30,3.6670966148376465
2024-05,temporal_mlp,2027,3,2024-05-30 19:00:00,2024-05-30 21:00:00,2024-05-30,3.9799487590789795
2024-05,temporal_mlp,2027,6,2024-05-30 19:00:00,2024-05-31 00:00:00,2024-05-31,4.364022254943848
2024-05,temporal_mlp,2027,1,2024-05-30 20:00:00,2024-05-30 20:00:00,2024-05-30,3.3347086906433105
2024-05,temporal_mlp,2027,2,2024-05-30 20:00:00,2024-05-30 21:00:00,2024-05-30,3.943955421447754
2024-05,temporal_mlp,2027,3,2024-05-30 20:00:00,2024-05-30 22:00:00,2024-05-30,2.519782066345215
2024-05,temporal_mlp,2027,6,2024-05-30 20:00:00,2024-05-31 01:00:00,2024-05-31,4.037257671356201
2024-05,temporal_mlp,2027,1,2024-05-30 21:00:00,2024-05-30 21:00:00,2024-05-30,3.5329484939575195
2024-05,temporal_mlp,2027,2,2024-05-30 21:00:00,2024-05-30 22:00:00,2024-05-30,2.4175362586975098
2024-05,temporal_mlp,2027,3,2024-05-30 21:00:00,2024-05-30 23:00:00,2024-05-30,2.731245994567871
2024-05,temporal_mlp,2027,6,2024-05-30 21:00:00,2024-05-31 02:00:00,2024-05-31,4.883991241455078
2024-05,temporal_mlp,2027,1,2024-05-30 22:00:00,2024-05-30 22:00:00,2024-05-30,2.710214614868164
2024-05,temporal_mlp,2027,2,2024-05-30 22:00:00,2024-05-30 23:00:00,2024-05-30,3.0438780784606934
2024-05,temporal_mlp,2027,3,2024-05-30 22:00:00,2024-05-31 00:00:00,2024-05-31,4.412934303283691
2024-05,temporal_mlp,2027,6,2024-05-30 22:00:00,2024-05-31 03:00:00,2024-05-31,4.861408233642578
2024-05,temporal_mlp,2027,1,2024-05-30 23:00:00,2024-05-30 23:00:00,2024-05-30,2.919626235961914
2024-05,temporal_mlp,2027,2,2024-05-30 23:00:00,2024-05-31 00:00:00,2024-05-31,4.250699043273926
2024-05,temporal_mlp,2027,3,2024-05-30 23:00:00,2024-05-31 01:00:00,2024-05-31,3.7805051803588867
2024-05,temporal_mlp,2027,6,2024-05-30 23:00:00,2024-05-31 04:00:00,2024-05-31,4.576993942260742
2024-05,temporal_mlp,2027,1,2024-05-31 00:00:00,2024-05-31 00:00:00,2024-05-31,4.34693717956543
2024-05,temporal_mlp,2027,2,2024-05-31 00:00:00,2024-05-31 01:00:00,2024-05-31,3.5101332664489746
2024-05,temporal_mlp,2027,3,2024-05-31 00:00:00,2024-05-31 02:00:00,2024-05-31,4.562047004699707
2024-05,temporal_mlp,2027,6,2024-05-31 00:00:00,2024-05-31 05:00:00,2024-05-31,3.600461006164551
2024-05,temporal_mlp,2027,1,2024-05-31 01:00:00,2024-05-31 01:00:00,2024-05-31,3.7588982582092285
2024-05,temporal_mlp,2027,2,2024-05-31 01:00:00,2024-05-31 02:00:00,2024-05-31,4.393664360046387
2024-05,temporal_mlp,2027,3,2024-05-31 01:00:00,2024-05-31 03:00:00,2024-05-31,4.86480712890625
2024-05,temporal_mlp,2027,6,2024-05-31 01:00:00,2024-05-31 06:00:00,2024-05-31,3.3467628955841064
2024-05,temporal_mlp,2027,1,2024-05-31 02:00:00,2024-05-31 02:00:00,2024-05-31,4.45465087890625
2024-05,temporal_mlp,2027,2,2024-05-31 02:00:00,2024-05-31 03:00:00,2024-05-31,4.724356651306152
2024-05,temporal_mlp,2027,3,2024-05-31 02:00:00,2024-05-31 04:00:00,2024-05-31,4.878537178039551
2024-05,temporal_mlp,2027,6,2024-05-31 02:00:00,2024-05-31 07:00:00,2024-05-31,4.074664115905762
2024-05,temporal_mlp,2027,1,2024-05-31 03:00:00,2024-05-31 03:00:00,2024-05-31,5.018979072570801
2024-05,temporal_mlp,2027,2,2024-05-31 03:00:00,2024-05-31 04:00:00,2024-05-31,4.876039505004883
2024-05,temporal_mlp,2027,3,2024-05-31 03:00:00,2024-05-31 05:00:00,2024-05-31,3.7405776977539062
2024-05,temporal_mlp,2027,6,2024-05-31 03:00:00,2024-05-31 08:00:00,2024-05-31,6.329156875610352
2024-05,temporal_mlp,2027,1,2024-05-31 04:00:00,2024-05-31 04:00:00,2024-05-31,4.757201194763184
2024-05,temporal_mlp,2027,2,2024-05-31 04:00:00,2024-05-31 05:00:00,2024-05-31,3.6481285095214844
2024-05,temporal_mlp,2027,3,2024-05-31 04:00:00,2024-05-31 06:00:00,2024-05-31,3.6028921604156494
2024-05,temporal_mlp,2027,6,2024-05-31 04:00:00,2024-05-31 09:00:00,2024-05-31,3.7567992210388184
2024-05,temporal_mlp,2027,1,2024-05-31 05:00:00,2024-05-31 05:00:00,2024-05-31,3.7669827938079834
2024-05,temporal_mlp,2027,2,2024-05-31 05:00:00,2024-05-31 06:00:00,2024-05-31,3.402719020843506
2024-05,temporal_mlp,2027,3,2024-05-31 05:00:00,2024-05-31 07:00:00,2024-05-31,4.375229835510254
2024-05,temporal_mlp,2027,6,2024-05-31 05:00:00,2024-05-31 10:00:00,2024-05-31,3.127084732055664
2024-05,temporal_mlp,2027,1,2024-05-31 06:00:00,2024-05-31 06:00:00,2024-05-31,3.099060535430908
2024-05,temporal_mlp,2027,2,2024-05-31 06:00:00,2024-05-31 07:00:00,2024-05-31,4.034694671630859
2024-05,temporal_mlp,2027,3,2024-05-31 06:00:00,2024-05-31 08:00:00,2024-05-31,6.018520355224609
2024-05,temporal_mlp,2027,6,2024-05-31 06:00:00,2024-05-31 11:00:00,2024-05-31,2.5485448837280273
2024-05,temporal_mlp,2027,1,2024-05-31 07:00:00,2024-05-31 07:00:00,2024-05-31,3.4249696731567383
2024-05,temporal_mlp,2027,2,2024-05-31 07:00:00,2024-05-31 08:00:00,2024-05-31,5.5268168449401855
2024-05,temporal_mlp,2027,3,2024-05-31 07:00:00,2024-05-31 09:00:00,2024-05-31,3.684904098510742
2024-05,temporal_mlp,2027,6,2024-05-31 07:00:00,2024-05-31 12:00:00,2024-05-31,2.399372100830078
2024-05,temporal_mlp,2027,1,2024-05-31 08:00:00,2024-05-31 08:00:00,2024-05-31,4.9098896980285645
2024-05,temporal_mlp,2027,2,2024-05-31 08:00:00,2024-05-31 09:00:00,2024-05-31,3.5183963775634766
2024-05,temporal_mlp,2027,3,2024-05-31 08:00:00,2024-05-31 10:00:00,2024-05-31,3.3007631301879883
2024-05,temporal_mlp,2027,6,2024-05-31 08:00:00,2024-05-31 13:00:00,2024-05-31,2.2218117713928223
2024-05,temporal_mlp,2027,1,2024-05-31 09:00:00,2024-05-31 09:00:00,2024-05-31,3.1569595336914062
2024-05,temporal_mlp,2027,2,2024-05-31 09:00:00,2024-05-31 10:00:00,2024-05-31,3.1878108978271484
2024-05,temporal_mlp,2027,3,2024-05-31 09:00:00,2024-05-31 11:00:00,2024-05-31,2.46456241607666
2024-05,temporal_mlp,2027,6,2024-05-31 09:00:00,2024-05-31 14:00:00,2024-05-31,2.3883533477783203
2024-05,temporal_mlp,2027,1,2024-05-31 10:00:00,2024-05-31 10:00:00,2024-05-31,2.947936534881592
2024-05,temporal_mlp,2027,2,2024-05-31 10:00:00,2024-05-31 11:00:00,2024-05-31,2.568723201751709
2024-05,temporal_mlp,2027,3,2024-05-31 10:00:00,2024-05-31 12:00:00,2024-05-31,2.239692211151123
2024-05,temporal_mlp,2027,6,2024-05-31 10:00:00,2024-05-31 15:00:00,2024-05-31,2.626476287841797
2024-05,temporal_mlp,2027,1,2024-05-31 11:00:00,2024-05-31 11:00:00,2024-05-31,2.543588638305664
2024-05,temporal_mlp,2027,2,2024-05-31 11:00:00,2024-05-31 12:00:00,2024-05-31,2.437397003173828
2024-05,temporal_mlp,2027,3,2024-05-31 11:00:00,2024-05-31 13:00:00,2024-05-31,2.7398900985717773
2024-05,temporal_mlp,2027,6,2024-05-31 11:00:00,2024-05-31 16:00:00,2024-05-31,2.7502365112304688
2024-05,temporal_mlp,2027,1,2024-05-31 12:00:00,2024-05-31 12:00:00,2024-05-31,2.356801986694336
2024-05,temporal_mlp,2027,2,2024-05-31 12:00:00,2024-05-31 13:00:00,2024-05-31,2.6431076526641846
2024-05,temporal_mlp,2027,3,2024-05-31 12:00:00,2024-05-31 14:00:00,2024-05-31,2.391080856323242
2024-05,temporal_mlp,2027,6,2024-05-31 12:00:00,2024-05-31 17:00:00,2024-05-31,4.013062477111816
2024-05,temporal_mlp,2027,1,2024-05-31 13:00:00,2024-05-31 13:00:00,2024-05-31,2.451650619506836
2024-05,temporal_mlp,2027,2,2024-05-31 13:00:00,2024-05-31 14:00:00,2024-05-31,2.437450885772705
2024-05,temporal_mlp,2027,3,2024-05-31 13:00:00,2024-05-31 15:00:00,2024-05-31,2.4032647609710693
2024-05,temporal_mlp,2027,6,2024-05-31 13:00:00,2024-05-31 18:00:00,2024-05-31,5.446908950805664
2024-05,temporal_mlp,2027,1,2024-05-31 14:00:00,2024-05-31 14:00:00,2024-05-31,2.4303700923919678
2024-05,temporal_mlp,2027,2,2024-05-31 14:00:00,2024-05-31 15:00:00,2024-05-31,2.465261220932007
2024-05,temporal_mlp,2027,3,2024-05-31 14:00:00,2024-05-31 16:00:00,2024-05-31,2.6927783489227295
2024-05,temporal_mlp,2027,6,2024-05-31 14:00:00,2024-05-31 19:00:00,2024-05-31,4.686936378479004
2024-05,temporal_mlp,2027,1,2024-05-31 15:00:00,2024-05-31 15:00:00,2024-05-31,2.5738916397094727
2024-05,temporal_mlp,2027,2,2024-05-31 15:00:00,2024-05-31 16:00:00,2024-05-31,2.5717034339904785
2024-05,temporal_mlp,2027,3,2024-05-31 15:00:00,2024-05-31 17:00:00,2024-05-31,3.6677541732788086
2024-05,temporal_mlp,2027,6,2024-05-31 15:00:00,2024-05-31 20:00:00,2024-05-31,4.410580635070801
2024-05,temporal_mlp,2027,1,2024-05-31 16:00:00,2024-05-31 16:00:00,2024-05-31,2.312105178833008
2024-05,temporal_mlp,2027,2,2024-05-31 16:00:00,2024-05-31 17:00:00,2024-05-31,3.6178486347198486
2024-05,temporal_mlp,2027,3,2024-05-31 16:00:00,2024-05-31 18:00:00,2024-05-31,5.058798789978027
2024-05,temporal_mlp,2027,6,2024-05-31 16:00:00,2024-05-31 21:00:00,2024-05-31,3.13240122795105
2024-05,temporal_mlp,2027,1,2024-05-31 17:00:00,2024-05-31 17:00:00,2024-05-31,3.2936532497406006
2024-05,temporal_mlp,2027,2,2024-05-31 17:00:00,2024-05-31 18:00:00,2024-05-31,4.986799716949463
2024-05,temporal_mlp,2027,3,2024-05-31 17:00:00,2024-05-31 19:00:00,2024-05-31,4.307300090789795
2024-05,temporal_mlp,2027,6,2024-05-31 17:00:00,2024-05-31 22:00:00,2024-05-31,3.3545126914978027
2024-05,dgt_identity_adaptive,2027,1,2024-05-25 15:00:00,2024-05-25 15:00:00,2024-05-25,2.4374423027038574
2024-05,dgt_identity_adaptive,2027,2,2024-05-25 15:00:00,2024-05-25 16:00:00,2024-05-25,2.404939651489258
2024-05,dgt_identity_adaptive,2027,3,2024-05-25 15:00:00,2024-05-25 17:00:00,2024-05-25,2.742785692214966
2024-05,dgt_identity_adaptive,2027,6,2024-05-25 15:00:00,2024-05-25 20:00:00,2024-05-25,2.895095109939575
2024-05,dgt_identity_adaptive,2027,1,2024-05-25 16:00:00,2024-05-25 16:00:00,2024-05-25,2.604055881500244
2024-05,dgt_identity_adaptive,2027,2,2024-05-25 16:00:00,2024-05-25 17:00:00,2024-05-25,2.497776746749878
2024-05,dgt_identity_adaptive,2027,3,2024-05-25 16:00:00,2024-05-25 18:00:00,2024-05-25,3.9759716987609863
2024-05,dgt_identity_adaptive,2027,6,2024-05-25 16:00:00,2024-05-25 21:00:00,2024-05-25,3.2745330333709717
2024-05,dgt_identity_adaptive,2027,1,2024-05-25 17:00:00,2024-05-25 17:00:00,2024-05-25,2.229588747024536
2024-05,dgt_identity_adaptive,2027,2,2024-05-25 17:00:00,2024-05-25 18:00:00,2024-05-25,3.8819148540496826
2024-05,dgt_identity_adaptive,2027,3,2024-05-25 17:00:00,2024-05-25 19:00:00,2024-05-25,3.782440423965454
2024-05,dgt_identity_adaptive,2027,6,2024-05-25 17:00:00,2024-05-25 22:00:00,2024-05-25,3.850245237350464
2024-05,dgt_identity_adaptive,2027,1,2024-05-25 18:00:00,2024-05-25 18:00:00,2024-05-25,3.9789254665374756
2024-05,dgt_identity_adaptive,2027,2,2024-05-25 18:00:00,2024-05-25 19:00:00,2024-05-25,3.8755526542663574
2024-05,dgt_identity_adaptive,2027,3,2024-05-25 18:00:00,2024-05-25 20:00:00,2024-05-25,2.980468511581421
2024-05,dgt_identity_adaptive,2027,6,2024-05-25 18:00:00,2024-05-25 23:00:00,2024-05-25,4.107344150543213
2024-05,dgt_identity_adaptive,2027,1,2024-05-25 19:00:00,2024-05-25 19:00:00,2024-05-25,3.732060432434082
2024-05,dgt_identity_adaptive,2027,2,2024-05-25 19:00:00,2024-05-25 20:00:00,2024-05-25,2.643430471420288
2024-05,dgt_identity_adaptive,2027,3,2024-05-25 19:00:00,2024-05-25 21:00:00,2024-05-25,3.2220163345336914
2024-05,dgt_identity_adaptive,2027,6,2024-05-25 19:00:00,2024-05-26 00:00:00,2024-05-26,5.137465476989746
2024-05,dgt_identity_adaptive,2027,1,2024-05-25 20:00:00,2024-05-25 20:00:00,2024-05-25,2.292865514755249
2024-05,dgt_identity_adaptive,2027,2,2024-05-25 20:00:00,2024-05-25 21:00:00,2024-05-25,3.5183191299438477
2024-05,dgt_identity_adaptive,2027,3,2024-05-25 20:00:00,2024-05-25 22:00:00,2024-05-25,3.3254735469818115
2024-05,dgt_identity_adaptive,2027,6,2024-05-25 20:00:00,2024-05-26 01:00:00,2024-05-26,6.1986165046691895
2024-05,dgt_identity_adaptive,2027,1,2024-05-25 21:00:00,2024-05-25 21:00:00,2024-05-25,3.14786434173584
2024-05,dgt_identity_adaptive,2027,2,2024-05-25 21:00:00,2024-05-25 22:00:00,2024-05-25,3.2384393215179443
2024-05,dgt_identity_adaptive,2027,3,2024-05-25 21:00:00,2024-05-25 23:00:00,2024-05-25,3.601571798324585
2024-05,dgt_identity_adaptive,2027,6,2024-05-25 21:00:00,2024-05-26 02:00:00,2024-05-26,5.672394275665283
2024-05,dgt_identity_adaptive,2027,1,2024-05-25 22:00:00,2024-05-25 22:00:00,2024-05-25,3.071824550628662
2024-05,dgt_identity_adaptive,2027,2,2024-05-25 22:00:00,2024-05-25 23:00:00,2024-05-25,3.760533094406128
2024-05,dgt_identity_adaptive,2027,3,2024-05-25 22:00:00,2024-05-26 00:00:00,2024-05-26,4.450028419494629
2024-05,dgt_identity_adaptive,2027,6,2024-05-25 22:00:00,2024-05-26 03:00:00,2024-05-26,6.500568866729736
2024-05,dgt_identity_adaptive,2027,1,2024-05-25 23:00:00,2024-05-25 23:00:00,2024-05-25,4.013852596282959
2024-05,dgt_identity_adaptive,2027,2,2024-05-25 23:00:00,2024-05-26 00:00:00,2024-05-26,4.175398826599121
2024-05,dgt_identity_adaptive,2027,3,2024-05-25 23:00:00,2024-05-26 01:00:00,2024-05-26,6.511728763580322
2024-05,dgt_identity_adaptive,2027,6,2024-05-25 23:00:00,2024-05-26 04:00:00,2024-05-26,5.018840789794922
2024-05,dgt_identity_adaptive,2027,1,2024-05-26 00:00:00,2024-05-26 00:00:00,2024-05-26,4.478122711181641
2024-05,dgt_identity_adaptive,2027,2,2024-05-26 00:00:00,2024-05-26 01:00:00,2024-05-26,6.502911567687988
2024-05,dgt_identity_adaptive,2027,3,2024-05-26 00:00:00,2024-05-26 02:00:00,2024-05-26,5.441486835479736
2024-05,dgt_identity_adaptive,2027,6,2024-05-26 00:00:00,2024-05-26 05:00:00,2024-05-26,5.19239616394043
2024-05,dgt_identity_adaptive,2027,1,2024-05-26 01:00:00,2024-05-26 01:00:00,2024-05-26,6.4291229248046875
2024-05,dgt_identity_adaptive,2027,2,2024-05-26 01:00:00,2024-05-26 02:00:00,2024-05-26,5.268756866455078
2024-05,dgt_identity_adaptive,2027,3,2024-05-26 01:00:00,2024-05-26 03:00:00,2024-05-26,6.598543643951416
2024-05,dgt_identity_adaptive,2027,6,2024-05-26 01:00:00,2024-05-26 06:00:00,2024-05-26,4.037900924682617
2024-05,dgt_identity_adaptive,2027,1,2024-05-26 02:00:00,2024-05-26 02:00:00,2024-05-26,5.682672500610352
2024-05,dgt_identity_adaptive,2027,2,2024-05-26 02:00:00,2024-05-26 03:00:00,2024-05-26,6.947684288024902
2024-05,dgt_identity_adaptive,2027,3,2024-05-26 02:00:00,2024-05-26 04:00:00,2024-05-26,4.947945594787598
2024-05,dgt_identity_adaptive,2027,6,2024-05-26 02:00:00,2024-05-26 07:00:00,2024-05-26,3.7261464595794678
2024-05,dgt_identity_adaptive,2027,1,2024-05-26 03:00:00,2024-05-26 03:00:00,2024-05-26,6.741533279418945
2024-05,dgt_identity_adaptive,2027,2,2024-05-26 03:00:00,2024-05-26 04:00:00,2024-05-26,5.177882671356201
2024-05,dgt_identity_adaptive,2027,3,2024-05-26 03:00:00,2024-05-26 05:00:00,2024-05-26,5.240439414978027
2024-05,dgt_identity_adaptive,2027,6,2024-05-26 03:00:00,2024-05-26 08:00:00,2024-05-26,2.821995735168457
2024-05,dgt_identity_adaptive,2027,1,2024-05-26 04:00:00,2024-05-26 04:00:00,2024-05-26,5.1582746505737305
2024-05,dgt_identity_adaptive,2027,2,2024-05-26 04:00:00,2024-05-26 05:00:00,2024-05-26,5.689208030700684
2024-05,dgt_identity_adaptive,2027,3,2024-05-26 04:00:00,2024-05-26 06:00:00,2024-05-26,3.9946093559265137
2024-05,dgt_identity_adaptive,2027,6,2024-05-26 04:00:00,2024-05-26 09:00:00,2024-05-26,3.967888355255127
2024-05,dgt_identity_adaptive,2027,1,2024-05-26 05:00:00,2024-05-26 05:00:00,2024-05-26,5.294631004333496
2024-05,dgt_identity_adaptive,2027,2,2024-05-26 05:00:00,2024-05-26 06:00:00,2024-05-26,3.6908187866210938
2024-05,dgt_identity_adaptive,2027,3,2024-05-26 05:00:00,2024-05-26 07:00:00,2024-05-26,3.7840282917022705
2024-05,dgt_identity_adaptive,2027,6,2024-05-26 05:00:00,2024-05-26 10:00:00,2024-05-26,4.401594161987305
2024-05,dgt_identity_adaptive,2027,1,2024-05-26 06:00:00,2024-05-26 06:00:00,2024-05-26,3.9634976387023926
2024-05,dgt_identity_adaptive,2027,2,2024-05-26 06:00:00,2024-05-26 07:00:00,2024-05-26,3.901670455932617
2024-05,dgt_identity_adaptive,2027,3,2024-05-26 06:00:00,2024-05-26 08:00:00,2024-05-26,3.1527769565582275
2024-05,dgt_identity_adaptive,2027,6,2024-05-26 06:00:00,2024-05-26 11:00:00,2024-05-26,3.7917826175689697
2024-05,dgt_identity_adaptive,2027,1,2024-05-26 07:00:00,2024-05-26 07:00:00,2024-05-26,3.430396556854248
2024-05,dgt_identity_adaptive,2027,2,2024-05-26 07:00:00,2024-05-26 08:00:00,2024-05-26,3.1037368774414062
2024-05,dgt_identity_adaptive,2027,3,2024-05-26 07:00:00,2024-05-26 09:00:00,2024-05-26,4.270526885986328
2024-05,dgt_identity_adaptive,2027,6,2024-05-26 07:00:00,2024-05-26 12:00:00,2024-05-26,4.42414665222168
2024-05,dgt_identity_adaptive,2027,1,2024-05-26 08:00:00,2024-05-26 08:00:00,2024-05-26,2.94376277923584
2024-05,dgt_identity_adaptive,2027,2,2024-05-26 08:00:00,2024-05-26 09:00:00,2024-05-26,4.287019729614258
2024-05,dgt_identity_adaptive,2027,3,2024-05-26 08:00:00,2024-05-26 10:00:00,2024-05-26,4.419314384460449
2024-05,dgt_identity_adaptive,2027,6,2024-05-26 08:00:00,2024-05-26 13:00:00,2024-05-26,4.222620010375977
2024-05,dgt_identity_adaptive,2027,1,2024-05-26 09:00:00,2024-05-26 09:00:00,2024-05-26,3.800222635269165
2024-05,dgt_identity_adaptive,2027,2,2024-05-26 09:00:00,2024-05-26 10:00:00,2024-05-26,4.20262336730957
2024-05,dgt_identity_adaptive,2027,3,2024-05-26 09:00:00,2024-05-26 11:00:00,2024-05-26,3.6245973110198975
2024-05,dgt_identity_adaptive,2027,6,2024-05-26 09:00:00,2024-05-26 14:00:00,2024-05-26,3.0697455406188965
2024-05,dgt_identity_adaptive,2027,1,2024-05-26 10:00:00,2024-05-26 10:00:00,2024-05-26,3.700808525085449
2024-05,dgt_identity_adaptive,2027,2,2024-05-26 10:00:00,2024-05-26 11:00:00,2024-05-26,3.5280044078826904
2024-05,dgt_identity_adaptive,2027,3,2024-05-26 10:00:00,2024-05-26 12:00:00,2024-05-26,3.946030378341675
2024-05,dgt_identity_adaptive,2027,6,2024-05-26 10:00:00,2024-05-26 15:00:00,2024-05-26,4.331396102905273
2024-05,dgt_identity_adaptive,2027,1,2024-05-26 11:00:00,2024-05-26 11:00:00,2024-05-26,3.1188364028930664
2024-05,dgt_identity_adaptive,2027,2,2024-05-26 11:00:00,2024-05-26 12:00:00,2024-05-26,3.627830982208252
2024-05,dgt_identity_adaptive,2027,3,2024-05-26 11:00:00,2024-05-26 13:00:00,2024-05-26,3.6505286693573
2024-05,dgt_identity_adaptive,2027,6,2024-05-26 11:00:00,2024-05-26 16:00:00,2024-05-26,4.941644668579102
2024-05,dgt_identity_adaptive,2027,1,2024-05-26 12:00:00,2024-05-26 12:00:00,2024-05-26,3.4988722801208496
2024-05,dgt_identity_adaptive,2027,2,2024-05-26 12:00:00,2024-05-26 13:00:00,2024-05-26,3.4703354835510254
2024-05,dgt_identity_adaptive,2027,3,2024-05-26 12:00:00,2024-05-26 14:00:00,2024-05-26,2.726679801940918
2024-05,dgt_identity_adaptive,2027,6,2024-05-26 12:00:00,2024-05-26 17:00:00,2024-05-26,4.274260520935059
2024-05,dgt_identity_adaptive,2027,1,2024-05-26 13:00:00,2024-05-26 13:00:00,2024-05-26,3.435453414916992
2024-05,dgt_identity_adaptive,2027,2,2024-05-26 13:00:00,2024-05-26 14:00:00,2024-05-26,2.7176105976104736
2024-05,dgt_identity_adaptive,2027,3,2024-05-26 13:00:00,2024-05-26 15:00:00,2024-05-26,3.509294033050537
2024-05,dgt_identity_adaptive,2027,6,2024-05-26 13:00:00,2024-05-26 18:00:00,2024-05-26,4.1349334716796875
2024-05,dgt_identity_adaptive,2027,1,2024-05-26 14:00:00,2024-05-26 14:00:00,2024-05-26,2.7603068351745605
2024-05,dgt_identity_adaptive,2027,2,2024-05-26 14:00:00,2024-05-26 15:00:00,2024-05-26,3.385293960571289
2024-05,dgt_identity_adaptive,2027,3,2024-05-26 14:00:00,2024-05-26 16:00:00,2024-05-26,4.233073711395264
2024-05,dgt_identity_adaptive,2027,6,2024-05-26 14:00:00,2024-05-26 19:00:00,2024-05-26,3.547909736633301
2024-05,dgt_identity_adaptive,2027,1,2024-05-26 15:00:00,2024-05-26 15:00:00,2024-05-26,3.4704723358154297
2024-05,dgt_identity_adaptive,2027,2,2024-05-26 15:00:00,2024-05-26 16:00:00,2024-05-26,4.195501804351807
2024-05,dgt_identity_adaptive,2027,3,2024-05-26 15:00:00,2024-05-26 17:00:00,2024-05-26,3.5760507583618164
2024-05,dgt_identity_adaptive,2027,6,2024-05-26 15:00:00,2024-05-26 20:00:00,2024-05-26,3.9578936100006104
2024-05,dgt_identity_adaptive,2027,1,2024-05-26 16:00:00,2024-05-26 16:00:00,2024-05-26,3.524059772491455
2024-05,dgt_identity_adaptive,2027,2,2024-05-26 16:00:00,2024-05-26 17:00:00,2024-05-26,3.2474312782287598
2024-05,dgt_identity_adaptive,2027,3,2024-05-26 16:00:00,2024-05-26 18:00:00,2024-05-26,3.6855010986328125
2024-05,dgt_identity_adaptive,2027,6,2024-05-26 16:00:00,2024-05-26 21:00:00,2024-05-26,3.9880573749542236
2024-05,dgt_identity_adaptive,2027,1,2024-05-26 17:00:00,2024-05-26 17:00:00,2024-05-26,2.8391315937042236
2024-05,dgt_identity_adaptive,2027,2,2024-05-26 17:00:00,2024-05-26 18:00:00,2024-05-26,3.3188071250915527
2024-05,dgt_identity_adaptive,2027,3,2024-05-26 17:00:00,2024-05-26 19:00:00,2024-05-26,3.69180965423584
2024-05,dgt_identity_adaptive,2027,6,2024-05-26 17:00:00,2024-05-26 22:00:00,2024-05-26,3.745551586151123
2024-05,dgt_identity_adaptive,2027,1,2024-05-26 18:00:00,2024-05-26 18:00:00,2024-05-26,3.2866110801696777
2024-05,dgt_identity_adaptive,2027,2,2024-05-26 18:00:00,2024-05-26 19:00:00,2024-05-26,3.774878978729248
2024-05,dgt_identity_adaptive,2027,3,2024-05-26 18:00:00,2024-05-26 20:00:00,2024-05-26,3.6068596839904785
2024-05,dgt_identity_adaptive,2027,6,2024-05-26 18:00:00,2024-05-26 23:00:00,2024-05-26,4.513943672180176
2024-05,dgt_identity_adaptive,2027,1,2024-05-26 19:00:00,2024-05-26 19:00:00,2024-05-26,3.6633548736572266
2024-05,dgt_identity_adaptive,2027,2,2024-05-26 19:00:00,2024-05-26 20:00:00,2024-05-26,3.3503589630126953
2024-05,dgt_identity_adaptive,2027,3,2024-05-26 19:00:00,2024-05-26 21:00:00,2024-05-26,3.8331034183502197
2024-05,dgt_identity_adaptive,2027,6,2024-05-26 19:00:00,2024-05-28 00:00:00,2024-05-28,5.370150566101074
2024-05,dgt_identity_adaptive,2027,1,2024-05-26 20:00:00,2024-05-26 20:00:00,2024-05-26,3.004929304122925
2024-05,dgt_identity_adaptive,2027,2,2024-05-26 20:00:00,2024-05-26 21:00:00,2024-05-26,3.5119428634643555
2024-05,dgt_identity_adaptive,2027,3,2024-05-26 20:00:00,2024-05-26 22:00:00,2024-05-26,3.3224377632141113
2024-05,dgt_identity_adaptive,2027,6,2024-05-26 20:00:00,2024-05-28 01:00:00,2024-05-28,5.617369174957275
2024-05,dgt_identity_adaptive,2027,1,2024-05-26 21:00:00,2024-05-26 21:00:00,2024-05-26,3.2950053215026855
2024-05,dgt_identity_adaptive,2027,2,2024-05-26 21:00:00,2024-05-26 22:00:00,2024-05-26,3.203314781188965
2024-05,dgt_identity_adaptive,2027,3,2024-05-26 21:00:00,2024-05-26 23:00:00,2024-05-26,3.865797519683838
2024-05,dgt_identity_adaptive,2027,6,2024-05-26 21:00:00,2024-05-28 02:00:00,2024-05-28,5.606706619262695
2024-05,dgt_identity_adaptive,2027,1,2024-05-26 22:00:00,2024-05-26 22:00:00,2024-05-26,3.0622305870056152
2024-05,dgt_identity_adaptive,2027,2,2024-05-26 22:00:00,2024-05-26 23:00:00,2024-05-26,3.8556060791015625
2024-05,dgt_identity_adaptive,2027,3,2024-05-26 22:00:00,2024-05-28 00:00:00,2024-05-28,5.483181953430176
2024-05,dgt_identity_adaptive,2027,6,2024-05-26 22:00:00,2024-05-28 03:00:00,2024-05-28,5.52018404006958
2024-05,dgt_identity_adaptive,2027,1,2024-05-26 23:00:00,2024-05-26 23:00:00,2024-05-26,4.020859718322754
2024-05,dgt_identity_adaptive,2027,2,2024-05-26 23:00:00,2024-05-28 00:00:00,2024-05-28,5.499786376953125
2024-05,dgt_identity_adaptive,2027,3,2024-05-26 23:00:00,2024-05-28 01:00:00,2024-05-28,6.2056121826171875
2024-05,dgt_identity_adaptive,2027,6,2024-05-26 23:00:00,2024-05-28 04:00:00,2024-05-28,6.6262006759643555
2024-05,dgt_identity_adaptive,2027,1,2024-05-28 00:00:00,2024-05-28 00:00:00,2024-05-28,5.831116676330566
2024-05,dgt_identity_adaptive,2027,2,2024-05-28 00:00:00,2024-05-28 01:00:00,2024-05-28,6.114560127258301
2024-05,dgt_identity_adaptive,2027,3,2024-05-28 00:00:00,2024-05-28 02:00:00,2024-05-28,5.868776321411133
2024-05,dgt_identity_adaptive,2027,6,2024-05-28 00:00:00,2024-05-28 05:00:00,2024-05-28,5.405087471008301
2024-05,dgt_identity_adaptive,2027,1,2024-05-28 01:00:00,2024-05-28 01:00:00,2024-05-28,5.284760475158691
2024-05,dgt_identity_adaptive,2027,2,2024-05-28 01:00:00,2024-05-28 02:00:00,2024-05-28,4.873883247375488
2024-05,dgt_identity_adaptive,2027,3,2024-05-28 01:00:00,2024-05-28 03:00:00,2024-05-28,5.378167152404785
2024-05,dgt_identity_adaptive,2027,6,2024-05-28 01:00:00,2024-05-28 06:00:00,2024-05-28,4.03519344329834
2024-05,dgt_identity_adaptive,2027,1,2024-05-28 02:00:00,2024-05-28 02:00:00,2024-05-28,4.233183860778809
2024-05,dgt_identity_adaptive,2027,2,2024-05-28 02:00:00,2024-05-28 03:00:00,2024-05-28,5.601935863494873
2024-05,dgt_identity_adaptive,2027,3,2024-05-28 02:00:00,2024-05-28 04:00:00,2024-05-28,5.875781059265137
2024-05,dgt_identity_adaptive,2027,6,2024-05-28 02:00:00,2024-05-28 07:00:00,2024-05-28,5.502877235412598
2024-05,dgt_identity_adaptive,2027,1,2024-05-28 03:00:00,2024-05-28 03:00:00,2024-05-28,5.9740190505981445
2024-05,dgt_identity_adaptive,2027,2,2024-05-28 03:00:00,2024-05-28 04:00:00,2024-05-28,5.766012668609619
2024-05,dgt_identity_adaptive,2027,3,2024-05-28 03:00:00,2024-05-28 05:00:00,2024-05-28,4.910372734069824
2024-05,dgt_identity_adaptive,2027,6,2024-05-28 03:00:00,2024-05-28 08:00:00,2024-05-28,5.20205545425415
2024-05,dgt_identity_adaptive,2027,1,2024-05-28 04:00:00,2024-05-28 04:00:00,2024-05-28,6.429728031158447
2024-05,dgt_identity_adaptive,2027,2,2024-05-28 04:00:00,2024-05-28 05:00:00,2024-05-28,5.4116058349609375
2024-05,dgt_identity_adaptive,2027,3,2024-05-28 04:00:00,2024-05-28 06:00:00,2024-05-28,3.587801933288574
2024-05,dgt_identity_adaptive,2027,6,2024-05-28 04:00:00,2024-05-28 09:00:00,2024-05-28,5.4757537841796875
2024-05,dgt_identity_adaptive,2027,1,2024-05-28 05:00:00,2024-05-28 05:00:00,2024-05-28,5.499536991119385
2024-05,dgt_identity_adaptive,2027,2,2024-05-28 05:00:00,2024-05-28 06:00:00,2024-05-28,3.7861382961273193
2024-05,dgt_identity_adaptive,2027,3,2024-05-28 05:00:00,2024-05-28 07:00:00,2024-05-28,5.18602180480957
2024-05,dgt_identity_adaptive,2027,6,2024-05-28 05:00:00,2024-05-28 10:00:00,2024-05-28,4.88323974609375
2024-05,dgt_identity_adaptive,2027,1,2024-05-28 06:00:00,2024-05-28 06:00:00,2024-05-28,4.0754289627075195
2024-05,dgt_identity_adaptive,2027,2,2024-05-28 06:00:00,2024-05-28 07:00:00,2024-05-28,5.288027763366699
2024-05,dgt_identity_adaptive,2027,3,2024-05-28 06:00:00,2024-05-28 08:00:00,2024-05-28,4.733334064483643
2024-05,dgt_identity_adaptive,2027,6,2024-05-28 06:00:00,2024-05-28 11:00:00,2024-05-28,4.4642486572265625
2024-05,dgt_identity_adaptive,2027,1,2024-05-28 07:00:00,2024-05-28 07:00:00,2024-05-28,4.414146900177002
2024-05,dgt_identity_adaptive,2027,2,2024-05-28 07:00:00,2024-05-28 08:00:00,2024-05-28,4.999698162078857
2024-05,dgt_identity_adaptive,2027,3,2024-05-28 07:00:00,2024-05-28 09:00:00,2024-05-28,4.946051597595215
2024-05,dgt_identity_adaptive,2027,6,2024-05-28 07:00:00,2024-05-28 12:00:00,2024-05-28,4.2767744064331055
2024-05,dgt_identity_adaptive,2027,1,2024-05-28 08:00:00,2024-05-28 08:00:00,2024-05-28,4.224100112915039
2024-05,dgt_identity_adaptive,2027,2,2024-05-28 08:00:00,2024-05-28 09:00:00,2024-05-28,4.408383369445801
2024-05,dgt_identity_adaptive,2027,3,2024-05-28 08:00:00,2024-05-28 10:00:00,2024-05-28,3.7573084831237793
2024-05,dgt_identity_adaptive,2027,6,2024-05-28 08:00:00,2024-05-28 13:00:00,2024-05-28,3.3724515438079834
2024-05,dgt_identity_adaptive,2027,1,2024-05-28 09:00:00,2024-05-28 09:00:00,2024-05-28,3.4645798206329346
2024-05,dgt_identity_adaptive,2027,2,2024-05-28 09:00:00,2024-05-28 10:00:00,2024-05-28,3.469996929168701
2024-05,dgt_identity_adaptive,2027,3,2024-05-28 09:00:00,2024-05-28 11:00:00,2024-05-28,3.391798973083496
2024-05,dgt_identity_adaptive,2027,6,2024-05-28 09:00:00,2024-05-28 14:00:00,2024-05-28,3.3677244186401367
2024-05,dgt_identity_adaptive,2027,1,2024-05-28 10:00:00,2024-05-28 10:00:00,2024-05-28,2.988985061645508
2024-05,dgt_identity_adaptive,2027,2,2024-05-28 10:00:00,2024-05-28 11:00:00,2024-05-28,3.1659300327301025
2024-05,dgt_identity_adaptive,2027,3,2024-05-28 10:00:00,2024-05-28 12:00:00,2024-05-28,3.4888594150543213
2024-05,dgt_identity_adaptive,2027,6,2024-05-28 10:00:00,2024-05-28 15:00:00,2024-05-28,2.720735788345337
2024-05,dgt_identity_adaptive,2027,1,2024-05-28 11:00:00,2024-05-28 11:00:00,2024-05-28,3.1598634719848633
2024-05,dgt_identity_adaptive,2027,2,2024-05-28 11:00:00,2024-05-28 12:00:00,2024-05-28,3.469806671142578
2024-05,dgt_identity_adaptive,2027,3,2024-05-28 11:00:00,2024-05-28 13:00:00,2024-05-28,2.947744131088257
2024-05,dgt_identity_adaptive,2027,6,2024-05-28 11:00:00,2024-05-28 16:00:00,2024-05-28,3.1176156997680664
2024-05,dgt_identity_adaptive,2027,1,2024-05-28 12:00:00,2024-05-28 12:00:00,2024-05-28,3.1650619506835938
2024-05,dgt_identity_adaptive,2027,2,2024-05-28 12:00:00,2024-05-28 13:00:00,2024-05-28,2.836526393890381
2024-05,dgt_identity_adaptive,2027,3,2024-05-28 12:00:00,2024-05-28 14:00:00,2024-05-28,3.330639362335205
2024-05,dgt_identity_adaptive,2027,6,2024-05-28 12:00:00,2024-05-28 17:00:00,2024-05-28,3.89067006111145
2024-05,dgt_identity_adaptive,2027,1,2024-05-28 13:00:00,2024-05-28 13:00:00,2024-05-28,2.792755365371704
2024-05,dgt_identity_adaptive,2027,2,2024-05-28 13:00:00,2024-05-28 14:00:00,2024-05-28,2.9209349155426025
2024-05,dgt_identity_adaptive,2027,3,2024-05-28 13:00:00,2024-05-28 15:00:00,2024-05-28,2.389726161956787
2024-05,dgt_identity_adaptive,2027,6,2024-05-28 13:00:00,2024-05-28 18:00:00,2024-05-28,4.9358367919921875
2024-05,dgt_identity_adaptive,2027,1,2024-05-28 14:00:00,2024-05-28 14:00:00,2024-05-28,3.142451286315918
2024-05,dgt_identity_adaptive,2027,2,2024-05-28 14:00:00,2024-05-28 15:00:00,2024-05-28,2.159923791885376
2024-05,dgt_identity_adaptive,2027,3,2024-05-28 14:00:00,2024-05-28 16:00:00,2024-05-28,2.9366846084594727
2024-05,dgt_identity_adaptive,2027,6,2024-05-28 14:00:00,2024-05-28 19:00:00,2024-05-28,4.3045148849487305
2024-05,dgt_identity_adaptive,2027,1,2024-05-28 15:00:00,2024-05-28 15:00:00,2024-05-28,2.596008062362671
2024-05,dgt_identity_adaptive,2027,2,2024-05-28 15:00:00,2024-05-28 16:00:00,2024-05-28,2.9329631328582764
2024-05,dgt_identity_adaptive,2027,3,2024-05-28 15:00:00,2024-05-28 17:00:00,2024-05-28,3.795121908187866
2024-05,dgt_identity_adaptive,2027,6,2024-05-28 15:00:00,2024-05-28 20:00:00,2024-05-28,4.579843521118164
2024-05,dgt_identity_adaptive,2027,1,2024-05-28 16:00:00,2024-05-28 16:00:00,2024-05-28,2.9791512489318848
2024-05,dgt_identity_adaptive,2027,2,2024-05-28 16:00:00,2024-05-28 17:00:00,2024-05-28,3.8460500240325928
2024-05,dgt_identity_adaptive,2027,3,2024-05-28 16:00:00,2024-05-28 18:00:00,2024-05-28,4.407872200012207
2024-05,dgt_identity_adaptive,2027,6,2024-05-28 16:00:00,2024-05-28 21:00:00,2024-05-28,4.0063934326171875
2024-05,dgt_identity_adaptive,2027,1,2024-05-28 17:00:00,2024-05-28 17:00:00,2024-05-28,3.464604377746582
2024-05,dgt_identity_adaptive,2027,2,2024-05-28 17:00:00,2024-05-28 18:00:00,2024-05-28,4.726823806762695
2024-05,dgt_identity_adaptive,2027,3,2024-05-28 17:00:00,2024-05-28 19:00:00,2024-05-28,4.080995082855225
2024-05,dgt_identity_adaptive,2027,6,2024-05-28 17:00:00,2024-05-28 22:00:00,2024-05-28,3.6928014755249023
2024-05,dgt_identity_adaptive,2027,1,2024-05-28 18:00:00,2024-05-28 18:00:00,2024-05-28,3.8506414890289307
2024-05,dgt_identity_adaptive,2027,2,2024-05-28 18:00:00,2024-05-28 19:00:00,2024-05-28,3.8270721435546875
2024-05,dgt_identity_adaptive,2027,3,2024-05-28 18:00:00,2024-05-28 20:00:00,2024-05-28,3.424586296081543
2024-05,dgt_identity_adaptive,2027,6,2024-05-28 18:00:00,2024-05-28 23:00:00,2024-05-28,4.115353584289551
2024-05,dgt_identity_adaptive,2027,1,2024-05-28 19:00:00,2024-05-28 19:00:00,2024-05-28,3.2463064193725586
2024-05,dgt_identity_adaptive,2027,2,2024-05-28 19:00:00,2024-05-28 20:00:00,2024-05-28,3.8219707012176514
2024-05,dgt_identity_adaptive,2027,3,2024-05-28 19:00:00,2024-05-28 21:00:00,2024-05-28,3.654822826385498
2024-05,dgt_identity_adaptive,2027,6,2024-05-28 19:00:00,2024-05-30 00:00:00,2024-05-30,5.102634906768799
2024-05,dgt_identity_adaptive,2027,1,2024-05-28 20:00:00,2024-05-28 20:00:00,2024-05-28,3.5452117919921875
2024-05,dgt_identity_adaptive,2027,2,2024-05-28 20:00:00,2024-05-28 21:00:00,2024-05-28,3.4672091007232666
2024-05,dgt_identity_adaptive,2027,3,2024-05-28 20:00:00,2024-05-28 22:00:00,2024-05-28,3.7275688648223877
2024-05,dgt_identity_adaptive,2027,6,2024-05-28 20:00:00,2024-05-30 01:00:00,2024-05-30,6.0009565353393555
2024-05,dgt_identity_adaptive,2027,1,2024-05-28 21:00:00,2024-05-28 21:00:00,2024-05-28,2.861678123474121
2024-05,dgt_identity_adaptive,2027,2,2024-05-28 21:00:00,2024-05-28 22:00:00,2024-05-28,3.2714695930480957
2024-05,dgt_identity_adaptive,2027,3,2024-05-28 21:00:00,2024-05-28 23:00:00,2024-05-28,3.138763904571533
2024-05,dgt_identity_adaptive,2027,6,2024-05-28 21:00:00,2024-05-30 02:00:00,2024-05-30,6.112374305725098
2024-05,dgt_identity_adaptive,2027,1,2024-05-28 22:00:00,2024-05-28 22:00:00,2024-05-28,3.0914194583892822
2024-05,dgt_identity_adaptive,2027,2,2024-05-28 22:00:00,2024-05-28 23:00:00,2024-05-28,3.211102247238159
2024-05,dgt_identity_adaptive,2027,3,2024-05-28 22:00:00,2024-05-30 00:00:00,2024-05-30,3.6750829219818115
2024-05,dgt_identity_adaptive,2027,6,2024-05-28 22:00:00,2024-05-30 03:00:00,2024-05-30,7.078235626220703
2024-05,dgt_identity_adaptive,2027,1,2024-05-28 23:00:00,2024-05-28 23:00:00,2024-05-28,3.503610610961914
2024-05,dgt_identity_adaptive,2027,2,2024-05-28 23:00:00,2024-05-30 00:00:00,2024-05-30,4.027125358581543
2024-05,dgt_identity_adaptive,2027,3,2024-05-28 23:00:00,2024-05-30 01:00:00,2024-05-30,4.726350784301758
2024-05,dgt_identity_adaptive,2027,6,2024-05-28 23:00:00,2024-05-30 04:00:00,2024-05-30,4.90553092956543
2024-05,dgt_identity_adaptive,2027,1,2024-05-30 00:00:00,2024-05-30 00:00:00,2024-05-30,3.9986441135406494
2024-05,dgt_identity_adaptive,2027,2,2024-05-30 00:00:00,2024-05-30 01:00:00,2024-05-30,5.1137800216674805
2024-05,dgt_identity_adaptive,2027,3,2024-05-30 00:00:00,2024-05-30 02:00:00,2024-05-30,5.973334312438965
2024-05,dgt_identity_adaptive,2027,6,2024-05-30 00:00:00,2024-05-30 05:00:00,2024-05-30,4.049937725067139
2024-05,dgt_identity_adaptive,2027,1,2024-05-30 01:00:00,2024-05-30 01:00:00,2024-05-30,4.155908107757568
2024-05,dgt_identity_adaptive,2027,2,2024-05-30 01:00:00,2024-05-30 02:00:00,2024-05-30,5.8659348487854
2024-05,dgt_identity_adaptive,2027,3,2024-05-30 01:00:00,2024-05-30 03:00:00,2024-05-30,6.303714752197266
2024-05,dgt_identity_adaptive,2027,6,2024-05-30 01:00:00,2024-05-30 06:00:00,2024-05-30,3.699972629547119
2024-05,dgt_identity_adaptive,2027,1,2024-05-30 02:00:00,2024-05-30 02:00:00,2024-05-30,5.882875442504883
2024-05,dgt_identity_adaptive,2027,2,2024-05-30 02:00:00,2024-05-30 03:00:00,2024-05-30,6.084115028381348
2024-05,dgt_identity_adaptive,2027,3,2024-05-30 02:00:00,2024-05-30 04:00:00,2024-05-30,4.532111644744873
2024-05,dgt_identity_adaptive,2027,6,2024-05-30 02:00:00,2024-05-30 07:00:00,2024-05-30,4.136852264404297
2024-05,dgt_identity_adaptive,2027,1,2024-05-30 03:00:00,2024-05-30 03:00:00,2024-05-30,6.3436126708984375
2024-05,dgt_identity_adaptive,2027,2,2024-05-30 03:00:00,2024-05-30 04:00:00,2024-05-30,4.159335136413574
2024-05,dgt_identity_adaptive,2027,3,2024-05-30 03:00:00,2024-05-30 05:00:00,2024-05-30,3.6694223880767822
2024-05,dgt_identity_adaptive,2027,6,2024-05-30 03:00:00,2024-05-30 08:00:00,2024-05-30,4.710844039916992
2024-05,dgt_identity_adaptive,2027,1,2024-05-30 04:00:00,2024-05-30 04:00:00,2024-05-30,4.387307167053223
2024-05,dgt_identity_adaptive,2027,2,2024-05-30 04:00:00,2024-05-30 05:00:00,2024-05-30,3.6599340438842773
2024-05,dgt_identity_adaptive,2027,3,2024-05-30 04:00:00,2024-05-30 06:00:00,2024-05-30,3.728692054748535
2024-05,dgt_identity_adaptive,2027,6,2024-05-30 04:00:00,2024-05-30 09:00:00,2024-05-30,4.105687141418457
2024-05,dgt_identity_adaptive,2027,1,2024-05-30 05:00:00,2024-05-30 05:00:00,2024-05-30,3.764976739883423
2024-05,dgt_identity_adaptive,2027,2,2024-05-30 05:00:00,2024-05-30 06:00:00,2024-05-30,3.708719253540039
2024-05,dgt_identity_adaptive,2027,3,2024-05-30 05:00:00,2024-05-30 07:00:00,2024-05-30,3.389995574951172
2024-05,dgt_identity_adaptive,2027,6,2024-05-30 05:00:00,2024-05-30 10:00:00,2024-05-30,4.430758953094482
2024-05,dgt_identity_adaptive,2027,1,2024-05-30 06:00:00,2024-05-30 06:00:00,2024-05-30,3.682222604751587
2024-05,dgt_identity_adaptive,2027,2,2024-05-30 06:00:00,2024-05-30 07:00:00,2024-05-30,3.3037474155426025
2024-05,dgt_identity_adaptive,2027,3,2024-05-30 06:00:00,2024-05-30 08:00:00,2024-05-30,3.763472557067871
2024-05,dgt_identity_adaptive,2027,6,2024-05-30 06:00:00,2024-05-30 11:00:00,2024-05-30,3.8488054275512695
2024-05,dgt_identity_adaptive,2027,1,2024-05-30 07:00:00,2024-05-30 07:00:00,2024-05-30,3.8224453926086426
2024-05,dgt_identity_adaptive,2027,2,2024-05-30 07:00:00,2024-05-30 08:00:00,2024-05-30,4.022317886352539
2024-05,dgt_identity_adaptive,2027,3,2024-05-30 07:00:00,2024-05-30 09:00:00,2024-05-30,3.276951551437378
2024-05,dgt_identity_adaptive,2027,6,2024-05-30 07:00:00,2024-05-30 12:00:00,2024-05-30,3.1999597549438477
2024-05,dgt_identity_adaptive,2027,1,2024-05-30 08:00:00,2024-05-30 08:00:00,2024-05-30,3.7746903896331787
2024-05,dgt_identity_adaptive,2027,2,2024-05-30 08:00:00,2024-05-30 09:00:00,2024-05-30,3.2017998695373535
2024-05,dgt_identity_adaptive,2027,3,2024-05-30 08:00:00,2024-05-30 10:00:00,2024-05-30,3.5483932495117188
2024-05,dgt_identity_adaptive,2027,6,2024-05-30 08:00:00,2024-05-30 13:00:00,2024-05-30,2.736215829849243
2024-05,dgt_identity_adaptive,2027,1,2024-05-30 09:00:00,2024-05-30 09:00:00,2024-05-30,2.827455997467041
2024-05,dgt_identity_adaptive,2027,2,2024-05-30 09:00:00,2024-05-30 10:00:00,2024-05-30,3.475135326385498
2024-05,dgt_identity_adaptive,2027,3,2024-05-30 09:00:00,2024-05-30 11:00:00,2024-05-30,3.056273937225342
2024-05,dgt_identity_adaptive,2027,6,2024-05-30 09:00:00,2024-05-30 14:00:00,2024-05-30,3.181504964828491
2024-05,dgt_identity_adaptive,2027,1,2024-05-30 10:00:00,2024-05-30 10:00:00,2024-05-30,2.7304415702819824
2024-05,dgt_identity_adaptive,2027,2,2024-05-30 10:00:00,2024-05-30 11:00:00,2024-05-30,2.881349563598633
2024-05,dgt_identity_adaptive,2027,3,2024-05-30 10:00:00,2024-05-30 12:00:00,2024-05-30,2.9056620597839355
2024-05,dgt_identity_adaptive,2027,6,2024-05-30 10:00:00,2024-05-30 15:00:00,2024-05-30,3.0734386444091797
2024-05,dgt_identity_adaptive,2027,1,2024-05-30 11:00:00,2024-05-30 11:00:00,2024-05-30,2.467984199523926
2024-05,dgt_identity_adaptive,2027,2,2024-05-30 11:00:00,2024-05-30 12:00:00,2024-05-30,2.7126379013061523
2024-05,dgt_identity_adaptive,2027,3,2024-05-30 11:00:00,2024-05-30 13:00:00,2024-05-30,2.431129217147827
2024-05,dgt_identity_adaptive,2027,6,2024-05-30 11:00:00,2024-05-30 16:00:00,2024-05-30,3.599501609802246
2024-05,dgt_identity_adaptive,2027,1,2024-05-30 12:00:00,2024-05-30 12:00:00,2024-05-30,2.723245859146118
2024-05,dgt_identity_adaptive,2027,2,2024-05-30 12:00:00,2024-05-30 13:00:00,2024-05-30,2.4720561504364014
2024-05,dgt_identity_adaptive,2027,3,2024-05-30 12:00:00,2024-05-30 14:00:00,2024-05-30,2.9325928688049316
2024-05,dgt_identity_adaptive,2027,6,2024-05-30 12:00:00,2024-05-30 17:00:00,2024-05-30,3.327636241912842
2024-05,dgt_identity_adaptive,2027,1,2024-05-30 13:00:00,2024-05-30 13:00:00,2024-05-30,2.294856548309326
2024-05,dgt_identity_adaptive,2027,2,2024-05-30 13:00:00,2024-05-30 14:00:00,2024-05-30,2.7552547454833984
2024-05,dgt_identity_adaptive,2027,3,2024-05-30 13:00:00,2024-05-30 15:00:00,2024-05-30,2.892214775085449
2024-05,dgt_identity_adaptive,2027,6,2024-05-30 13:00:00,2024-05-30 18:00:00,2024-05-30,4.942575454711914
2024-05,dgt_identity_adaptive,2027,1,2024-05-30 14:00:00,2024-05-30 14:00:00,2024-05-30,2.9743752479553223
2024-05,dgt_identity_adaptive,2027,2,2024-05-30 14:00:00,2024-05-30 15:00:00,2024-05-30,2.7794437408447266
2024-05,dgt_identity_adaptive,2027,3,2024-05-30 14:00:00,2024-05-30 16:00:00,2024-05-30,3.231731653213501
2024-05,dgt_identity_adaptive,2027,6,2024-05-30 14:00:00,2024-05-30 19:00:00,2024-05-30,3.41262149810791
2024-05,dgt_identity_adaptive,2027,1,2024-05-30 15:00:00,2024-05-30 15:00:00,2024-05-30,2.9647011756896973
2024-05,dgt_identity_adaptive,2027,2,2024-05-30 15:00:00,2024-05-30 16:00:00,2024-05-30,3.234720230102539
2024-05,dgt_identity_adaptive,2027,3,2024-05-30 15:00:00,2024-05-30 17:00:00,2024-05-30,3.372304916381836
2024-05,dgt_identity_adaptive,2027,6,2024-05-30 15:00:00,2024-05-30 20:00:00,2024-05-30,3.8183376789093018
2024-05,dgt_identity_adaptive,2027,1,2024-05-30 16:00:00,2024-05-30 16:00:00,2024-05-30,2.6480278968811035
2024-05,dgt_identity_adaptive,2027,2,2024-05-30 16:00:00,2024-05-30 17:00:00,2024-05-30,3.123206615447998
2024-05,dgt_identity_adaptive,2027,3,2024-05-30 16:00:00,2024-05-30 18:00:00,2024-05-30,4.723057746887207
2024-05,dgt_identity_adaptive,2027,6,2024-05-30 16:00:00,2024-05-30 21:00:00,2024-05-30,5.033298492431641
2024-05,dgt_identity_adaptive,2027,1,2024-05-30 17:00:00,2024-05-30 17:00:00,2024-05-30,3.5269856452941895
2024-05,dgt_identity_adaptive,2027,2,2024-05-30 17:00:00,2024-05-30 18:00:00,2024-05-30,4.512698173522949
2024-05,dgt_identity_adaptive,2027,3,2024-05-30 17:00:00,2024-05-30 19:00:00,2024-05-30,3.286390542984009
2024-05,dgt_identity_adaptive,2027,6,2024-05-30 17:00:00,2024-05-30 22:00:00,2024-05-30,4.003644943237305
2024-05,dgt_identity_adaptive,2027,1,2024-05-30 18:00:00,2024-05-30 18:00:00,2024-05-30,3.916222333908081
2024-05,dgt_identity_adaptive,2027,2,2024-05-30 18:00:00,2024-05-30 19:00:00,2024-05-30,3.06514310836792
2024-05,dgt_identity_adaptive,2027,3,2024-05-30 18:00:00,2024-05-30 20:00:00,2024-05-30,3.5283162593841553
2024-05,dgt_identity_adaptive,2027,6,2024-05-30 18:00:00,2024-05-30 23:00:00,2024-05-30,3.5524649620056152
2024-05,dgt_identity_adaptive,2027,1,2024-05-30 19:00:00,2024-05-30 19:00:00,2024-05-30,3.3275108337402344
2024-05,dgt_identity_adaptive,2027,2,2024-05-30 19:00:00,2024-05-30 20:00:00,2024-05-30,3.6109988689422607
2024-05,dgt_identity_adaptive,2027,3,2024-05-30 19:00:00,2024-05-30 21:00:00,2024-05-30,4.552234172821045
2024-05,dgt_identity_adaptive,2027,6,2024-05-30 19:00:00,2024-05-31 00:00:00,2024-05-31,4.532100677490234
2024-05,dgt_identity_adaptive,2027,1,2024-05-30 20:00:00,2024-05-30 20:00:00,2024-05-30,3.564140558242798
2024-05,dgt_identity_adaptive,2027,2,2024-05-30 20:00:00,2024-05-30 21:00:00,2024-05-30,4.263525009155273
2024-05,dgt_identity_adaptive,2027,3,2024-05-30 20:00:00,2024-05-30 22:00:00,2024-05-30,2.6690738201141357
2024-05,dgt_identity_adaptive,2027,6,2024-05-30 20:00:00,2024-05-31 01:00:00,2024-05-31,3.8765439987182617
2024-05,dgt_identity_adaptive,2027,1,2024-05-30 21:00:00,2024-05-30 21:00:00,2024-05-30,3.7476389408111572
2024-05,dgt_identity_adaptive,2027,2,2024-05-30 21:00:00,2024-05-30 22:00:00,2024-05-30,2.4639463424682617
2024-05,dgt_identity_adaptive,2027,3,2024-05-30 21:00:00,2024-05-30 23:00:00,2024-05-30,2.722641706466675
2024-05,dgt_identity_adaptive,2027,6,2024-05-30 21:00:00,2024-05-31 02:00:00,2024-05-31,4.198856353759766
2024-05,dgt_identity_adaptive,2027,1,2024-05-30 22:00:00,2024-05-30 22:00:00,2024-05-30,2.3597099781036377
2024-05,dgt_identity_adaptive,2027,2,2024-05-30 22:00:00,2024-05-30 23:00:00,2024-05-30,2.7805943489074707
2024-05,dgt_identity_adaptive,2027,3,2024-05-30 22:00:00,2024-05-31 00:00:00,2024-05-31,4.115291118621826
2024-05,dgt_identity_adaptive,2027,6,2024-05-30 22:00:00,2024-05-31 03:00:00,2024-05-31,5.244015216827393
2024-05,dgt_identity_adaptive,2027,1,2024-05-30 23:00:00,2024-05-30 23:00:00,2024-05-30,2.811251163482666
2024-05,dgt_identity_adaptive,2027,2,2024-05-30 23:00:00,2024-05-31 00:00:00,2024-05-31,3.9441680908203125
2024-05,dgt_identity_adaptive,2027,3,2024-05-30 23:00:00,2024-05-31 01:00:00,2024-05-31,3.8557546138763428
2024-05,dgt_identity_adaptive,2027,6,2024-05-30 23:00:00,2024-05-31 04:00:00,2024-05-31,4.7498016357421875
2024-05,dgt_identity_adaptive,2027,1,2024-05-31 00:00:00,2024-05-31 00:00:00,2024-05-31,3.819249153137207
2024-05,dgt_identity_adaptive,2027,2,2024-05-31 00:00:00,2024-05-31 01:00:00,2024-05-31,3.741461992263794
2024-05,dgt_identity_adaptive,2027,3,2024-05-31 00:00:00,2024-05-31 02:00:00,2024-05-31,4.176765441894531
2024-05,dgt_identity_adaptive,2027,6,2024-05-31 00:00:00,2024-05-31 05:00:00,2024-05-31,4.018219470977783
2024-05,dgt_identity_adaptive,2027,1,2024-05-31 01:00:00,2024-05-31 01:00:00,2024-05-31,4.103254318237305
2024-05,dgt_identity_adaptive,2027,2,2024-05-31 01:00:00,2024-05-31 02:00:00,2024-05-31,4.119109153747559
2024-05,dgt_identity_adaptive,2027,3,2024-05-31 01:00:00,2024-05-31 03:00:00,2024-05-31,4.927715301513672
2024-05,dgt_identity_adaptive,2027,6,2024-05-31 01:00:00,2024-05-31 06:00:00,2024-05-31,3.1134114265441895
2024-05,dgt_identity_adaptive,2027,1,2024-05-31 02:00:00,2024-05-31 02:00:00,2024-05-31,4.377490997314453
2024-05,dgt_identity_adaptive,2027,2,2024-05-31 02:00:00,2024-05-31 03:00:00,2024-05-31,4.949420928955078
2024-05,dgt_identity_adaptive,2027,3,2024-05-31 02:00:00,2024-05-31 04:00:00,2024-05-31,4.802388668060303
2024-05,dgt_identity_adaptive,2027,6,2024-05-31 02:00:00,2024-05-31 07:00:00,2024-05-31,4.3278489112854
2024-05,dgt_identity_adaptive,2027,1,2024-05-31 03:00:00,2024-05-31 03:00:00,2024-05-31,5.351552963256836
2024-05,dgt_identity_adaptive,2027,2,2024-05-31 03:00:00,2024-05-31 04:00:00,2024-05-31,5.106459617614746
2024-05,dgt_identity_adaptive,2027,3,2024-05-31 03:00:00,2024-05-31 05:00:00,2024-05-31,3.9933347702026367
2024-05,dgt_identity_adaptive,2027,6,2024-05-31 03:00:00,2024-05-31 08:00:00,2024-05-31,6.099817276000977
2024-05,dgt_identity_adaptive,2027,1,2024-05-31 04:00:00,2024-05-31 04:00:00,2024-05-31,4.854764938354492
2024-05,dgt_identity_adaptive,2027,2,2024-05-31 04:00:00,2024-05-31 05:00:00,2024-05-31,3.814042568206787
2024-05,dgt_identity_adaptive,2027,3,2024-05-31 04:00:00,2024-05-31 06:00:00,2024-05-31,3.351810932159424
2024-05,dgt_identity_adaptive,2027,6,2024-05-31 04:00:00,2024-05-31 09:00:00,2024-05-31,3.229273557662964
2024-05,dgt_identity_adaptive,2027,1,2024-05-31 05:00:00,2024-05-31 05:00:00,2024-05-31,4.096138954162598
2024-05,dgt_identity_adaptive,2027,2,2024-05-31 05:00:00,2024-05-31 06:00:00,2024-05-31,3.30806827545166
2024-05,dgt_identity_adaptive,2027,3,2024-05-31 05:00:00,2024-05-31 07:00:00,2024-05-31,3.44911527633667
2024-05,dgt_identity_adaptive,2027,6,2024-05-31 05:00:00,2024-05-31 10:00:00,2024-05-31,3.329115152359009
2024-05,dgt_identity_adaptive,2027,1,2024-05-31 06:00:00,2024-05-31 06:00:00,2024-05-31,3.0056192874908447
2024-05,dgt_identity_adaptive,2027,2,2024-05-31 06:00:00,2024-05-31 07:00:00,2024-05-31,3.212169647216797
2024-05,dgt_identity_adaptive,2027,3,2024-05-31 06:00:00,2024-05-31 08:00:00,2024-05-31,4.542318820953369
2024-05,dgt_identity_adaptive,2027,6,2024-05-31 06:00:00,2024-05-31 11:00:00,2024-05-31,2.798557996749878
2024-05,dgt_identity_adaptive,2027,1,2024-05-31 07:00:00,2024-05-31 07:00:00,2024-05-31,3.2989754676818848
2024-05,dgt_identity_adaptive,2027,2,2024-05-31 07:00:00,2024-05-31 08:00:00,2024-05-31,4.676623344421387
2024-05,dgt_identity_adaptive,2027,3,2024-05-31 07:00:00,2024-05-31 09:00:00,2024-05-31,3.1784019470214844
2024-05,dgt_identity_adaptive,2027,6,2024-05-31 07:00:00,2024-05-31 12:00:00,2024-05-31,2.3902435302734375
2024-05,dgt_identity_adaptive,2027,1,2024-05-31 08:00:00,2024-05-31 08:00:00,2024-05-31,4.521694183349609
2024-05,dgt_identity_adaptive,2027,2,2024-05-31 08:00:00,2024-05-31 09:00:00,2024-05-31,3.316481590270996
2024-05,dgt_identity_adaptive,2027,3,2024-05-31 08:00:00,2024-05-31 10:00:00,2024-05-31,3.3545432090759277
2024-05,dgt_identity_adaptive,2027,6,2024-05-31 08:00:00,2024-05-31 13:00:00,2024-05-31,3.21063232421875
2024-05,dgt_identity_adaptive,2027,1,2024-05-31 09:00:00,2024-05-31 09:00:00,2024-05-31,3.2765092849731445
2024-05,dgt_identity_adaptive,2027,2,2024-05-31 09:00:00,2024-05-31 10:00:00,2024-05-31,3.5474624633789062
2024-05,dgt_identity_adaptive,2027,3,2024-05-31 09:00:00,2024-05-31 11:00:00,2024-05-31,2.863330602645874
2024-05,dgt_identity_adaptive,2027,6,2024-05-31 09:00:00,2024-05-31 14:00:00,2024-05-31,2.6809468269348145
2024-05,dgt_identity_adaptive,2027,1,2024-05-31 10:00:00,2024-05-31 10:00:00,2024-05-31,3.0196619033813477
2024-05,dgt_identity_adaptive,2027,2,2024-05-31 10:00:00,2024-05-31 11:00:00,2024-05-31,2.661858081817627
2024-05,dgt_identity_adaptive,2027,3,2024-05-31 10:00:00,2024-05-31 12:00:00,2024-05-31,2.373202085494995
2024-05,dgt_identity_adaptive,2027,6,2024-05-31 10:00:00,2024-05-31 15:00:00,2024-05-31,2.523796558380127
2024-05,dgt_identity_adaptive,2027,1,2024-05-31 11:00:00,2024-05-31 11:00:00,2024-05-31,2.4511141777038574
2024-05,dgt_identity_adaptive,2027,2,2024-05-31 11:00:00,2024-05-31 12:00:00,2024-05-31,2.3740127086639404
2024-05,dgt_identity_adaptive,2027,3,2024-05-31 11:00:00,2024-05-31 13:00:00,2024-05-31,3.1162467002868652
2024-05,dgt_identity_adaptive,2027,6,2024-05-31 11:00:00,2024-05-31 16:00:00,2024-05-31,2.951284646987915
2024-05,dgt_identity_adaptive,2027,1,2024-05-31 12:00:00,2024-05-31 12:00:00,2024-05-31,2.2543821334838867
2024-05,dgt_identity_adaptive,2027,2,2024-05-31 12:00:00,2024-05-31 13:00:00,2024-05-31,3.033024311065674
2024-05,dgt_identity_adaptive,2027,3,2024-05-31 12:00:00,2024-05-31 14:00:00,2024-05-31,2.7376272678375244
2024-05,dgt_identity_adaptive,2027,6,2024-05-31 12:00:00,2024-05-31 17:00:00,2024-05-31,4.302729606628418
2024-05,dgt_identity_adaptive,2027,1,2024-05-31 13:00:00,2024-05-31 13:00:00,2024-05-31,2.851724624633789
2024-05,dgt_identity_adaptive,2027,2,2024-05-31 13:00:00,2024-05-31 14:00:00,2024-05-31,2.6859490871429443
2024-05,dgt_identity_adaptive,2027,3,2024-05-31 13:00:00,2024-05-31 15:00:00,2024-05-31,2.4215545654296875
2024-05,dgt_identity_adaptive,2027,6,2024-05-31 13:00:00,2024-05-31 18:00:00,2024-05-31,5.531414031982422
2024-05,dgt_identity_adaptive,2027,1,2024-05-31 14:00:00,2024-05-31 14:00:00,2024-05-31,2.557326316833496
2024-05,dgt_identity_adaptive,2027,2,2024-05-31 14:00:00,2024-05-31 15:00:00,2024-05-31,2.532869338989258
2024-05,dgt_identity_adaptive,2027,3,2024-05-31 14:00:00,2024-05-31 16:00:00,2024-05-31,2.9161489009857178
2024-05,dgt_identity_adaptive,2027,6,2024-05-31 14:00:00,2024-05-31 19:00:00,2024-05-31,4.381463050842285
2024-05,dgt_identity_adaptive,2027,1,2024-05-31 15:00:00,2024-05-31 15:00:00,2024-05-31,2.7584235668182373
2024-05,dgt_identity_adaptive,2027,2,2024-05-31 15:00:00,2024-05-31 16:00:00,2024-05-31,2.9572908878326416
2024-05,dgt_identity_adaptive,2027,3,2024-05-31 15:00:00,2024-05-31 17:00:00,2024-05-31,4.220259666442871
2024-05,dgt_identity_adaptive,2027,6,2024-05-31 15:00:00,2024-05-31 20:00:00,2024-05-31,4.350192070007324
2024-05,dgt_identity_adaptive,2027,1,2024-05-31 16:00:00,2024-05-31 16:00:00,2024-05-31,2.59783935546875
2024-05,dgt_identity_adaptive,2027,2,2024-05-31 16:00:00,2024-05-31 17:00:00,2024-05-31,3.9852030277252197
2024-05,dgt_identity_adaptive,2027,3,2024-05-31 16:00:00,2024-05-31 18:00:00,2024-05-31,5.054170608520508
2024-05,dgt_identity_adaptive,2027,6,2024-05-31 16:00:00,2024-05-31 21:00:00,2024-05-31,3.667692184448242
2024-05,dgt_identity_adaptive,2027,1,2024-05-31 17:00:00,2024-05-31 17:00:00,2024-05-31,3.374527931213379
2024-05,dgt_identity_adaptive,2027,2,2024-05-31 17:00:00,2024-05-31 18:00:00,2024-05-31,5.0252556800842285
2024-05,dgt_identity_adaptive,2027,3,2024-05-31 17:00:00,2024-05-31 19:00:00,2024-05-31,3.9519379138946533
2024-05,dgt_identity_adaptive,2027,6,2024-05-31 17:00:00,2024-05-31 22:00:00,2024-05-31,4.225548267364502
2024-05,dgt_directed_road_adaptive,2027,1,2024-05-25 15:00:00,2024-05-25 15:00:00,2024-05-25,2.4198617935180664
2024-05,dgt_directed_road_adaptive,2027,2,2024-05-25 15:00:00,2024-05-25 16:00:00,2024-05-25,2.3859336376190186
2024-05,dgt_directed_road_adaptive,2027,3,2024-05-25 15:00:00,2024-05-25 17:00:00,2024-05-25,2.7180843353271484
2024-05,dgt_directed_road_adaptive,2027,6,2024-05-25 15:00:00,2024-05-25 20:00:00,2024-05-25,2.882138967514038
2024-05,dgt_directed_road_adaptive,2027,1,2024-05-25 16:00:00,2024-05-25 16:00:00,2024-05-25,2.596219062805176
2024-05,dgt_directed_road_adaptive,2027,2,2024-05-25 16:00:00,2024-05-25 17:00:00,2024-05-25,2.486501455307007
2024-05,dgt_directed_road_adaptive,2027,3,2024-05-25 16:00:00,2024-05-25 18:00:00,2024-05-25,4.023148536682129
2024-05,dgt_directed_road_adaptive,2027,6,2024-05-25 16:00:00,2024-05-25 21:00:00,2024-05-25,3.2927639484405518
2024-05,dgt_directed_road_adaptive,2027,1,2024-05-25 17:00:00,2024-05-25 17:00:00,2024-05-25,2.241544723510742
2024-05,dgt_directed_road_adaptive,2027,2,2024-05-25 17:00:00,2024-05-25 18:00:00,2024-05-25,3.926797389984131
2024-05,dgt_directed_road_adaptive,2027,3,2024-05-25 17:00:00,2024-05-25 19:00:00,2024-05-25,3.7927298545837402
2024-05,dgt_directed_road_adaptive,2027,6,2024-05-25 17:00:00,2024-05-25 22:00:00,2024-05-25,3.8848698139190674
2024-05,dgt_directed_road_adaptive,2027,1,2024-05-25 18:00:00,2024-05-25 18:00:00,2024-05-25,4.020318031311035
2024-05,dgt_directed_road_adaptive,2027,2,2024-05-25 18:00:00,2024-05-25 19:00:00,2024-05-25,3.892435073852539
2024-05,dgt_directed_road_adaptive,2027,3,2024-05-25 18:00:00,2024-05-25 20:00:00,2024-05-25,2.97076678276062
2024-05,dgt_directed_road_adaptive,2027,6,2024-05-25 18:00:00,2024-05-25 23:00:00,2024-05-25,4.133374214172363
2024-05,dgt_directed_road_adaptive,2027,1,2024-05-25 19:00:00,2024-05-25 19:00:00,2024-05-25,3.76615571975708
2024-05,dgt_directed_road_adaptive,2027,2,2024-05-25 19:00:00,2024-05-25 20:00:00,2024-05-25,2.620258092880249
2024-05,dgt_directed_road_adaptive,2027,3,2024-05-25 19:00:00,2024-05-25 21:00:00,2024-05-25,3.203052282333374
2024-05,dgt_directed_road_adaptive,2027,6,2024-05-25 19:00:00,2024-05-26 00:00:00,2024-05-26,5.174746513366699
2024-05,dgt_directed_road_adaptive,2027,1,2024-05-25 20:00:00,2024-05-25 20:00:00,2024-05-25,2.286726236343384
2024-05,dgt_directed_road_adaptive,2027,2,2024-05-25 20:00:00,2024-05-25 21:00:00,2024-05-25,3.5019423961639404
2024-05,dgt_directed_road_adaptive,2027,3,2024-05-25 20:00:00,2024-05-25 22:00:00,2024-05-25,3.3504271507263184
2024-05,dgt_directed_road_adaptive,2027,6,2024-05-25 20:00:00,2024-05-26 01:00:00,2024-05-26,6.177203178405762
2024-05,dgt_directed_road_adaptive,2027,1,2024-05-25 21:00:00,2024-05-25 21:00:00,2024-05-25,3.1440415382385254
2024-05,dgt_directed_road_adaptive,2027,2,2024-05-25 21:00:00,2024-05-25 22:00:00,2024-05-25,3.2423717975616455
2024-05,dgt_directed_road_adaptive,2027,3,2024-05-25 21:00:00,2024-05-25 23:00:00,2024-05-25,3.6358940601348877
2024-05,dgt_directed_road_adaptive,2027,6,2024-05-25 21:00:00,2024-05-26 02:00:00,2024-05-26,5.6412248611450195
2024-05,dgt_directed_road_adaptive,2027,1,2024-05-25 22:00:00,2024-05-25 22:00:00,2024-05-25,3.099283218383789
2024-05,dgt_directed_road_adaptive,2027,2,2024-05-25 22:00:00,2024-05-25 23:00:00,2024-05-25,3.7534990310668945
2024-05,dgt_directed_road_adaptive,2027,3,2024-05-25 22:00:00,2024-05-26 00:00:00,2024-05-26,4.4856414794921875
2024-05,dgt_directed_road_adaptive,2027,6,2024-05-25 22:00:00,2024-05-26 03:00:00,2024-05-26,6.538422584533691
2024-05,dgt_directed_road_adaptive,2027,1,2024-05-25 23:00:00,2024-05-25 23:00:00,2024-05-25,4.033452033996582
2024-05,dgt_directed_road_adaptive,2027,2,2024-05-25 23:00:00,2024-05-26 00:00:00,2024-05-26,4.186509132385254
2024-05,dgt_directed_road_adaptive,2027,3,2024-05-25 23:00:00,2024-05-26 01:00:00,2024-05-26,6.501525402069092
2024-05,dgt_directed_road_adaptive,2027,6,2024-05-25 23:00:00,2024-05-26 04:00:00,2024-05-26,5.03254508972168
2024-05,dgt_directed_road_adaptive,2027,1,2024-05-26 00:00:00,2024-05-26 00:00:00,2024-05-26,4.4670610427856445
2024-05,dgt_directed_road_adaptive,2027,2,2024-05-26 00:00:00,2024-05-26 01:00:00,2024-05-26,6.530303001403809
2024-05,dgt_directed_road_adaptive,2027,3,2024-05-26 00:00:00,2024-05-26 02:00:00,2024-05-26,5.403147220611572
2024-05,dgt_directed_road_adaptive,2027,6,2024-05-26 00:00:00,2024-05-26 05:00:00,2024-05-26,5.165231704711914
2024-05,dgt_directed_road_adaptive,2027,1,2024-05-26 01:00:00,2024-05-26 01:00:00,2024-05-26,6.404430866241455
2024-05,dgt_directed_road_adaptive,2027,2,2024-05-26 01:00:00,2024-05-26 02:00:00,2024-05-26,5.262475490570068
2024-05,dgt_directed_road_adaptive,2027,3,2024-05-26 01:00:00,2024-05-26 03:00:00,2024-05-26,6.565194129943848
2024-05,dgt_directed_road_adaptive,2027,6,2024-05-26 01:00:00,2024-05-26 06:00:00,2024-05-26,3.977602481842041
2024-05,dgt_directed_road_adaptive,2027,1,2024-05-26 02:00:00,2024-05-26 02:00:00,2024-05-26,5.645524978637695
2024-05,dgt_directed_road_adaptive,2027,2,2024-05-26 02:00:00,2024-05-26 03:00:00,2024-05-26,6.9254913330078125
2024-05,dgt_directed_road_adaptive,2027,3,2024-05-26 02:00:00,2024-05-26 04:00:00,2024-05-26,4.932604789733887
2024-05,dgt_directed_road_adaptive,2027,6,2024-05-26 02:00:00,2024-05-26 07:00:00,2024-05-26,3.736748218536377
2024-05,dgt_directed_road_adaptive,2027,1,2024-05-26 03:00:00,2024-05-26 03:00:00,2024-05-26,6.74464225769043
2024-05,dgt_directed_road_adaptive,2027,2,2024-05-26 03:00:00,2024-05-26 04:00:00,2024-05-26,5.157514572143555
2024-05,dgt_directed_road_adaptive,2027,3,2024-05-26 03:00:00,2024-05-26 05:00:00,2024-05-26,5.242749214172363
2024-05,dgt_directed_road_adaptive,2027,6,2024-05-26 03:00:00,2024-05-26 08:00:00,2024-05-26,2.8158740997314453
2024-05,dgt_directed_road_adaptive,2027,1,2024-05-26 04:00:00,2024-05-26 04:00:00,2024-05-26,5.198212146759033
2024-05,dgt_directed_road_adaptive,2027,2,2024-05-26 04:00:00,2024-05-26 05:00:00,2024-05-26,5.672996520996094
2024-05,dgt_directed_road_adaptive,2027,3,2024-05-26 04:00:00,2024-05-26 06:00:00,2024-05-26,4.008335590362549
2024-05,dgt_directed_road_adaptive,2027,6,2024-05-26 04:00:00,2024-05-26 09:00:00,2024-05-26,3.983851909637451
2024-05,dgt_directed_road_adaptive,2027,1,2024-05-26 05:00:00,2024-05-26 05:00:00,2024-05-26,5.322750568389893
2024-05,dgt_directed_road_adaptive,2027,2,2024-05-26 05:00:00,2024-05-26 06:00:00,2024-05-26,3.691580057144165
2024-05,dgt_directed_road_adaptive,2027,3,2024-05-26 05:00:00,2024-05-26 07:00:00,2024-05-26,3.794483184814453
2024-05,dgt_directed_road_adaptive,2027,6,2024-05-26 05:00:00,2024-05-26 10:00:00,2024-05-26,4.433351039886475
2024-05,dgt_directed_road_adaptive,2027,1,2024-05-26 06:00:00,2024-05-26 06:00:00,2024-05-26,3.956763744354248
2024-05,dgt_directed_road_adaptive,2027,2,2024-05-26 06:00:00,2024-05-26 07:00:00,2024-05-26,3.8901724815368652
2024-05,dgt_directed_road_adaptive,2027,3,2024-05-26 06:00:00,2024-05-26 08:00:00,2024-05-26,3.1303443908691406
2024-05,dgt_directed_road_adaptive,2027,6,2024-05-26 06:00:00,2024-05-26 11:00:00,2024-05-26,3.8283326625823975
2024-05,dgt_directed_road_adaptive,2027,1,2024-05-26 07:00:00,2024-05-26 07:00:00,2024-05-26,3.435224771499634
2024-05,dgt_directed_road_adaptive,2027,2,2024-05-26 07:00:00,2024-05-26 08:00:00,2024-05-26,3.05329966545105
2024-05,dgt_directed_road_adaptive,2027,3,2024-05-26 07:00:00,2024-05-26 09:00:00,2024-05-26,4.25761079788208
2024-05,dgt_directed_road_adaptive,2027,6,2024-05-26 07:00:00,2024-05-26 12:00:00,2024-05-26,4.427114486694336
2024-05,dgt_directed_road_adaptive,2027,1,2024-05-26 08:00:00,2024-05-26 08:00:00,2024-05-26,2.9341135025024414
2024-05,dgt_directed_road_adaptive,2027,2,2024-05-26 08:00:00,2024-05-26 09:00:00,2024-05-26,4.257393836975098
2024-05,dgt_directed_road_adaptive,2027,3,2024-05-26 08:00:00,2024-05-26 10:00:00,2024-05-26,4.444271087646484
2024-05,dgt_directed_road_adaptive,2027,6,2024-05-26 08:00:00,2024-05-26 13:00:00,2024-05-26,4.252885818481445
2024-05,dgt_directed_road_adaptive,2027,1,2024-05-26 09:00:00,2024-05-26 09:00:00,2024-05-26,3.7934410572052
2024-05,dgt_directed_road_adaptive,2027,2,2024-05-26 09:00:00,2024-05-26 10:00:00,2024-05-26,4.224935531616211
2024-05,dgt_directed_road_adaptive,2027,3,2024-05-26 09:00:00,2024-05-26 11:00:00,2024-05-26,3.6396048069000244
2024-05,dgt_directed_road_adaptive,2027,6,2024-05-26 09:00:00,2024-05-26 14:00:00,2024-05-26,3.120082378387451
2024-05,dgt_directed_road_adaptive,2027,1,2024-05-26 10:00:00,2024-05-26 10:00:00,2024-05-26,3.713164806365967
2024-05,dgt_directed_road_adaptive,2027,2,2024-05-26 10:00:00,2024-05-26 11:00:00,2024-05-26,3.5251564979553223
2024-05,dgt_directed_road_adaptive,2027,3,2024-05-26 10:00:00,2024-05-26 12:00:00,2024-05-26,3.956763505935669
2024-05,dgt_directed_road_adaptive,2027,6,2024-05-26 10:00:00,2024-05-26 15:00:00,2024-05-26,4.389926910400391
2024-05,dgt_directed_road_adaptive,2027,1,2024-05-26 11:00:00,2024-05-26 11:00:00,2024-05-26,3.1151533126831055
2024-05,dgt_directed_road_adaptive,2027,2,2024-05-26 11:00:00,2024-05-26 12:00:00,2024-05-26,3.643146514892578
2024-05,dgt_directed_road_adaptive,2027,3,2024-05-26 11:00:00,2024-05-26 13:00:00,2024-05-26,3.683077812194824
2024-05,dgt_directed_road_adaptive,2027,6,2024-05-26 11:00:00,2024-05-26 16:00:00,2024-05-26,4.984557151794434
2024-05,dgt_directed_road_adaptive,2027,1,2024-05-26 12:00:00,2024-05-26 12:00:00,2024-05-26,3.4877817630767822
2024-05,dgt_directed_road_adaptive,2027,2,2024-05-26 12:00:00,2024-05-26 13:00:00,2024-05-26,3.4801182746887207
2024-05,dgt_directed_road_adaptive,2027,3,2024-05-26 12:00:00,2024-05-26 14:00:00,2024-05-26,2.756589889526367
2024-05,dgt_directed_road_adaptive,2027,6,2024-05-26 12:00:00,2024-05-26 17:00:00,2024-05-26,4.296144485473633
2024-05,dgt_directed_road_adaptive,2027,1,2024-05-26 13:00:00,2024-05-26 13:00:00,2024-05-26,3.4375879764556885
2024-05,dgt_directed_road_adaptive,2027,2,2024-05-26 13:00:00,2024-05-26 14:00:00,2024-05-26,2.7237367630004883
2024-05,dgt_directed_road_adaptive,2027,3,2024-05-26 13:00:00,2024-05-26 15:00:00,2024-05-26,3.519545555114746
2024-05,dgt_directed_road_adaptive,2027,6,2024-05-26 13:00:00,2024-05-26 18:00:00,2024-05-26,4.136876583099365
2024-05,dgt_directed_road_adaptive,2027,1,2024-05-26 14:00:00,2024-05-26 14:00:00,2024-05-26,2.7502875328063965
2024-05,dgt_directed_road_adaptive,2027,2,2024-05-26 14:00:00,2024-05-26 15:00:00,2024-05-26,3.387483835220337
2024-05,dgt_directed_road_adaptive,2027,3,2024-05-26 14:00:00,2024-05-26 16:00:00,2024-05-26,4.242309093475342
2024-05,dgt_directed_road_adaptive,2027,6,2024-05-26 14:00:00,2024-05-26 19:00:00,2024-05-26,3.5685667991638184
2024-05,dgt_directed_road_adaptive,2027,1,2024-05-26 15:00:00,2024-05-26 15:00:00,2024-05-26,3.4587278366088867
2024-05,dgt_directed_road_adaptive,2027,2,2024-05-26 15:00:00,2024-05-26 16:00:00,2024-05-26,4.167009353637695
2024-05,dgt_directed_road_adaptive,2027,3,2024-05-26 15:00:00,2024-05-26 17:00:00,2024-05-26,3.5838027000427246
2024-05,dgt_directed_road_adaptive,2027,6,2024-05-26 15:00:00,2024-05-26 20:00:00,2024-05-26,3.8998005390167236
2024-05,dgt_directed_road_adaptive,2027,1,2024-05-26 16:00:00,2024-05-26 16:00:00,2024-05-26,3.514965057373047
2024-05,dgt_directed_road_adaptive,2027,2,2024-05-26 16:00:00,2024-05-26 17:00:00,2024-05-26,3.232442855834961
2024-05,dgt_directed_road_adaptive,2027,3,2024-05-26 16:00:00,2024-05-26 18:00:00,2024-05-26,3.6580538749694824
2024-05,dgt_directed_road_adaptive,2027,6,2024-05-26 16:00:00,2024-05-26 21:00:00,2024-05-26,4.006016731262207
2024-05,dgt_directed_road_adaptive,2027,1,2024-05-26 17:00:00,2024-05-26 17:00:00,2024-05-26,2.8400933742523193
2024-05,dgt_directed_road_adaptive,2027,2,2024-05-26 17:00:00,2024-05-26 18:00:00,2024-05-26,3.302624225616455
2024-05,dgt_directed_road_adaptive,2027,3,2024-05-26 17:00:00,2024-05-26 19:00:00,2024-05-26,3.6654539108276367
2024-05,dgt_directed_road_adaptive,2027,6,2024-05-26 17:00:00,2024-05-26 22:00:00,2024-05-26,3.7965407371520996
2024-05,dgt_directed_road_adaptive,2027,1,2024-05-26 18:00:00,2024-05-26 18:00:00,2024-05-26,3.2834720611572266
2024-05,dgt_directed_road_adaptive,2027,2,2024-05-26 18:00:00,2024-05-26 19:00:00,2024-05-26,3.765737533569336
2024-05,dgt_directed_road_adaptive,2027,3,2024-05-26 18:00:00,2024-05-26 20:00:00,2024-05-26,3.532978057861328
2024-05,dgt_directed_road_adaptive,2027,6,2024-05-26 18:00:00,2024-05-26 23:00:00,2024-05-26,4.534729480743408
2024-05,dgt_directed_road_adaptive,2027,1,2024-05-26 19:00:00,2024-05-26 19:00:00,2024-05-26,3.6642775535583496
2024-05,dgt_directed_road_adaptive,2027,2,2024-05-26 19:00:00,2024-05-26 20:00:00,2024-05-26,3.350324869155884
2024-05,dgt_directed_road_adaptive,2027,3,2024-05-26 19:00:00,2024-05-26 21:00:00,2024-05-26,3.7717959880828857
2024-05,dgt_directed_road_adaptive,2027,6,2024-05-26 19:00:00,2024-05-28 00:00:00,2024-05-28,5.338953971862793
2024-05,dgt_directed_road_adaptive,2027,1,2024-05-26 20:00:00,2024-05-26 20:00:00,2024-05-26,2.9967002868652344
2024-05,dgt_directed_road_adaptive,2027,2,2024-05-26 20:00:00,2024-05-26 21:00:00,2024-05-26,3.470301628112793
2024-05,dgt_directed_road_adaptive,2027,3,2024-05-26 20:00:00,2024-05-26 22:00:00,2024-05-26,3.3478126525878906
2024-05,dgt_directed_road_adaptive,2027,6,2024-05-26 20:00:00,2024-05-28 01:00:00,2024-05-28,5.541932582855225
2024-05,dgt_directed_road_adaptive,2027,1,2024-05-26 21:00:00,2024-05-26 21:00:00,2024-05-26,3.333890199661255
2024-05,dgt_directed_road_adaptive,2027,2,2024-05-26 21:00:00,2024-05-26 22:00:00,2024-05-26,3.1817479133605957
2024-05,dgt_directed_road_adaptive,2027,3,2024-05-26 21:00:00,2024-05-26 23:00:00,2024-05-26,3.8642795085906982
2024-05,dgt_directed_road_adaptive,2027,6,2024-05-26 21:00:00,2024-05-28 02:00:00,2024-05-28,5.524428367614746
2024-05,dgt_directed_road_adaptive,2027,1,2024-05-26 22:00:00,2024-05-26 22:00:00,2024-05-26,3.091986894607544
2024-05,dgt_directed_road_adaptive,2027,2,2024-05-26 22:00:00,2024-05-26 23:00:00,2024-05-26,3.851473331451416
2024-05,dgt_directed_road_adaptive,2027,3,2024-05-26 22:00:00,2024-05-28 00:00:00,2024-05-28,5.453945159912109
2024-05,dgt_directed_road_adaptive,2027,6,2024-05-26 22:00:00,2024-05-28 03:00:00,2024-05-28,5.478272438049316
2024-05,dgt_directed_road_adaptive,2027,1,2024-05-26 23:00:00,2024-05-26 23:00:00,2024-05-26,4.005859375
2024-05,dgt_directed_road_adaptive,2027,2,2024-05-26 23:00:00,2024-05-28 00:00:00,2024-05-28,5.500246524810791
2024-05,dgt_directed_road_adaptive,2027,3,2024-05-26 23:00:00,2024-05-28 01:00:00,2024-05-28,6.135834693908691
2024-05,dgt_directed_road_adaptive,2027,6,2024-05-26 23:00:00,2024-05-28 04:00:00,2024-05-28,6.588360786437988
2024-05,dgt_directed_road_adaptive,2027,1,2024-05-28 00:00:00,2024-05-28 00:00:00,2024-05-28,5.8041815757751465
2024-05,dgt_directed_road_adaptive,2027,2,2024-05-28 00:00:00,2024-05-28 01:00:00,2024-05-28,6.126279354095459
2024-05,dgt_directed_road_adaptive,2027,3,2024-05-28 00:00:00,2024-05-28 02:00:00,2024-05-28,5.801817893981934
2024-05,dgt_directed_road_adaptive,2027,6,2024-05-28 00:00:00,2024-05-28 05:00:00,2024-05-28,5.380842208862305
2024-05,dgt_directed_road_adaptive,2027,1,2024-05-28 01:00:00,2024-05-28 01:00:00,2024-05-28,5.2873921394348145
2024-05,dgt_directed_road_adaptive,2027,2,2024-05-28 01:00:00,2024-05-28 02:00:00,2024-05-28,4.860318183898926
2024-05,dgt_directed_road_adaptive,2027,3,2024-05-28 01:00:00,2024-05-28 03:00:00,2024-05-28,5.345679759979248
2024-05,dgt_directed_road_adaptive,2027,6,2024-05-28 01:00:00,2024-05-28 06:00:00,2024-05-28,4.032678604125977
2024-05,dgt_directed_road_adaptive,2027,1,2024-05-28 02:00:00,2024-05-28 02:00:00,2024-05-28,4.2147016525268555
2024-05,dgt_directed_road_adaptive,2027,2,2024-05-28 02:00:00,2024-05-28 03:00:00,2024-05-28,5.5971293449401855
2024-05,dgt_directed_road_adaptive,2027,3,2024-05-28 02:00:00,2024-05-28 04:00:00,2024-05-28,5.854469299316406
2024-05,dgt_directed_road_adaptive,2027,6,2024-05-28 02:00:00,2024-05-28 07:00:00,2024-05-28,5.526960372924805
2024-05,dgt_directed_road_adaptive,2027,1,2024-05-28 03:00:00,2024-05-28 03:00:00,2024-05-28,5.952852725982666
2024-05,dgt_directed_road_adaptive,2027,2,2024-05-28 03:00:00,2024-05-28 04:00:00,2024-05-28,5.7737956047058105
2024-05,dgt_directed_road_adaptive,2027,3,2024-05-28 03:00:00,2024-05-28 05:00:00,2024-05-28,4.858438491821289
2024-05,dgt_directed_road_adaptive,2027,6,2024-05-28 03:00:00,2024-05-28 08:00:00,2024-05-28,5.163871765136719
2024-05,dgt_directed_road_adaptive,2027,1,2024-05-28 04:00:00,2024-05-28 04:00:00,2024-05-28,6.366546630859375
2024-05,dgt_directed_road_adaptive,2027,2,2024-05-28 04:00:00,2024-05-28 05:00:00,2024-05-28,5.410715103149414
2024-05,dgt_directed_road_adaptive,2027,3,2024-05-28 04:00:00,2024-05-28 06:00:00,2024-05-28,3.5866920948028564
2024-05,dgt_directed_road_adaptive,2027,6,2024-05-28 04:00:00,2024-05-28 09:00:00,2024-05-28,5.444759845733643
2024-05,dgt_directed_road_adaptive,2027,1,2024-05-28 05:00:00,2024-05-28 05:00:00,2024-05-28,5.437039375305176
2024-05,dgt_directed_road_adaptive,2027,2,2024-05-28 05:00:00,2024-05-28 06:00:00,2024-05-28,3.787135601043701
2024-05,dgt_directed_road_adaptive,2027,3,2024-05-28 05:00:00,2024-05-28 07:00:00,2024-05-28,5.194463729858398
2024-05,dgt_directed_road_adaptive,2027,6,2024-05-28 05:00:00,2024-05-28 10:00:00,2024-05-28,4.889316558837891
2024-05,dgt_directed_road_adaptive,2027,1,2024-05-28 06:00:00,2024-05-28 06:00:00,2024-05-28,4.041383743286133
2024-05,dgt_directed_road_adaptive,2027,2,2024-05-28 06:00:00,2024-05-28 07:00:00,2024-05-28,5.300920486450195
2024-05,dgt_directed_road_adaptive,2027,3,2024-05-28 06:00:00,2024-05-28 08:00:00,2024-05-28,4.749766826629639
2024-05,dgt_directed_road_adaptive,2027,6,2024-05-28 06:00:00,2024-05-28 11:00:00,2024-05-28,4.401022434234619
2024-05,dgt_directed_road_adaptive,2027,1,2024-05-28 07:00:00,2024-05-28 07:00:00,2024-05-28,4.434606552124023
2024-05,dgt_directed_road_adaptive,2027,2,2024-05-28 07:00:00,2024-05-28 08:00:00,2024-05-28,4.973883152008057
2024-05,dgt_directed_road_adaptive,2027,3,2024-05-28 07:00:00,2024-05-28 09:00:00,2024-05-28,4.955419063568115
2024-05,dgt_directed_road_adaptive,2027,6,2024-05-28 07:00:00,2024-05-28 12:00:00,2024-05-28,4.14123010635376
2024-05,dgt_directed_road_adaptive,2027,1,2024-05-28 08:00:00,2024-05-28 08:00:00,2024-05-28,4.22265100479126
2024-05,dgt_directed_road_adaptive,2027,2,2024-05-28 08:00:00,2024-05-28 09:00:00,2024-05-28,4.417327880859375
2024-05,dgt_directed_road_adaptive,2027,3,2024-05-28 08:00:00,2024-05-28 10:00:00,2024-05-28,3.733457088470459
2024-05,dgt_directed_road_adaptive,2027,6,2024-05-28 08:00:00,2024-05-28 13:00:00,2024-05-28,3.2563252449035645
2024-05,dgt_directed_road_adaptive,2027,1,2024-05-28 09:00:00,2024-05-28 09:00:00,2024-05-28,3.44596004486084
2024-05,dgt_directed_road_adaptive,2027,2,2024-05-28 09:00:00,2024-05-28 10:00:00,2024-05-28,3.4572508335113525
2024-05,dgt_directed_road_adaptive,2027,3,2024-05-28 09:00:00,2024-05-28 11:00:00,2024-05-28,3.397305965423584
2024-05,dgt_directed_road_adaptive,2027,6,2024-05-28 09:00:00,2024-05-28 14:00:00,2024-05-28,3.3177828788757324
2024-05,dgt_directed_road_adaptive,2027,1,2024-05-28 10:00:00,2024-05-28 10:00:00,2024-05-28,2.9309380054473877
2024-05,dgt_directed_road_adaptive,2027,2,2024-05-28 10:00:00,2024-05-28 11:00:00,2024-05-28,3.1742959022521973
2024-05,dgt_directed_road_adaptive,2027,3,2024-05-28 10:00:00,2024-05-28 12:00:00,2024-05-28,3.4791812896728516
2024-05,dgt_directed_road_adaptive,2027,6,2024-05-28 10:00:00,2024-05-28 15:00:00,2024-05-28,2.660554885864258
2024-05,dgt_directed_road_adaptive,2027,1,2024-05-28 11:00:00,2024-05-28 11:00:00,2024-05-28,3.128270149230957
2024-05,dgt_directed_road_adaptive,2027,2,2024-05-28 11:00:00,2024-05-28 12:00:00,2024-05-28,3.4755520820617676
2024-05,dgt_directed_road_adaptive,2027,3,2024-05-28 11:00:00,2024-05-28 13:00:00,2024-05-28,2.90108323097229
2024-05,dgt_directed_road_adaptive,2027,6,2024-05-28 11:00:00,2024-05-28 16:00:00,2024-05-28,3.1479814052581787
2024-05,dgt_directed_road_adaptive,2027,1,2024-05-28 12:00:00,2024-05-28 12:00:00,2024-05-28,3.1343531608581543
2024-05,dgt_directed_road_adaptive,2027,2,2024-05-28 12:00:00,2024-05-28 13:00:00,2024-05-28,2.8429441452026367
2024-05,dgt_directed_road_adaptive,2027,3,2024-05-28 12:00:00,2024-05-28 14:00:00,2024-05-28,3.268420696258545
2024-05,dgt_directed_road_adaptive,2027,6,2024-05-28 12:00:00,2024-05-28 17:00:00,2024-05-28,3.93546986579895
2024-05,dgt_directed_road_adaptive,2027,1,2024-05-28 13:00:00,2024-05-28 13:00:00,2024-05-28,2.7647361755371094
2024-05,dgt_directed_road_adaptive,2027,2,2024-05-28 13:00:00,2024-05-28 14:00:00,2024-05-28,2.912710666656494
2024-05,dgt_directed_road_adaptive,2027,3,2024-05-28 13:00:00,2024-05-28 15:00:00,2024-05-28,2.332137107849121
2024-05,dgt_directed_road_adaptive,2027,6,2024-05-28 13:00:00,2024-05-28 18:00:00,2024-05-28,4.983802318572998
2024-05,dgt_directed_road_adaptive,2027,1,2024-05-28 14:00:00,2024-05-28 14:00:00,2024-05-28,3.1448354721069336
2024-05,dgt_directed_road_adaptive,2027,2,2024-05-28 14:00:00,2024-05-28 15:00:00,2024-05-28,2.1714746952056885
2024-05,dgt_directed_road_adaptive,2027,3,2024-05-28 14:00:00,2024-05-28 16:00:00,2024-05-28,2.928359270095825
2024-05,dgt_directed_road_adaptive,2027,6,2024-05-28 14:00:00,2024-05-28 19:00:00,2024-05-28,4.279505729675293
2024-05,dgt_directed_road_adaptive,2027,1,2024-05-28 15:00:00,2024-05-28 15:00:00,2024-05-28,2.622023344039917
2024-05,dgt_directed_road_adaptive,2027,2,2024-05-28 15:00:00,2024-05-28 16:00:00,2024-05-28,2.9396324157714844
2024-05,dgt_directed_road_adaptive,2027,3,2024-05-28 15:00:00,2024-05-28 17:00:00,2024-05-28,3.803572654724121
2024-05,dgt_directed_road_adaptive,2027,6,2024-05-28 15:00:00,2024-05-28 20:00:00,2024-05-28,4.46373176574707
2024-05,dgt_directed_road_adaptive,2027,1,2024-05-28 16:00:00,2024-05-28 16:00:00,2024-05-28,3.0001308917999268
2024-05,dgt_directed_road_adaptive,2027,2,2024-05-28 16:00:00,2024-05-28 17:00:00,2024-05-28,3.8649120330810547
2024-05,dgt_directed_road_adaptive,2027,3,2024-05-28 16:00:00,2024-05-28 18:00:00,2024-05-28,4.420024394989014
2024-05,dgt_directed_road_adaptive,2027,6,2024-05-28 16:00:00,2024-05-28 21:00:00,2024-05-28,3.8776931762695312
2024-05,dgt_directed_road_adaptive,2027,1,2024-05-28 17:00:00,2024-05-28 17:00:00,2024-05-28,3.477180004119873
2024-05,dgt_directed_road_adaptive,2027,2,2024-05-28 17:00:00,2024-05-28 18:00:00,2024-05-28,4.7558512687683105
2024-05,dgt_directed_road_adaptive,2027,3,2024-05-28 17:00:00,2024-05-28 19:00:00,2024-05-28,4.0537190437316895
2024-05,dgt_directed_road_adaptive,2027,6,2024-05-28 17:00:00,2024-05-28 22:00:00,2024-05-28,3.609546184539795
2024-05,dgt_directed_road_adaptive,2027,1,2024-05-28 18:00:00,2024-05-28 18:00:00,2024-05-28,3.875136375427246
2024-05,dgt_directed_road_adaptive,2027,2,2024-05-28 18:00:00,2024-05-28 19:00:00,2024-05-28,3.8322064876556396
2024-05,dgt_directed_road_adaptive,2027,3,2024-05-28 18:00:00,2024-05-28 20:00:00,2024-05-28,3.3969852924346924
2024-05,dgt_directed_road_adaptive,2027,6,2024-05-28 18:00:00,2024-05-28 23:00:00,2024-05-28,4.009403228759766
2024-05,dgt_directed_road_adaptive,2027,1,2024-05-28 19:00:00,2024-05-28 19:00:00,2024-05-28,3.2408363819122314
2024-05,dgt_directed_road_adaptive,2027,2,2024-05-28 19:00:00,2024-05-28 20:00:00,2024-05-28,3.7786459922790527
2024-05,dgt_directed_road_adaptive,2027,3,2024-05-28 19:00:00,2024-05-28 21:00:00,2024-05-28,3.5856258869171143
2024-05,dgt_directed_road_adaptive,2027,6,2024-05-28 19:00:00,2024-05-30 00:00:00,2024-05-30,5.0068817138671875
2024-05,dgt_directed_road_adaptive,2027,1,2024-05-28 20:00:00,2024-05-28 20:00:00,2024-05-28,3.575695514678955
2024-05,dgt_directed_road_adaptive,2027,2,2024-05-28 20:00:00,2024-05-28 21:00:00,2024-05-28,3.410054922103882
2024-05,dgt_directed_road_adaptive,2027,3,2024-05-28 20:00:00,2024-05-28 22:00:00,2024-05-28,3.67138671875
2024-05,dgt_directed_road_adaptive,2027,6,2024-05-28 20:00:00,2024-05-30 01:00:00,2024-05-30,5.865204811096191
2024-05,dgt_directed_road_adaptive,2027,1,2024-05-28 21:00:00,2024-05-28 21:00:00,2024-05-28,2.8827106952667236
2024-05,dgt_directed_road_adaptive,2027,2,2024-05-28 21:00:00,2024-05-28 22:00:00,2024-05-28,3.2543394565582275
2024-05,dgt_directed_road_adaptive,2027,3,2024-05-28 21:00:00,2024-05-28 23:00:00,2024-05-28,3.1350276470184326
2024-05,dgt_directed_road_adaptive,2027,6,2024-05-28 21:00:00,2024-05-30 02:00:00,2024-05-30,6.096207141876221
2024-05,dgt_directed_road_adaptive,2027,1,2024-05-28 22:00:00,2024-05-28 22:00:00,2024-05-28,3.0845062732696533
2024-05,dgt_directed_road_adaptive,2027,2,2024-05-28 22:00:00,2024-05-28 23:00:00,2024-05-28,3.2106194496154785
2024-05,dgt_directed_road_adaptive,2027,3,2024-05-28 22:00:00,2024-05-30 00:00:00,2024-05-30,3.7244133949279785
2024-05,dgt_directed_road_adaptive,2027,6,2024-05-28 22:00:00,2024-05-30 03:00:00,2024-05-30,6.995184421539307
2024-05,dgt_directed_road_adaptive,2027,1,2024-05-28 23:00:00,2024-05-28 23:00:00,2024-05-28,3.493319511413574
2024-05,dgt_directed_road_adaptive,2027,2,2024-05-28 23:00:00,2024-05-30 00:00:00,2024-05-30,4.030467510223389
2024-05,dgt_directed_road_adaptive,2027,3,2024-05-28 23:00:00,2024-05-30 01:00:00,2024-05-30,4.759998321533203
2024-05,dgt_directed_road_adaptive,2027,6,2024-05-28 23:00:00,2024-05-30 04:00:00,2024-05-30,4.885096549987793
2024-05,dgt_directed_road_adaptive,2027,1,2024-05-30 00:00:00,2024-05-30 00:00:00,2024-05-30,4.048404693603516
2024-05,dgt_directed_road_adaptive,2027,2,2024-05-30 00:00:00,2024-05-30 01:00:00,2024-05-30,5.097415447235107
2024-05,dgt_directed_road_adaptive,2027,3,2024-05-30 00:00:00,2024-05-30 02:00:00,2024-05-30,5.9840312004089355
2024-05,dgt_directed_road_adaptive,2027,6,2024-05-30 00:00:00,2024-05-30 05:00:00,2024-05-30,4.076645851135254
2024-05,dgt_directed_road_adaptive,2027,1,2024-05-30 01:00:00,2024-05-30 01:00:00,2024-05-30,4.156385898590088
2024-05,dgt_directed_road_adaptive,2027,2,2024-05-30 01:00:00,2024-05-30 02:00:00,2024-05-30,5.886690616607666
2024-05,dgt_directed_road_adaptive,2027,3,2024-05-30 01:00:00,2024-05-30 03:00:00,2024-05-30,6.338469982147217
2024-05,dgt_directed_road_adaptive,2027,6,2024-05-30 01:00:00,2024-05-30 06:00:00,2024-05-30,3.73238205909729
2024-05,dgt_directed_road_adaptive,2027,1,2024-05-30 02:00:00,2024-05-30 02:00:00,2024-05-30,5.900952339172363
2024-05,dgt_directed_road_adaptive,2027,2,2024-05-30 02:00:00,2024-05-30 03:00:00,2024-05-30,6.133575916290283
2024-05,dgt_directed_road_adaptive,2027,3,2024-05-30 02:00:00,2024-05-30 04:00:00,2024-05-30,4.484649181365967
2024-05,dgt_directed_road_adaptive,2027,6,2024-05-30 02:00:00,2024-05-30 07:00:00,2024-05-30,4.168853282928467
2024-05,dgt_directed_road_adaptive,2027,1,2024-05-30 03:00:00,2024-05-30 03:00:00,2024-05-30,6.321815490722656
2024-05,dgt_directed_road_adaptive,2027,2,2024-05-30 03:00:00,2024-05-30 04:00:00,2024-05-30,4.146674156188965
2024-05,dgt_directed_road_adaptive,2027,3,2024-05-30 03:00:00,2024-05-30 05:00:00,2024-05-30,3.645026683807373
2024-05,dgt_directed_road_adaptive,2027,6,2024-05-30 03:00:00,2024-05-30 08:00:00,2024-05-30,4.745371341705322
2024-05,dgt_directed_road_adaptive,2027,1,2024-05-30 04:00:00,2024-05-30 04:00:00,2024-05-30,4.383266448974609
2024-05,dgt_directed_road_adaptive,2027,2,2024-05-30 04:00:00,2024-05-30 05:00:00,2024-05-30,3.6701438426971436
2024-05,dgt_directed_road_adaptive,2027,3,2024-05-30 04:00:00,2024-05-30 06:00:00,2024-05-30,3.739835500717163
2024-05,dgt_directed_road_adaptive,2027,6,2024-05-30 04:00:00,2024-05-30 09:00:00,2024-05-30,4.196351051330566
2024-05,dgt_directed_road_adaptive,2027,1,2024-05-30 05:00:00,2024-05-30 05:00:00,2024-05-30,3.7695956230163574
2024-05,dgt_directed_road_adaptive,2027,2,2024-05-30 05:00:00,2024-05-30 06:00:00,2024-05-30,3.711352825164795
2024-05,dgt_directed_road_adaptive,2027,3,2024-05-30 05:00:00,2024-05-30 07:00:00,2024-05-30,3.422520637512207
2024-05,dgt_directed_road_adaptive,2027,6,2024-05-30 05:00:00,2024-05-30 10:00:00,2024-05-30,4.569742202758789
2024-05,dgt_directed_road_adaptive,2027,1,2024-05-30 06:00:00,2024-05-30 06:00:00,2024-05-30,3.705444097518921
2024-05,dgt_directed_road_adaptive,2027,2,2024-05-30 06:00:00,2024-05-30 07:00:00,2024-05-30,3.3269965648651123
2024-05,dgt_directed_road_adaptive,2027,3,2024-05-30 06:00:00,2024-05-30 08:00:00,2024-05-30,3.8174386024475098
2024-05,dgt_directed_road_adaptive,2027,6,2024-05-30 06:00:00,2024-05-30 11:00:00,2024-05-30,3.956331253051758
2024-05,dgt_directed_road_adaptive,2027,1,2024-05-30 07:00:00,2024-05-30 07:00:00,2024-05-30,3.8610329627990723
2024-05,dgt_directed_road_adaptive,2027,2,2024-05-30 07:00:00,2024-05-30 08:00:00,2024-05-30,4.0295562744140625
2024-05,dgt_directed_road_adaptive,2027,3,2024-05-30 07:00:00,2024-05-30 09:00:00,2024-05-30,3.2658462524414062
2024-05,dgt_directed_road_adaptive,2027,6,2024-05-30 07:00:00,2024-05-30 12:00:00,2024-05-30,3.2547154426574707
2024-05,dgt_directed_road_adaptive,2027,1,2024-05-30 08:00:00,2024-05-30 08:00:00,2024-05-30,3.7952022552490234
2024-05,dgt_directed_road_adaptive,2027,2,2024-05-30 08:00:00,2024-05-30 09:00:00,2024-05-30,3.1986865997314453
2024-05,dgt_directed_road_adaptive,2027,3,2024-05-30 08:00:00,2024-05-30 10:00:00,2024-05-30,3.561058521270752
2024-05,dgt_directed_road_adaptive,2027,6,2024-05-30 08:00:00,2024-05-30 13:00:00,2024-05-30,2.7738022804260254
2024-05,dgt_directed_road_adaptive,2027,1,2024-05-30 09:00:00,2024-05-30 09:00:00,2024-05-30,2.822471857070923
2024-05,dgt_directed_road_adaptive,2027,2,2024-05-30 09:00:00,2024-05-30 10:00:00,2024-05-30,3.4851865768432617
2024-05,dgt_directed_road_adaptive,2027,3,2024-05-30 09:00:00,2024-05-30 11:00:00,2024-05-30,3.0024144649505615
2024-05,dgt_directed_road_adaptive,2027,6,2024-05-30 09:00:00,2024-05-30 14:00:00,2024-05-30,3.247434616088867
2024-05,dgt_directed_road_adaptive,2027,1,2024-05-30 10:00:00,2024-05-30 10:00:00,2024-05-30,2.780691623687744
2024-05,dgt_directed_road_adaptive,2027,2,2024-05-30 10:00:00,2024-05-30 11:00:00,2024-05-30,2.8688087463378906
2024-05,dgt_directed_road_adaptive,2027,3,2024-05-30 10:00:00,2024-05-30 12:00:00,2024-05-30,2.914559841156006
2024-05,dgt_directed_road_adaptive,2027,6,2024-05-30 10:00:00,2024-05-30 15:00:00,2024-05-30,3.0913236141204834
2024-05,dgt_directed_road_adaptive,2027,1,2024-05-30 11:00:00,2024-05-30 11:00:00,2024-05-30,2.4177510738372803
2024-05,dgt_directed_road_adaptive,2027,2,2024-05-30 11:00:00,2024-05-30 12:00:00,2024-05-30,2.709721088409424
2024-05,dgt_directed_road_adaptive,2027,3,2024-05-30 11:00:00,2024-05-30 13:00:00,2024-05-30,2.432227611541748
2024-05,dgt_directed_road_adaptive,2027,6,2024-05-30 11:00:00,2024-05-30 16:00:00,2024-05-30,3.658106803894043
2024-05,dgt_directed_road_adaptive,2027,1,2024-05-30 12:00:00,2024-05-30 12:00:00,2024-05-30,2.7284696102142334
2024-05,dgt_directed_road_adaptive,2027,2,2024-05-30 12:00:00,2024-05-30 13:00:00,2024-05-30,2.484114170074463
2024-05,dgt_directed_road_adaptive,2027,3,2024-05-30 12:00:00,2024-05-30 14:00:00,2024-05-30,2.907367706298828
2024-05,dgt_directed_road_adaptive,2027,6,2024-05-30 12:00:00,2024-05-30 17:00:00,2024-05-30,3.3402934074401855
2024-05,dgt_directed_road_adaptive,2027,1,2024-05-30 13:00:00,2024-05-30 13:00:00,2024-05-30,2.260605573654175
2024-05,dgt_directed_road_adaptive,2027,2,2024-05-30 13:00:00,2024-05-30 14:00:00,2024-05-30,2.7526233196258545
2024-05,dgt_directed_road_adaptive,2027,3,2024-05-30 13:00:00,2024-05-30 15:00:00,2024-05-30,2.8784127235412598
2024-05,dgt_directed_road_adaptive,2027,6,2024-05-30 13:00:00,2024-05-30 18:00:00,2024-05-30,4.932229995727539
2024-05,dgt_directed_road_adaptive,2027,1,2024-05-30 14:00:00,2024-05-30 14:00:00,2024-05-30,2.923794746398926
2024-05,dgt_directed_road_adaptive,2027,2,2024-05-30 14:00:00,2024-05-30 15:00:00,2024-05-30,2.775376796722412
2024-05,dgt_directed_road_adaptive,2027,3,2024-05-30 14:00:00,2024-05-30 16:00:00,2024-05-30,3.184569835662842
2024-05,dgt_directed_road_adaptive,2027,6,2024-05-30 14:00:00,2024-05-30 19:00:00,2024-05-30,3.393660545349121
2024-05,dgt_directed_road_adaptive,2027,1,2024-05-30 15:00:00,2024-05-30 15:00:00,2024-05-30,2.9247536659240723
2024-05,dgt_directed_road_adaptive,2027,2,2024-05-30 15:00:00,2024-05-30 16:00:00,2024-05-30,3.1697134971618652
2024-05,dgt_directed_road_adaptive,2027,3,2024-05-30 15:00:00,2024-05-30 17:00:00,2024-05-30,3.3281044960021973
2024-05,dgt_directed_road_adaptive,2027,6,2024-05-30 15:00:00,2024-05-30 20:00:00,2024-05-30,3.8084723949432373
2024-05,dgt_directed_road_adaptive,2027,1,2024-05-30 16:00:00,2024-05-30 16:00:00,2024-05-30,2.6304783821105957
2024-05,dgt_directed_road_adaptive,2027,2,2024-05-30 16:00:00,2024-05-30 17:00:00,2024-05-30,3.0892865657806396
2024-05,dgt_directed_road_adaptive,2027,3,2024-05-30 16:00:00,2024-05-30 18:00:00,2024-05-30,4.695608139038086
2024-05,dgt_directed_road_adaptive,2027,6,2024-05-30 16:00:00,2024-05-30 21:00:00,2024-05-30,5.034420490264893
2024-05,dgt_directed_road_adaptive,2027,1,2024-05-30 17:00:00,2024-05-30 17:00:00,2024-05-30,3.5111334323883057
2024-05,dgt_directed_road_adaptive,2027,2,2024-05-30 17:00:00,2024-05-30 18:00:00,2024-05-30,4.516562461853027
2024-05,dgt_directed_road_adaptive,2027,3,2024-05-30 17:00:00,2024-05-30 19:00:00,2024-05-30,3.253582239151001
2024-05,dgt_directed_road_adaptive,2027,6,2024-05-30 17:00:00,2024-05-30 22:00:00,2024-05-30,4.005250930786133
2024-05,dgt_directed_road_adaptive,2027,1,2024-05-30 18:00:00,2024-05-30 18:00:00,2024-05-30,3.9457058906555176
2024-05,dgt_directed_road_adaptive,2027,2,2024-05-30 18:00:00,2024-05-30 19:00:00,2024-05-30,3.0555355548858643
2024-05,dgt_directed_road_adaptive,2027,3,2024-05-30 18:00:00,2024-05-30 20:00:00,2024-05-30,3.511268377304077
2024-05,dgt_directed_road_adaptive,2027,6,2024-05-30 18:00:00,2024-05-30 23:00:00,2024-05-30,3.5508270263671875
2024-05,dgt_directed_road_adaptive,2027,1,2024-05-30 19:00:00,2024-05-30 19:00:00,2024-05-30,3.3325812816619873
2024-05,dgt_directed_road_adaptive,2027,2,2024-05-30 19:00:00,2024-05-30 20:00:00,2024-05-30,3.5987930297851562
2024-05,dgt_directed_road_adaptive,2027,3,2024-05-30 19:00:00,2024-05-30 21:00:00,2024-05-30,4.4684014320373535
2024-05,dgt_directed_road_adaptive,2027,6,2024-05-30 19:00:00,2024-05-31 00:00:00,2024-05-31,4.517431259155273
2024-05,dgt_directed_road_adaptive,2027,1,2024-05-30 20:00:00,2024-05-30 20:00:00,2024-05-30,3.532815933227539
2024-05,dgt_directed_road_adaptive,2027,2,2024-05-30 20:00:00,2024-05-30 21:00:00,2024-05-30,4.236785888671875
2024-05,dgt_directed_road_adaptive,2027,3,2024-05-30 20:00:00,2024-05-30 22:00:00,2024-05-30,2.619868755340576
2024-05,dgt_directed_road_adaptive,2027,6,2024-05-30 20:00:00,2024-05-31 01:00:00,2024-05-31,3.82277774810791
2024-05,dgt_directed_road_adaptive,2027,1,2024-05-30 21:00:00,2024-05-30 21:00:00,2024-05-30,3.7482032775878906
2024-05,dgt_directed_road_adaptive,2027,2,2024-05-30 21:00:00,2024-05-30 22:00:00,2024-05-30,2.4792706966400146
2024-05,dgt_directed_road_adaptive,2027,3,2024-05-30 21:00:00,2024-05-30 23:00:00,2024-05-30,2.7043075561523438
2024-05,dgt_directed_road_adaptive,2027,6,2024-05-30 21:00:00,2024-05-31 02:00:00,2024-05-31,4.198740482330322
2024-05,dgt_directed_road_adaptive,2027,1,2024-05-30 22:00:00,2024-05-30 22:00:00,2024-05-30,2.35209321975708
2024-05,dgt_directed_road_adaptive,2027,2,2024-05-30 22:00:00,2024-05-30 23:00:00,2024-05-30,2.759052038192749
2024-05,dgt_directed_road_adaptive,2027,3,2024-05-30 22:00:00,2024-05-31 00:00:00,2024-05-31,4.0633697509765625
2024-05,dgt_directed_road_adaptive,2027,6,2024-05-30 22:00:00,2024-05-31 03:00:00,2024-05-31,5.168666839599609
2024-05,dgt_directed_road_adaptive,2027,1,2024-05-30 23:00:00,2024-05-30 23:00:00,2024-05-30,2.796800136566162
2024-05,dgt_directed_road_adaptive,2027,2,2024-05-30 23:00:00,2024-05-31 00:00:00,2024-05-31,3.945612668991089
2024-05,dgt_directed_road_adaptive,2027,3,2024-05-30 23:00:00,2024-05-31 01:00:00,2024-05-31,3.8355822563171387
2024-05,dgt_directed_road_adaptive,2027,6,2024-05-30 23:00:00,2024-05-31 04:00:00,2024-05-31,4.734287738800049
2024-05,dgt_directed_road_adaptive,2027,1,2024-05-31 00:00:00,2024-05-31 00:00:00,2024-05-31,3.8385281562805176
2024-05,dgt_directed_road_adaptive,2027,2,2024-05-31 00:00:00,2024-05-31 01:00:00,2024-05-31,3.733752727508545
2024-05,dgt_directed_road_adaptive,2027,3,2024-05-31 00:00:00,2024-05-31 02:00:00,2024-05-31,4.109223365783691
2024-05,dgt_directed_road_adaptive,2027,6,2024-05-31 00:00:00,2024-05-31 05:00:00,2024-05-31,3.947385311126709
2024-05,dgt_directed_road_adaptive,2027,1,2024-05-31 01:00:00,2024-05-31 01:00:00,2024-05-31,4.078922748565674
2024-05,dgt_directed_road_adaptive,2027,2,2024-05-31 01:00:00,2024-05-31 02:00:00,2024-05-31,4.115755081176758
2024-05,dgt_directed_road_adaptive,2027,3,2024-05-31 01:00:00,2024-05-31 03:00:00,2024-05-31,4.916166305541992
2024-05,dgt_directed_road_adaptive,2027,6,2024-05-31 01:00:00,2024-05-31 06:00:00,2024-05-31,3.072425365447998
2024-05,dgt_directed_road_adaptive,2027,1,2024-05-31 02:00:00,2024-05-31 02:00:00,2024-05-31,4.347458839416504
2024-05,dgt_directed_road_adaptive,2027,2,2024-05-31 02:00:00,2024-05-31 03:00:00,2024-05-31,4.9164533615112305
2024-05,dgt_directed_road_adaptive,2027,3,2024-05-31 02:00:00,2024-05-31 04:00:00,2024-05-31,4.788720607757568
2024-05,dgt_directed_road_adaptive,2027,6,2024-05-31 02:00:00,2024-05-31 07:00:00,2024-05-31,4.282631874084473
2024-05,dgt_directed_road_adaptive,2027,1,2024-05-31 03:00:00,2024-05-31 03:00:00,2024-05-31,5.301040172576904
2024-05,dgt_directed_road_adaptive,2027,2,2024-05-31 03:00:00,2024-05-31 04:00:00,2024-05-31,5.088139057159424
2024-05,dgt_directed_road_adaptive,2027,3,2024-05-31 03:00:00,2024-05-31 05:00:00,2024-05-31,3.9116828441619873
2024-05,dgt_directed_road_adaptive,2027,6,2024-05-31 03:00:00,2024-05-31 08:00:00,2024-05-31,6.068795204162598
2024-05,dgt_directed_road_adaptive,2027,1,2024-05-31 04:00:00,2024-05-31 04:00:00,2024-05-31,4.847314834594727
2024-05,dgt_directed_road_adaptive,2027,2,2024-05-31 04:00:00,2024-05-31 05:00:00,2024-05-31,3.7754955291748047
2024-05,dgt_directed_road_adaptive,2027,3,2024-05-31 04:00:00,2024-05-31 06:00:00,2024-05-31,3.3883299827575684
2024-05,dgt_directed_road_adaptive,2027,6,2024-05-31 04:00:00,2024-05-31 09:00:00,2024-05-31,3.2248151302337646
2024-05,dgt_directed_road_adaptive,2027,1,2024-05-31 05:00:00,2024-05-31 05:00:00,2024-05-31,4.054254531860352
2024-05,dgt_directed_road_adaptive,2027,2,2024-05-31 05:00:00,2024-05-31 06:00:00,2024-05-31,3.302615165710449
2024-05,dgt_directed_road_adaptive,2027,3,2024-05-31 05:00:00,2024-05-31 07:00:00,2024-05-31,3.5343849658966064
2024-05,dgt_directed_road_adaptive,2027,6,2024-05-31 05:00:00,2024-05-31 10:00:00,2024-05-31,3.326425552368164
2024-05,dgt_directed_road_adaptive,2027,1,2024-05-31 06:00:00,2024-05-31 06:00:00,2024-05-31,3.0021779537200928
2024-05,dgt_directed_road_adaptive,2027,2,2024-05-31 06:00:00,2024-05-31 07:00:00,2024-05-31,3.2594399452209473
2024-05,dgt_directed_road_adaptive,2027,3,2024-05-31 06:00:00,2024-05-31 08:00:00,2024-05-31,4.6561174392700195
2024-05,dgt_directed_road_adaptive,2027,6,2024-05-31 06:00:00,2024-05-31 11:00:00,2024-05-31,2.771817684173584
2024-05,dgt_directed_road_adaptive,2027,1,2024-05-31 07:00:00,2024-05-31 07:00:00,2024-05-31,3.3405890464782715
2024-05,dgt_directed_road_adaptive,2027,2,2024-05-31 07:00:00,2024-05-31 08:00:00,2024-05-31,4.743852615356445
2024-05,dgt_directed_road_adaptive,2027,3,2024-05-31 07:00:00,2024-05-31 09:00:00,2024-05-31,3.1832847595214844
2024-05,dgt_directed_road_adaptive,2027,6,2024-05-31 07:00:00,2024-05-31 12:00:00,2024-05-31,2.370258092880249
2024-05,dgt_directed_road_adaptive,2027,1,2024-05-31 08:00:00,2024-05-31 08:00:00,2024-05-31,4.599521160125732
2024-05,dgt_directed_road_adaptive,2027,2,2024-05-31 08:00:00,2024-05-31 09:00:00,2024-05-31,3.338369369506836
2024-05,dgt_directed_road_adaptive,2027,3,2024-05-31 08:00:00,2024-05-31 10:00:00,2024-05-31,3.3335378170013428
2024-05,dgt_directed_road_adaptive,2027,6,2024-05-31 08:00:00,2024-05-31 13:00:00,2024-05-31,3.115051507949829
2024-05,dgt_directed_road_adaptive,2027,1,2024-05-31 09:00:00,2024-05-31 09:00:00,2024-05-31,3.3025410175323486
2024-05,dgt_directed_road_adaptive,2027,2,2024-05-31 09:00:00,2024-05-31 10:00:00,2024-05-31,3.5537166595458984
2024-05,dgt_directed_road_adaptive,2027,3,2024-05-31 09:00:00,2024-05-31 11:00:00,2024-05-31,2.7507848739624023
2024-05,dgt_directed_road_adaptive,2027,6,2024-05-31 09:00:00,2024-05-31 14:00:00,2024-05-31,2.666092872619629
2024-05,dgt_directed_road_adaptive,2027,1,2024-05-31 10:00:00,2024-05-31 10:00:00,2024-05-31,3.049654483795166
2024-05,dgt_directed_road_adaptive,2027,2,2024-05-31 10:00:00,2024-05-31 11:00:00,2024-05-31,2.610466957092285
2024-05,dgt_directed_road_adaptive,2027,3,2024-05-31 10:00:00,2024-05-31 12:00:00,2024-05-31,2.3328113555908203
2024-05,dgt_directed_road_adaptive,2027,6,2024-05-31 10:00:00,2024-05-31 15:00:00,2024-05-31,2.520934581756592
2024-05,dgt_directed_road_adaptive,2027,1,2024-05-31 11:00:00,2024-05-31 11:00:00,2024-05-31,2.409726619720459
2024-05,dgt_directed_road_adaptive,2027,2,2024-05-31 11:00:00,2024-05-31 12:00:00,2024-05-31,2.354485511779785
2024-05,dgt_directed_road_adaptive,2027,3,2024-05-31 11:00:00,2024-05-31 13:00:00,2024-05-31,3.0409626960754395
2024-05,dgt_directed_road_adaptive,2027,6,2024-05-31 11:00:00,2024-05-31 16:00:00,2024-05-31,2.9944820404052734
2024-05,dgt_directed_road_adaptive,2027,1,2024-05-31 12:00:00,2024-05-31 12:00:00,2024-05-31,2.2649781703948975
2024-05,dgt_directed_road_adaptive,2027,2,2024-05-31 12:00:00,2024-05-31 13:00:00,2024-05-31,3.040485143661499
2024-05,dgt_directed_road_adaptive,2027,3,2024-05-31 12:00:00,2024-05-31 14:00:00,2024-05-31,2.7119951248168945
2024-05,dgt_directed_road_adaptive,2027,6,2024-05-31 12:00:00,2024-05-31 17:00:00,2024-05-31,4.3146772384643555
2024-05,dgt_directed_road_adaptive,2027,1,2024-05-31 13:00:00,2024-05-31 13:00:00,2024-05-31,2.800926685333252
2024-05,dgt_directed_road_adaptive,2027,2,2024-05-31 13:00:00,2024-05-31 14:00:00,2024-05-31,2.7228212356567383
2024-05,dgt_directed_road_adaptive,2027,3,2024-05-31 13:00:00,2024-05-31 15:00:00,2024-05-31,2.404910087585449
2024-05,dgt_directed_road_adaptive,2027,6,2024-05-31 13:00:00,2024-05-31 18:00:00,2024-05-31,5.563137054443359
2024-05,dgt_directed_road_adaptive,2027,1,2024-05-31 14:00:00,2024-05-31 14:00:00,2024-05-31,2.5599098205566406
2024-05,dgt_directed_road_adaptive,2027,2,2024-05-31 14:00:00,2024-05-31 15:00:00,2024-05-31,2.537186861038208
2024-05,dgt_directed_road_adaptive,2027,3,2024-05-31 14:00:00,2024-05-31 16:00:00,2024-05-31,2.93367075920105
2024-05,dgt_directed_road_adaptive,2027,6,2024-05-31 14:00:00,2024-05-31 19:00:00,2024-05-31,4.389988899230957
2024-05,dgt_directed_road_adaptive,2027,1,2024-05-31 15:00:00,2024-05-31 15:00:00,2024-05-31,2.763639450073242
2024-05,dgt_directed_road_adaptive,2027,2,2024-05-31 15:00:00,2024-05-31 16:00:00,2024-05-31,2.951612949371338
2024-05,dgt_directed_road_adaptive,2027,3,2024-05-31 15:00:00,2024-05-31 17:00:00,2024-05-31,4.211853981018066
2024-05,dgt_directed_road_adaptive,2027,6,2024-05-31 15:00:00,2024-05-31 20:00:00,2024-05-31,4.352029800415039
2024-05,dgt_directed_road_adaptive,2027,1,2024-05-31 16:00:00,2024-05-31 16:00:00,2024-05-31,2.604034900665283
2024-05,dgt_directed_road_adaptive,2027,2,2024-05-31 16:00:00,2024-05-31 17:00:00,2024-05-31,3.9834327697753906
2024-05,dgt_directed_road_adaptive,2027,3,2024-05-31 16:00:00,2024-05-31 18:00:00,2024-05-31,5.09977912902832
2024-05,dgt_directed_road_adaptive,2027,6,2024-05-31 16:00:00,2024-05-31 21:00:00,2024-05-31,3.689042568206787
2024-05,dgt_directed_road_adaptive,2027,1,2024-05-31 17:00:00,2024-05-31 17:00:00,2024-05-31,3.382152795791626
2024-05,dgt_directed_road_adaptive,2027,2,2024-05-31 17:00:00,2024-05-31 18:00:00,2024-05-31,5.06716251373291
2024-05,dgt_directed_road_adaptive,2027,3,2024-05-31 17:00:00,2024-05-31 19:00:00,2024-05-31,3.9693331718444824
2024-05,dgt_directed_road_adaptive,2027,6,2024-05-31 17:00:00,2024-05-31 22:00:00,2024-05-31,4.2264204025268555
2024-05,temporal_mlp,2028,1,2024-05-25 15:00:00,2024-05-25 15:00:00,2024-05-25,2.2564167976379395
2024-05,temporal_mlp,2028,2,2024-05-25 15:00:00,2024-05-25 16:00:00,2024-05-25,2.4315826892852783
2024-05,temporal_mlp,2028,3,2024-05-25 15:00:00,2024-05-25 17:00:00,2024-05-25,2.6448254585266113
2024-05,temporal_mlp,2028,6,2024-05-25 15:00:00,2024-05-25 20:00:00,2024-05-25,3.045523166656494
2024-05,temporal_mlp,2028,1,2024-05-25 16:00:00,2024-05-25 16:00:00,2024-05-25,2.5253939628601074
2024-05,temporal_mlp,2028,2,2024-05-25 16:00:00,2024-05-25 17:00:00,2024-05-25,2.574093818664551
2024-05,temporal_mlp,2028,3,2024-05-25 16:00:00,2024-05-25 18:00:00,2024-05-25,4.468077659606934
2024-05,temporal_mlp,2028,6,2024-05-25 16:00:00,2024-05-25 21:00:00,2024-05-25,3.110074520111084
2024-05,temporal_mlp,2028,1,2024-05-25 17:00:00,2024-05-25 17:00:00,2024-05-25,2.633336067199707
2024-05,temporal_mlp,2028,2,2024-05-25 17:00:00,2024-05-25 18:00:00,2024-05-25,4.610817909240723
2024-05,temporal_mlp,2028,3,2024-05-25 17:00:00,2024-05-25 19:00:00,2024-05-25,4.388838768005371
2024-05,temporal_mlp,2028,6,2024-05-25 17:00:00,2024-05-25 22:00:00,2024-05-25,3.861872673034668
2024-05,temporal_mlp,2028,1,2024-05-25 18:00:00,2024-05-25 18:00:00,2024-05-25,4.771303176879883
2024-05,temporal_mlp,2028,2,2024-05-25 18:00:00,2024-05-25 19:00:00,2024-05-25,4.30076789855957
2024-05,temporal_mlp,2028,3,2024-05-25 18:00:00,2024-05-25 20:00:00,2024-05-25,3.003201723098755
2024-05,temporal_mlp,2028,6,2024-05-25 18:00:00,2024-05-25 23:00:00,2024-05-25,3.6769275665283203
2024-05,temporal_mlp,2028,1,2024-05-25 19:00:00,2024-05-25 19:00:00,2024-05-25,4.006694793701172
2024-05,temporal_mlp,2028,2,2024-05-25 19:00:00,2024-05-25 20:00:00,2024-05-25,2.8066020011901855
2024-05,temporal_mlp,2028,3,2024-05-25 19:00:00,2024-05-25 21:00:00,2024-05-25,3.1691694259643555
2024-05,temporal_mlp,2028,6,2024-05-25 19:00:00,2024-05-26 00:00:00,2024-05-26,4.798591613769531
2024-05,temporal_mlp,2028,1,2024-05-25 20:00:00,2024-05-25 20:00:00,2024-05-25,2.465965747833252
2024-05,temporal_mlp,2028,2,2024-05-25 20:00:00,2024-05-25 21:00:00,2024-05-25,3.355051279067993
2024-05,temporal_mlp,2028,3,2024-05-25 20:00:00,2024-05-25 22:00:00,2024-05-25,3.471874952316284
2024-05,temporal_mlp,2028,6,2024-05-25 20:00:00,2024-05-26 01:00:00,2024-05-26,6.46998929977417
2024-05,temporal_mlp,2028,1,2024-05-25 21:00:00,2024-05-25 21:00:00,2024-05-25,3.578979730606079
2024-05,temporal_mlp,2028,2,2024-05-25 21:00:00,2024-05-25 22:00:00,2024-05-25,3.4356040954589844
2024-05,temporal_mlp,2028,3,2024-05-25 21:00:00,2024-05-25 23:00:00,2024-05-25,3.6842329502105713
2024-05,temporal_mlp,2028,6,2024-05-25 21:00:00,2024-05-26 02:00:00,2024-05-26,5.767314910888672
2024-05,temporal_mlp,2028,1,2024-05-25 22:00:00,2024-05-25 22:00:00,2024-05-25,3.118635654449463
2024-05,temporal_mlp,2028,2,2024-05-25 22:00:00,2024-05-25 23:00:00,2024-05-25,3.9684183597564697
2024-05,temporal_mlp,2028,3,2024-05-25 22:00:00,2024-05-26 00:00:00,2024-05-26,4.605979919433594
2024-05,temporal_mlp,2028,6,2024-05-25 22:00:00,2024-05-26 03:00:00,2024-05-26,6.482308864593506
2024-05,temporal_mlp,2028,1,2024-05-25 23:00:00,2024-05-25 23:00:00,2024-05-25,3.9852161407470703
2024-05,temporal_mlp,2028,2,2024-05-25 23:00:00,2024-05-26 00:00:00,2024-05-26,4.268611431121826
2024-05,temporal_mlp,2028,3,2024-05-25 23:00:00,2024-05-26 01:00:00,2024-05-26,6.551258563995361
2024-05,temporal_mlp,2028,6,2024-05-25 23:00:00,2024-05-26 04:00:00,2024-05-26,5.009946823120117
2024-05,temporal_mlp,2028,1,2024-05-26 00:00:00,2024-05-26 00:00:00,2024-05-26,4.664217472076416
2024-05,temporal_mlp,2028,2,2024-05-26 00:00:00,2024-05-26 01:00:00,2024-05-26,6.368363857269287
2024-05,temporal_mlp,2028,3,2024-05-26 00:00:00,2024-05-26 02:00:00,2024-05-26,5.503388404846191
2024-05,temporal_mlp,2028,6,2024-05-26 00:00:00,2024-05-26 05:00:00,2024-05-26,4.922656059265137
2024-05,temporal_mlp,2028,1,2024-05-26 01:00:00,2024-05-26 01:00:00,2024-05-26,6.520253658294678
2024-05,temporal_mlp,2028,2,2024-05-26 01:00:00,2024-05-26 02:00:00,2024-05-26,5.504249095916748
2024-05,temporal_mlp,2028,3,2024-05-26 01:00:00,2024-05-26 03:00:00,2024-05-26,6.536044120788574
2024-05,temporal_mlp,2028,6,2024-05-26 01:00:00,2024-05-26 06:00:00,2024-05-26,4.10524320602417
2024-05,temporal_mlp,2028,1,2024-05-26 02:00:00,2024-05-26 02:00:00,2024-05-26,5.6541876792907715
2024-05,temporal_mlp,2028,2,2024-05-26 02:00:00,2024-05-26 03:00:00,2024-05-26,6.977723121643066
2024-05,temporal_mlp,2028,3,2024-05-26 02:00:00,2024-05-26 04:00:00,2024-05-26,5.080897331237793
2024-05,temporal_mlp,2028,6,2024-05-26 02:00:00,2024-05-26 07:00:00,2024-05-26,4.360484600067139
2024-05,temporal_mlp,2028,1,2024-05-26 03:00:00,2024-05-26 03:00:00,2024-05-26,6.629464149475098
2024-05,temporal_mlp,2028,2,2024-05-26 03:00:00,2024-05-26 04:00:00,2024-05-26,5.261322498321533
2024-05,temporal_mlp,2028,3,2024-05-26 03:00:00,2024-05-26 05:00:00,2024-05-26,4.828046798706055
2024-05,temporal_mlp,2028,6,2024-05-26 03:00:00,2024-05-26 08:00:00,2024-05-26,3.228888511657715
2024-05,temporal_mlp,2028,1,2024-05-26 04:00:00,2024-05-26 04:00:00,2024-05-26,5.373410701751709
2024-05,temporal_mlp,2028,2,2024-05-26 04:00:00,2024-05-26 05:00:00,2024-05-26,5.155799865722656
2024-05,temporal_mlp,2028,3,2024-05-26 04:00:00,2024-05-26 06:00:00,2024-05-26,4.355340003967285
2024-05,temporal_mlp,2028,6,2024-05-26 04:00:00,2024-05-26 09:00:00,2024-05-26,4.005501747131348
2024-05,temporal_mlp,2028,1,2024-05-26 05:00:00,2024-05-26 05:00:00,2024-05-26,4.968867301940918
2024-05,temporal_mlp,2028,2,2024-05-26 05:00:00,2024-05-26 06:00:00,2024-05-26,3.9488673210144043
2024-05,temporal_mlp,2028,3,2024-05-26 05:00:00,2024-05-26 07:00:00,2024-05-26,4.053780555725098
2024-05,temporal_mlp,2028,6,2024-05-26 05:00:00,2024-05-26 10:00:00,2024-05-26,4.293198585510254
2024-05,temporal_mlp,2028,1,2024-05-26 06:00:00,2024-05-26 06:00:00,2024-05-26,3.9380102157592773
2024-05,temporal_mlp,2028,2,2024-05-26 06:00:00,2024-05-26 07:00:00,2024-05-26,4.228260040283203
2024-05,temporal_mlp,2028,3,2024-05-26 06:00:00,2024-05-26 08:00:00,2024-05-26,3.341561794281006
2024-05,temporal_mlp,2028,6,2024-05-26 06:00:00,2024-05-26 11:00:00,2024-05-26,3.7217912673950195
2024-05,temporal_mlp,2028,1,2024-05-26 07:00:00,2024-05-26 07:00:00,2024-05-26,3.9297292232513428
2024-05,temporal_mlp,2028,2,2024-05-26 07:00:00,2024-05-26 08:00:00,2024-05-26,3.185166358947754
2024-05,temporal_mlp,2028,3,2024-05-26 07:00:00,2024-05-26 09:00:00,2024-05-26,4.1277265548706055
2024-05,temporal_mlp,2028,6,2024-05-26 07:00:00,2024-05-26 12:00:00,2024-05-26,4.740537166595459
2024-05,temporal_mlp,2028,1,2024-05-26 08:00:00,2024-05-26 08:00:00,2024-05-26,3.0489487648010254
2024-05,temporal_mlp,2028,2,2024-05-26 08:00:00,2024-05-26 09:00:00,2024-05-26,4.158784866333008
2024-05,temporal_mlp,2028,3,2024-05-26 08:00:00,2024-05-26 10:00:00,2024-05-26,4.161643028259277
2024-05,temporal_mlp,2028,6,2024-05-26 08:00:00,2024-05-26 13:00:00,2024-05-26,4.487543106079102
2024-05,temporal_mlp,2028,1,2024-05-26 09:00:00,2024-05-26 09:00:00,2024-05-26,3.9402616024017334
2024-05,temporal_mlp,2028,2,2024-05-26 09:00:00,2024-05-26 10:00:00,2024-05-26,4.105439186096191
2024-05,temporal_mlp,2028,3,2024-05-26 09:00:00,2024-05-26 11:00:00,2024-05-26,3.468430995941162
2024-05,temporal_mlp,2028,6,2024-05-26 09:00:00,2024-05-26 14:00:00,2024-05-26,3.5209827423095703
2024-05,temporal_mlp,2028,1,2024-05-26 10:00:00,2024-05-26 10:00:00,2024-05-26,3.856466770172119
2024-05,temporal_mlp,2028,2,2024-05-26 10:00:00,2024-05-26 11:00:00,2024-05-26,3.3660836219787598
2024-05,temporal_mlp,2028,3,2024-05-26 10:00:00,2024-05-26 12:00:00,2024-05-26,4.231386661529541
2024-05,temporal_mlp,2028,6,2024-05-26 10:00:00,2024-05-26 15:00:00,2024-05-26,4.778573036193848
2024-05,temporal_mlp,2028,1,2024-05-26 11:00:00,2024-05-26 11:00:00,2024-05-26,3.1761112213134766
2024-05,temporal_mlp,2028,2,2024-05-26 11:00:00,2024-05-26 12:00:00,2024-05-26,3.8840222358703613
2024-05,temporal_mlp,2028,3,2024-05-26 11:00:00,2024-05-26 13:00:00,2024-05-26,4.05683708190918
2024-05,temporal_mlp,2028,6,2024-05-26 11:00:00,2024-05-26 16:00:00,2024-05-26,4.393019676208496
2024-05,temporal_mlp,2028,1,2024-05-26 12:00:00,2024-05-26 12:00:00,2024-05-26,3.7025835514068604
2024-05,temporal_mlp,2028,2,2024-05-26 12:00:00,2024-05-26 13:00:00,2024-05-26,3.8212971687316895
2024-05,temporal_mlp,2028,3,2024-05-26 12:00:00,2024-05-26 14:00:00,2024-05-26,3.0830984115600586
2024-05,temporal_mlp,2028,6,2024-05-26 12:00:00,2024-05-26 17:00:00,2024-05-26,4.445231914520264
2024-05,temporal_mlp,2028,1,2024-05-26 13:00:00,2024-05-26 13:00:00,2024-05-26,3.6054582595825195
2024-05,temporal_mlp,2028,2,2024-05-26 13:00:00,2024-05-26 14:00:00,2024-05-26,2.937993049621582
2024-05,temporal_mlp,2028,3,2024-05-26 13:00:00,2024-05-26 15:00:00,2024-05-26,4.37972354888916
2024-05,temporal_mlp,2028,6,2024-05-26 13:00:00,2024-05-26 18:00:00,2024-05-26,3.9607419967651367
2024-05,temporal_mlp,2028,1,2024-05-26 14:00:00,2024-05-26 14:00:00,2024-05-26,2.60219144821167
2024-05,temporal_mlp,2028,2,2024-05-26 14:00:00,2024-05-26 15:00:00,2024-05-26,3.96150279045105
2024-05,temporal_mlp,2028,3,2024-05-26 14:00:00,2024-05-26 16:00:00,2024-05-26,4.077259540557861
2024-05,temporal_mlp,2028,6,2024-05-26 14:00:00,2024-05-26 19:00:00,2024-05-26,4.3451151847839355
2024-05,temporal_mlp,2028,1,2024-05-26 15:00:00,2024-05-26 15:00:00,2024-05-26,3.6942243576049805
2024-05,temporal_mlp,2028,2,2024-05-26 15:00:00,2024-05-26 16:00:00,2024-05-26,3.8625898361206055
2024-05,temporal_mlp,2028,3,2024-05-26 15:00:00,2024-05-26 17:00:00,2024-05-26,4.308178424835205
2024-05,temporal_mlp,2028,6,2024-05-26 15:00:00,2024-05-26 20:00:00,2024-05-26,3.6783742904663086
2024-05,temporal_mlp,2028,1,2024-05-26 16:00:00,2024-05-26 16:00:00,2024-05-26,3.501558780670166
2024-05,temporal_mlp,2028,2,2024-05-26 16:00:00,2024-05-26 17:00:00,2024-05-26,3.7161903381347656
2024-05,temporal_mlp,2028,3,2024-05-26 16:00:00,2024-05-26 18:00:00,2024-05-26,3.688601493835449
2024-05,temporal_mlp,2028,6,2024-05-26 16:00:00,2024-05-26 21:00:00,2024-05-26,3.755490303039551
2024-05,temporal_mlp,2028,1,2024-05-26 17:00:00,2024-05-26 17:00:00,2024-05-26,3.244401693344116
2024-05,temporal_mlp,2028,2,2024-05-26 17:00:00,2024-05-26 18:00:00,2024-05-26,3.434887409210205
2024-05,temporal_mlp,2028,3,2024-05-26 17:00:00,2024-05-26 19:00:00,2024-05-26,4.618523120880127
2024-05,temporal_mlp,2028,6,2024-05-26 17:00:00,2024-05-26 22:00:00,2024-05-26,3.603159189224243
2024-05,temporal_mlp,2028,1,2024-05-26 18:00:00,2024-05-26 18:00:00,2024-05-26,3.389845609664917
2024-05,temporal_mlp,2028,2,2024-05-26 18:00:00,2024-05-26 19:00:00,2024-05-26,3.9923477172851562
2024-05,temporal_mlp,2028,3,2024-05-26 18:00:00,2024-05-26 20:00:00,2024-05-26,3.352257251739502
2024-05,temporal_mlp,2028,6,2024-05-26 18:00:00,2024-05-26 23:00:00,2024-05-26,4.137717247009277
2024-05,temporal_mlp,2028,1,2024-05-26 19:00:00,2024-05-26 19:00:00,2024-05-26,3.583670139312744
2024-05,temporal_mlp,2028,2,2024-05-26 19:00:00,2024-05-26 20:00:00,2024-05-26,3.1871635913848877
2024-05,temporal_mlp,2028,3,2024-05-26 19:00:00,2024-05-26 21:00:00,2024-05-26,3.5288844108581543
2024-05,temporal_mlp,2028,6,2024-05-26 19:00:00,2024-05-28 00:00:00,2024-05-28,6.064581871032715
2024-05,temporal_mlp,2028,1,2024-05-26 20:00:00,2024-05-26 20:00:00,2024-05-26,3.0803675651550293
2024-05,temporal_mlp,2028,2,2024-05-26 20:00:00,2024-05-26 21:00:00,2024-05-26,3.474137306213379
2024-05,temporal_mlp,2028,3,2024-05-26 20:00:00,2024-05-26 22:00:00,2024-05-26,3.1478967666625977
2024-05,temporal_mlp,2028,6,2024-05-26 20:00:00,2024-05-28 01:00:00,2024-05-28,6.749335289001465
2024-05,temporal_mlp,2028,1,2024-05-26 21:00:00,2024-05-26 21:00:00,2024-05-26,3.3228952884674072
2024-05,temporal_mlp,2028,2,2024-05-26 21:00:00,2024-05-26 22:00:00,2024-05-26,3.2556416988372803
2024-05,temporal_mlp,2028,3,2024-05-26 21:00:00,2024-05-26 23:00:00,2024-05-26,4.061178684234619
2024-05,temporal_mlp,2028,6,2024-05-26 21:00:00,2024-05-28 02:00:00,2024-05-28,5.89199686050415
2024-05,temporal_mlp,2028,1,2024-05-26 22:00:00,2024-05-26 22:00:00,2024-05-26,3.126129388809204
2024-05,temporal_mlp,2028,2,2024-05-26 22:00:00,2024-05-26 23:00:00,2024-05-26,3.8298697471618652
2024-05,temporal_mlp,2028,3,2024-05-26 22:00:00,2024-05-28 00:00:00,2024-05-28,5.508631706237793
2024-05,temporal_mlp,2028,6,2024-05-26 22:00:00,2024-05-28 03:00:00,2024-05-28,5.511949062347412
2024-05,temporal_mlp,2028,1,2024-05-26 23:00:00,2024-05-26 23:00:00,2024-05-26,4.075823783874512
2024-05,temporal_mlp,2028,2,2024-05-26 23:00:00,2024-05-28 00:00:00,2024-05-28,5.651914596557617
2024-05,temporal_mlp,2028,3,2024-05-26 23:00:00,2024-05-28 01:00:00,2024-05-28,6.080910682678223
2024-05,temporal_mlp,2028,6,2024-05-26 23:00:00,2024-05-28 04:00:00,2024-05-28,6.358634948730469
2024-05,temporal_mlp,2028,1,2024-05-28 00:00:00,2024-05-28 00:00:00,2024-05-28,6.010422706604004
2024-05,temporal_mlp,2028,2,2024-05-28 00:00:00,2024-05-28 01:00:00,2024-05-28,6.258688926696777
2024-05,temporal_mlp,2028,3,2024-05-28 00:00:00,2024-05-28 02:00:00,2024-05-28,5.4445905685424805
2024-05,temporal_mlp,2028,6,2024-05-28 00:00:00,2024-05-28 05:00:00,2024-05-28,4.905205249786377
2024-05,temporal_mlp,2028,1,2024-05-28 01:00:00,2024-05-28 01:00:00,2024-05-28,5.322600364685059
2024-05,temporal_mlp,2028,2,2024-05-28 01:00:00,2024-05-28 02:00:00,2024-05-28,5.010511875152588
2024-05,temporal_mlp,2028,3,2024-05-28 01:00:00,2024-05-28 03:00:00,2024-05-28,5.395589828491211
2024-05,temporal_mlp,2028,6,2024-05-28 01:00:00,2024-05-28 06:00:00,2024-05-28,3.9692864418029785
2024-05,temporal_mlp,2028,1,2024-05-28 02:00:00,2024-05-28 02:00:00,2024-05-28,5.03300666809082
2024-05,temporal_mlp,2028,2,2024-05-28 02:00:00,2024-05-28 03:00:00,2024-05-28,5.391384124755859
2024-05,temporal_mlp,2028,3,2024-05-28 02:00:00,2024-05-28 04:00:00,2024-05-28,6.077040195465088
2024-05,temporal_mlp,2028,6,2024-05-28 02:00:00,2024-05-28 07:00:00,2024-05-28,6.897859573364258
2024-05,temporal_mlp,2028,1,2024-05-28 03:00:00,2024-05-28 03:00:00,2024-05-28,5.791341304779053
2024-05,temporal_mlp,2028,2,2024-05-28 03:00:00,2024-05-28 04:00:00,2024-05-28,5.898446083068848
2024-05,temporal_mlp,2028,3,2024-05-28 03:00:00,2024-05-28 05:00:00,2024-05-28,5.035956859588623
2024-05,temporal_mlp,2028,6,2024-05-28 03:00:00,2024-05-28 08:00:00,2024-05-28,7.49208927154541
2024-05,temporal_mlp,2028,1,2024-05-28 04:00:00,2024-05-28 04:00:00,2024-05-28,6.339110374450684
2024-05,temporal_mlp,2028,2,2024-05-28 04:00:00,2024-05-28 05:00:00,2024-05-28,5.318718910217285
2024-05,temporal_mlp,2028,3,2024-05-28 04:00:00,2024-05-28 06:00:00,2024-05-28,3.609142541885376
2024-05,temporal_mlp,2028,6,2024-05-28 04:00:00,2024-05-28 09:00:00,2024-05-28,6.3219475746154785
2024-05,temporal_mlp,2028,1,2024-05-28 05:00:00,2024-05-28 05:00:00,2024-05-28,5.620779037475586
2024-05,temporal_mlp,2028,2,2024-05-28 05:00:00,2024-05-28 06:00:00,2024-05-28,3.6849546432495117
2024-05,temporal_mlp,2028,3,2024-05-28 05:00:00,2024-05-28 07:00:00,2024-05-28,7.009340286254883
2024-05,temporal_mlp,2028,6,2024-05-28 05:00:00,2024-05-28 10:00:00,2024-05-28,4.886142730712891
2024-05,temporal_mlp,2028,1,2024-05-28 06:00:00,2024-05-28 06:00:00,2024-05-28,3.697968006134033
2024-05,temporal_mlp,2028,2,2024-05-28 06:00:00,2024-05-28 07:00:00,2024-05-28,6.748141765594482
2024-05,temporal_mlp,2028,3,2024-05-28 06:00:00,2024-05-28 08:00:00,2024-05-28,6.677396297454834
2024-05,temporal_mlp,2028,6,2024-05-28 06:00:00,2024-05-28 11:00:00,2024-05-28,4.408285617828369
2024-05,temporal_mlp,2028,1,2024-05-28 07:00:00,2024-05-28 07:00:00,2024-05-28,6.043464660644531
2024-05,temporal_mlp,2028,2,2024-05-28 07:00:00,2024-05-28 08:00:00,2024-05-28,6.938389301300049
2024-05,temporal_mlp,2028,3,2024-05-28 07:00:00,2024-05-28 09:00:00,2024-05-28,5.613103866577148
2024-05,temporal_mlp,2028,6,2024-05-28 07:00:00,2024-05-28 12:00:00,2024-05-28,4.269845485687256
2024-05,temporal_mlp,2028,1,2024-05-28 08:00:00,2024-05-28 08:00:00,2024-05-28,6.0274128913879395
2024-05,temporal_mlp,2028,2,2024-05-28 08:00:00,2024-05-28 09:00:00,2024-05-28,5.3437347412109375
2024-05,temporal_mlp,2028,3,2024-05-28 08:00:00,2024-05-28 10:00:00,2024-05-28,3.5617141723632812
2024-05,temporal_mlp,2028,6,2024-05-28 08:00:00,2024-05-28 13:00:00,2024-05-28,3.4029746055603027
2024-05,temporal_mlp,2028,1,2024-05-28 09:00:00,2024-05-28 09:00:00,2024-05-28,4.348813533782959
2024-05,temporal_mlp,2028,2,2024-05-28 09:00:00,2024-05-28 10:00:00,2024-05-28,3.0719733238220215
2024-05,temporal_mlp,2028,3,2024-05-28 09:00:00,2024-05-28 11:00:00,2024-05-28,3.3497743606567383
2024-05,temporal_mlp,2028,6,2024-05-28 09:00:00,2024-05-28 14:00:00,2024-05-28,4.227405548095703
2024-05,temporal_mlp,2028,1,2024-05-28 10:00:00,2024-05-28 10:00:00,2024-05-28,2.7821290493011475
2024-05,temporal_mlp,2028,2,2024-05-28 10:00:00,2024-05-28 11:00:00,2024-05-28,3.2914905548095703
2024-05,temporal_mlp,2028,3,2024-05-28 10:00:00,2024-05-28 12:00:00,2024-05-28,3.725872755050659
2024-05,temporal_mlp,2028,6,2024-05-28 10:00:00,2024-05-28 15:00:00,2024-05-28,3.192760467529297
2024-05,temporal_mlp,2028,1,2024-05-28 11:00:00,2024-05-28 11:00:00,2024-05-28,3.2832658290863037
2024-05,temporal_mlp,2028,2,2024-05-28 11:00:00,2024-05-28 12:00:00,2024-05-28,3.6566338539123535
2024-05,temporal_mlp,2028,3,2024-05-28 11:00:00,2024-05-28 13:00:00,2024-05-28,3.3752732276916504
2024-05,temporal_mlp,2028,6,2024-05-28 11:00:00,2024-05-28 16:00:00,2024-05-28,3.4763128757476807
2024-05,temporal_mlp,2028,1,2024-05-28 12:00:00,2024-05-28 12:00:00,2024-05-28,3.364699125289917
2024-05,temporal_mlp,2028,2,2024-05-28 12:00:00,2024-05-28 13:00:00,2024-05-28,3.0132181644439697
2024-05,temporal_mlp,2028,3,2024-05-28 12:00:00,2024-05-28 14:00:00,2024-05-28,3.662588357925415
2024-05,temporal_mlp,2028,6,2024-05-28 12:00:00,2024-05-28 17:00:00,2024-05-28,4.174681663513184
2024-05,temporal_mlp,2028,1,2024-05-28 13:00:00,2024-05-28 13:00:00,2024-05-28,2.8161115646362305
2024-05,temporal_mlp,2028,2,2024-05-28 13:00:00,2024-05-28 14:00:00,2024-05-28,3.145186424255371
2024-05,temporal_mlp,2028,3,2024-05-28 13:00:00,2024-05-28 15:00:00,2024-05-28,2.820147752761841
2024-05,temporal_mlp,2028,6,2024-05-28 13:00:00,2024-05-28 18:00:00,2024-05-28,4.699494361877441
2024-05,temporal_mlp,2028,1,2024-05-28 14:00:00,2024-05-28 14:00:00,2024-05-28,3.291740655899048
2024-05,temporal_mlp,2028,2,2024-05-28 14:00:00,2024-05-28 15:00:00,2024-05-28,2.371051549911499
2024-05,temporal_mlp,2028,3,2024-05-28 14:00:00,2024-05-28 16:00:00,2024-05-28,3.6691157817840576
2024-05,temporal_mlp,2028,6,2024-05-28 14:00:00,2024-05-28 19:00:00,2024-05-28,4.627880096435547
2024-05,temporal_mlp,2028,1,2024-05-28 15:00:00,2024-05-28 15:00:00,2024-05-28,2.6322169303894043
2024-05,temporal_mlp,2028,2,2024-05-28 15:00:00,2024-05-28 16:00:00,2024-05-28,3.407578468322754
2024-05,temporal_mlp,2028,3,2024-05-28 15:00:00,2024-05-28 17:00:00,2024-05-28,3.902858018875122
2024-05,temporal_mlp,2028,6,2024-05-28 15:00:00,2024-05-28 20:00:00,2024-05-28,3.7468929290771484
2024-05,temporal_mlp,2028,1,2024-05-28 16:00:00,2024-05-28 16:00:00,2024-05-28,3.072437286376953
2024-05,temporal_mlp,2028,2,2024-05-28 16:00:00,2024-05-28 17:00:00,2024-05-28,3.5457234382629395
2024-05,temporal_mlp,2028,3,2024-05-28 16:00:00,2024-05-28 18:00:00,2024-05-28,4.732754707336426
2024-05,temporal_mlp,2028,6,2024-05-28 16:00:00,2024-05-28 21:00:00,2024-05-28,3.8087916374206543
2024-05,temporal_mlp,2028,1,2024-05-28 17:00:00,2024-05-28 17:00:00,2024-05-28,3.3066744804382324
2024-05,temporal_mlp,2028,2,2024-05-28 17:00:00,2024-05-28 18:00:00,2024-05-28,4.245793342590332
2024-05,temporal_mlp,2028,3,2024-05-28 17:00:00,2024-05-28 19:00:00,2024-05-28,3.8540422916412354
2024-05,temporal_mlp,2028,6,2024-05-28 17:00:00,2024-05-28 22:00:00,2024-05-28,4.370018005371094
2024-05,temporal_mlp,2028,1,2024-05-28 18:00:00,2024-05-28 18:00:00,2024-05-28,3.9869775772094727
2024-05,temporal_mlp,2028,2,2024-05-28 18:00:00,2024-05-28 19:00:00,2024-05-28,3.907696008682251
2024-05,temporal_mlp,2028,3,2024-05-28 18:00:00,2024-05-28 20:00:00,2024-05-28,3.452089548110962
2024-05,temporal_mlp,2028,6,2024-05-28 18:00:00,2024-05-28 23:00:00,2024-05-28,3.941253662109375
2024-05,temporal_mlp,2028,1,2024-05-28 19:00:00,2024-05-28 19:00:00,2024-05-28,3.7960050106048584
2024-05,temporal_mlp,2028,2,2024-05-28 19:00:00,2024-05-28 20:00:00,2024-05-28,3.8328967094421387
2024-05,temporal_mlp,2028,3,2024-05-28 19:00:00,2024-05-28 21:00:00,2024-05-28,3.8124029636383057
2024-05,temporal_mlp,2028,6,2024-05-28 19:00:00,2024-05-30 00:00:00,2024-05-30,3.628162384033203
2024-05,temporal_mlp,2028,1,2024-05-28 20:00:00,2024-05-28 20:00:00,2024-05-28,3.368767738342285
2024-05,temporal_mlp,2028,2,2024-05-28 20:00:00,2024-05-28 21:00:00,2024-05-28,3.636381149291992
2024-05,temporal_mlp,2028,3,2024-05-28 20:00:00,2024-05-28 22:00:00,2024-05-28,3.903245210647583
2024-05,temporal_mlp,2028,6,2024-05-28 20:00:00,2024-05-30 01:00:00,2024-05-30,4.504718780517578
2024-05,temporal_mlp,2028,1,2024-05-28 21:00:00,2024-05-28 21:00:00,2024-05-28,3.315323829650879
2024-05,temporal_mlp,2028,2,2024-05-28 21:00:00,2024-05-28 22:00:00,2024-05-28,3.719024181365967
2024-05,temporal_mlp,2028,3,2024-05-28 21:00:00,2024-05-28 23:00:00,2024-05-28,3.5641226768493652
2024-05,temporal_mlp,2028,6,2024-05-28 21:00:00,2024-05-30 02:00:00,2024-05-30,6.044965744018555
2024-05,temporal_mlp,2028,1,2024-05-28 22:00:00,2024-05-28 22:00:00,2024-05-28,4.066556453704834
2024-05,temporal_mlp,2028,2,2024-05-28 22:00:00,2024-05-28 23:00:00,2024-05-28,3.4778800010681152
2024-05,temporal_mlp,2028,3,2024-05-28 22:00:00,2024-05-30 00:00:00,2024-05-30,3.7618987560272217
2024-05,temporal_mlp,2028,6,2024-05-28 22:00:00,2024-05-30 03:00:00,2024-05-30,6.1044602394104
2024-05,temporal_mlp,2028,1,2024-05-28 23:00:00,2024-05-28 23:00:00,2024-05-28,3.465945243835449
2024-05,temporal_mlp,2028,2,2024-05-28 23:00:00,2024-05-30 00:00:00,2024-05-30,3.437627077102661
2024-05,temporal_mlp,2028,3,2024-05-28 23:00:00,2024-05-30 01:00:00,2024-05-30,4.763863563537598
2024-05,temporal_mlp,2028,6,2024-05-28 23:00:00,2024-05-30 04:00:00,2024-05-30,4.8216705322265625
2024-05,temporal_mlp,2028,1,2024-05-30 00:00:00,2024-05-30 00:00:00,2024-05-30,3.7243120670318604
2024-05,temporal_mlp,2028,2,2024-05-30 00:00:00,2024-05-30 01:00:00,2024-05-30,4.71665096282959
2024-05,temporal_mlp,2028,3,2024-05-30 00:00:00,2024-05-30 02:00:00,2024-05-30,6.05877685546875
2024-05,temporal_mlp,2028,6,2024-05-30 00:00:00,2024-05-30 05:00:00,2024-05-30,3.840996503829956
2024-05,temporal_mlp,2028,1,2024-05-30 01:00:00,2024-05-30 01:00:00,2024-05-30,4.836230278015137
2024-05,temporal_mlp,2028,2,2024-05-30 01:00:00,2024-05-30 02:00:00,2024-05-30,5.745565414428711
2024-05,temporal_mlp,2028,3,2024-05-30 01:00:00,2024-05-30 03:00:00,2024-05-30,6.365215301513672
2024-05,temporal_mlp,2028,6,2024-05-30 01:00:00,2024-05-30 06:00:00,2024-05-30,3.492013692855835
2024-05,temporal_mlp,2028,1,2024-05-30 02:00:00,2024-05-30 02:00:00,2024-05-30,5.350629806518555
2024-05,temporal_mlp,2028,2,2024-05-30 02:00:00,2024-05-30 03:00:00,2024-05-30,5.956342697143555
2024-05,temporal_mlp,2028,3,2024-05-30 02:00:00,2024-05-30 04:00:00,2024-05-30,4.641273021697998
2024-05,temporal_mlp,2028,6,2024-05-30 02:00:00,2024-05-30 07:00:00,2024-05-30,3.312570810317993
2024-05,temporal_mlp,2028,1,2024-05-30 03:00:00,2024-05-30 03:00:00,2024-05-30,6.319005966186523
2024-05,temporal_mlp,2028,2,2024-05-30 03:00:00,2024-05-30 04:00:00,2024-05-30,4.24603271484375
2024-05,temporal_mlp,2028,3,2024-05-30 03:00:00,2024-05-30 05:00:00,2024-05-30,3.7521183490753174
2024-05,temporal_mlp,2028,6,2024-05-30 03:00:00,2024-05-30 08:00:00,2024-05-30,4.027026176452637
2024-05,temporal_mlp,2028,1,2024-05-30 04:00:00,2024-05-30 04:00:00,2024-05-30,4.299759864807129
2024-05,temporal_mlp,2028,2,2024-05-30 04:00:00,2024-05-30 05:00:00,2024-05-30,3.6270594596862793
2024-05,temporal_mlp,2028,3,2024-05-30 04:00:00,2024-05-30 06:00:00,2024-05-30,3.2631545066833496
2024-05,temporal_mlp,2028,6,2024-05-30 04:00:00,2024-05-30 09:00:00,2024-05-30,3.4654970169067383
2024-05,temporal_mlp,2028,1,2024-05-30 05:00:00,2024-05-30 05:00:00,2024-05-30,3.533956527709961
2024-05,temporal_mlp,2028,2,2024-05-30 05:00:00,2024-05-30 06:00:00,2024-05-30,3.419642210006714
2024-05,temporal_mlp,2028,3,2024-05-30 05:00:00,2024-05-30 07:00:00,2024-05-30,3.401672840118408
2024-05,temporal_mlp,2028,6,2024-05-30 05:00:00,2024-05-30 10:00:00,2024-05-30,3.1640748977661133
2024-05,temporal_mlp,2028,1,2024-05-30 06:00:00,2024-05-30 06:00:00,2024-05-30,3.7114782333374023
2024-05,temporal_mlp,2028,2,2024-05-30 06:00:00,2024-05-30 07:00:00,2024-05-30,3.0340805053710938
2024-05,temporal_mlp,2028,3,2024-05-30 06:00:00,2024-05-30 08:00:00,2024-05-30,3.835604667663574
2024-05,temporal_mlp,2028,6,2024-05-30 06:00:00,2024-05-30 11:00:00,2024-05-30,2.6873300075531006
2024-05,temporal_mlp,2028,1,2024-05-30 07:00:00,2024-05-30 07:00:00,2024-05-30,3.2144594192504883
2024-05,temporal_mlp,2028,2,2024-05-30 07:00:00,2024-05-30 08:00:00,2024-05-30,3.854778289794922
2024-05,temporal_mlp,2028,3,2024-05-30 07:00:00,2024-05-30 09:00:00,2024-05-30,3.623473644256592
2024-05,temporal_mlp,2028,6,2024-05-30 07:00:00,2024-05-30 12:00:00,2024-05-30,2.6959493160247803
2024-05,temporal_mlp,2028,1,2024-05-30 08:00:00,2024-05-30 08:00:00,2024-05-30,4.019351482391357
2024-05,temporal_mlp,2028,2,2024-05-30 08:00:00,2024-05-30 09:00:00,2024-05-30,3.454793930053711
2024-05,temporal_mlp,2028,3,2024-05-30 08:00:00,2024-05-30 10:00:00,2024-05-30,3.175534248352051
2024-05,temporal_mlp,2028,6,2024-05-30 08:00:00,2024-05-30 13:00:00,2024-05-30,2.4442856311798096
2024-05,temporal_mlp,2028,1,2024-05-30 09:00:00,2024-05-30 09:00:00,2024-05-30,3.2364816665649414
2024-05,temporal_mlp,2028,2,2024-05-30 09:00:00,2024-05-30 10:00:00,2024-05-30,2.9813079833984375
2024-05,temporal_mlp,2028,3,2024-05-30 09:00:00,2024-05-30 11:00:00,2024-05-30,2.6416139602661133
2024-05,temporal_mlp,2028,6,2024-05-30 09:00:00,2024-05-30 14:00:00,2024-05-30,2.775864601135254
2024-05,temporal_mlp,2028,1,2024-05-30 10:00:00,2024-05-30 10:00:00,2024-05-30,3.1919314861297607
2024-05,temporal_mlp,2028,2,2024-05-30 10:00:00,2024-05-30 11:00:00,2024-05-30,2.448105812072754
2024-05,temporal_mlp,2028,3,2024-05-30 10:00:00,2024-05-30 12:00:00,2024-05-30,2.811276912689209
2024-05,temporal_mlp,2028,6,2024-05-30 10:00:00,2024-05-30 15:00:00,2024-05-30,3.150108575820923
2024-05,temporal_mlp,2028,1,2024-05-30 11:00:00,2024-05-30 11:00:00,2024-05-30,2.3148763179779053
2024-05,temporal_mlp,2028,2,2024-05-30 11:00:00,2024-05-30 12:00:00,2024-05-30,2.796494245529175
2024-05,temporal_mlp,2028,3,2024-05-30 11:00:00,2024-05-30 13:00:00,2024-05-30,2.974844455718994
2024-05,temporal_mlp,2028,6,2024-05-30 11:00:00,2024-05-30 16:00:00,2024-05-30,3.142277479171753
2024-05,temporal_mlp,2028,1,2024-05-30 12:00:00,2024-05-30 12:00:00,2024-05-30,2.825200080871582
2024-05,temporal_mlp,2028,2,2024-05-30 12:00:00,2024-05-30 13:00:00,2024-05-30,3.1534805297851562
2024-05,temporal_mlp,2028,3,2024-05-30 12:00:00,2024-05-30 14:00:00,2024-05-30,2.9661083221435547
2024-05,temporal_mlp,2028,6,2024-05-30 12:00:00,2024-05-30 17:00:00,2024-05-30,3.6150975227355957
2024-05,temporal_mlp,2028,1,2024-05-30 13:00:00,2024-05-30 13:00:00,2024-05-30,2.477203130722046
2024-05,temporal_mlp,2028,2,2024-05-30 13:00:00,2024-05-30 14:00:00,2024-05-30,2.5976874828338623
2024-05,temporal_mlp,2028,3,2024-05-30 13:00:00,2024-05-30 15:00:00,2024-05-30,3.175386905670166
2024-05,temporal_mlp,2028,6,2024-05-30 13:00:00,2024-05-30 18:00:00,2024-05-30,5.026512145996094
2024-05,temporal_mlp,2028,1,2024-05-30 14:00:00,2024-05-30 14:00:00,2024-05-30,2.6349940299987793
2024-05,temporal_mlp,2028,2,2024-05-30 14:00:00,2024-05-30 15:00:00,2024-05-30,3.23665189743042
2024-05,temporal_mlp,2028,3,2024-05-30 14:00:00,2024-05-30 16:00:00,2024-05-30,3.063446283340454
2024-05,temporal_mlp,2028,6,2024-05-30 14:00:00,2024-05-30 19:00:00,2024-05-30,3.9787378311157227
2024-05,temporal_mlp,2028,1,2024-05-30 15:00:00,2024-05-30 15:00:00,2024-05-30,3.1446235179901123
2024-05,temporal_mlp,2028,2,2024-05-30 15:00:00,2024-05-30 16:00:00,2024-05-30,2.8454160690307617
2024-05,temporal_mlp,2028,3,2024-05-30 15:00:00,2024-05-30 17:00:00,2024-05-30,3.107720136642456
2024-05,temporal_mlp,2028,6,2024-05-30 15:00:00,2024-05-30 20:00:00,2024-05-30,3.569464921951294
2024-05,temporal_mlp,2028,1,2024-05-30 16:00:00,2024-05-30 16:00:00,2024-05-30,3.0167083740234375
2024-05,temporal_mlp,2028,2,2024-05-30 16:00:00,2024-05-30 17:00:00,2024-05-30,2.7948551177978516
2024-05,temporal_mlp,2028,3,2024-05-30 16:00:00,2024-05-30 18:00:00,2024-05-30,4.343243598937988
2024-05,temporal_mlp,2028,6,2024-05-30 16:00:00,2024-05-30 21:00:00,2024-05-30,3.880772829055786
2024-05,temporal_mlp,2028,1,2024-05-30 17:00:00,2024-05-30 17:00:00,2024-05-30,2.9944357872009277
2024-05,temporal_mlp,2028,2,2024-05-30 17:00:00,2024-05-30 18:00:00,2024-05-30,4.178893566131592
2024-05,temporal_mlp,2028,3,2024-05-30 17:00:00,2024-05-30 19:00:00,2024-05-30,3.0568416118621826
2024-05,temporal_mlp,2028,6,2024-05-30 17:00:00,2024-05-30 22:00:00,2024-05-30,2.9942169189453125
2024-05,temporal_mlp,2028,1,2024-05-30 18:00:00,2024-05-30 18:00:00,2024-05-30,4.067246913909912
2024-05,temporal_mlp,2028,2,2024-05-30 18:00:00,2024-05-30 19:00:00,2024-05-30,3.063685894012451
2024-05,temporal_mlp,2028,3,2024-05-30 18:00:00,2024-05-30 20:00:00,2024-05-30,3.3269100189208984
2024-05,temporal_mlp,2028,6,2024-05-30 18:00:00,2024-05-30 23:00:00,2024-05-30,3.184779167175293
2024-05,temporal_mlp,2028,1,2024-05-30 19:00:00,2024-05-30 19:00:00,2024-05-30,3.465536594390869
2024-05,temporal_mlp,2028,2,2024-05-30 19:00:00,2024-05-30 20:00:00,2024-05-30,3.595644235610962
2024-05,temporal_mlp,2028,3,2024-05-30 19:00:00,2024-05-30 21:00:00,2024-05-30,3.8158717155456543
2024-05,temporal_mlp,2028,6,2024-05-30 19:00:00,2024-05-31 00:00:00,2024-05-31,4.507233619689941
2024-05,temporal_mlp,2028,1,2024-05-30 20:00:00,2024-05-30 20:00:00,2024-05-30,3.1223740577697754
2024-05,temporal_mlp,2028,2,2024-05-30 20:00:00,2024-05-30 21:00:00,2024-05-30,3.8137803077697754
2024-05,temporal_mlp,2028,3,2024-05-30 20:00:00,2024-05-30 22:00:00,2024-05-30,2.545605421066284
2024-05,temporal_mlp,2028,6,2024-05-30 20:00:00,2024-05-31 01:00:00,2024-05-31,3.930083751678467
2024-05,temporal_mlp,2028,1,2024-05-30 21:00:00,2024-05-30 21:00:00,2024-05-30,3.7068567276000977
2024-05,temporal_mlp,2028,2,2024-05-30 21:00:00,2024-05-30 22:00:00,2024-05-30,2.544494152069092
2024-05,temporal_mlp,2028,3,2024-05-30 21:00:00,2024-05-30 23:00:00,2024-05-30,2.7683417797088623
2024-05,temporal_mlp,2028,6,2024-05-30 21:00:00,2024-05-31 02:00:00,2024-05-31,4.99855899810791
2024-05,temporal_mlp,2028,1,2024-05-30 22:00:00,2024-05-30 22:00:00,2024-05-30,2.714340925216675
2024-05,temporal_mlp,2028,2,2024-05-30 22:00:00,2024-05-30 23:00:00,2024-05-30,2.652597427368164
2024-05,temporal_mlp,2028,3,2024-05-30 22:00:00,2024-05-31 00:00:00,2024-05-31,4.077407360076904
2024-05,temporal_mlp,2028,6,2024-05-30 22:00:00,2024-05-31 03:00:00,2024-05-31,4.487717628479004
2024-05,temporal_mlp,2028,1,2024-05-30 23:00:00,2024-05-30 23:00:00,2024-05-30,2.747859001159668
2024-05,temporal_mlp,2028,2,2024-05-30 23:00:00,2024-05-31 00:00:00,2024-05-31,4.267277717590332
2024-05,temporal_mlp,2028,3,2024-05-30 23:00:00,2024-05-31 01:00:00,2024-05-31,3.418863534927368
2024-05,temporal_mlp,2028,6,2024-05-30 23:00:00,2024-05-31 04:00:00,2024-05-31,4.982179641723633
2024-05,temporal_mlp,2028,1,2024-05-31 00:00:00,2024-05-31 00:00:00,2024-05-31,4.274190902709961
2024-05,temporal_mlp,2028,2,2024-05-31 00:00:00,2024-05-31 01:00:00,2024-05-31,3.3016176223754883
2024-05,temporal_mlp,2028,3,2024-05-31 00:00:00,2024-05-31 02:00:00,2024-05-31,4.760114669799805
2024-05,temporal_mlp,2028,6,2024-05-31 00:00:00,2024-05-31 05:00:00,2024-05-31,3.5559682846069336
2024-05,temporal_mlp,2028,1,2024-05-31 01:00:00,2024-05-31 01:00:00,2024-05-31,3.4108338356018066
2024-05,temporal_mlp,2028,2,2024-05-31 01:00:00,2024-05-31 02:00:00,2024-05-31,4.611230850219727
2024-05,temporal_mlp,2028,3,2024-05-31 01:00:00,2024-05-31 03:00:00,2024-05-31,4.620779037475586
2024-05,temporal_mlp,2028,6,2024-05-31 01:00:00,2024-05-31 06:00:00,2024-05-31,3.3773233890533447
2024-05,temporal_mlp,2028,1,2024-05-31 02:00:00,2024-05-31 02:00:00,2024-05-31,4.481235980987549
2024-05,temporal_mlp,2028,2,2024-05-31 02:00:00,2024-05-31 03:00:00,2024-05-31,4.519465446472168
2024-05,temporal_mlp,2028,3,2024-05-31 02:00:00,2024-05-31 04:00:00,2024-05-31,4.661445140838623
2024-05,temporal_mlp,2028,6,2024-05-31 02:00:00,2024-05-31 07:00:00,2024-05-31,3.9169580936431885
2024-05,temporal_mlp,2028,1,2024-05-31 03:00:00,2024-05-31 03:00:00,2024-05-31,4.885993957519531
2024-05,temporal_mlp,2028,2,2024-05-31 03:00:00,2024-05-31 04:00:00,2024-05-31,4.768049240112305
2024-05,temporal_mlp,2028,3,2024-05-31 03:00:00,2024-05-31 05:00:00,2024-05-31,3.557549476623535
2024-05,temporal_mlp,2028,6,2024-05-31 03:00:00,2024-05-31 08:00:00,2024-05-31,5.85767126083374
2024-05,temporal_mlp,2028,1,2024-05-31 04:00:00,2024-05-31 04:00:00,2024-05-31,4.570525169372559
2024-05,temporal_mlp,2028,2,2024-05-31 04:00:00,2024-05-31 05:00:00,2024-05-31,3.5034127235412598
2024-05,temporal_mlp,2028,3,2024-05-31 04:00:00,2024-05-31 06:00:00,2024-05-31,3.2561519145965576
2024-05,temporal_mlp,2028,6,2024-05-31 04:00:00,2024-05-31 09:00:00,2024-05-31,3.370152235031128
2024-05,temporal_mlp,2028,1,2024-05-31 05:00:00,2024-05-31 05:00:00,2024-05-31,3.6581356525421143
2024-05,temporal_mlp,2028,2,2024-05-31 05:00:00,2024-05-31 06:00:00,2024-05-31,3.1390419006347656
2024-05,temporal_mlp,2028,3,2024-05-31 05:00:00,2024-05-31 07:00:00,2024-05-31,3.974374294281006
2024-05,temporal_mlp,2028,6,2024-05-31 05:00:00,2024-05-31 10:00:00,2024-05-31,3.1884591579437256
2024-05,temporal_mlp,2028,1,2024-05-31 06:00:00,2024-05-31 06:00:00,2024-05-31,3.1002492904663086
2024-05,temporal_mlp,2028,2,2024-05-31 06:00:00,2024-05-31 07:00:00,2024-05-31,3.41664457321167
2024-05,temporal_mlp,2028,3,2024-05-31 06:00:00,2024-05-31 08:00:00,2024-05-31,5.443480014801025
2024-05,temporal_mlp,2028,6,2024-05-31 06:00:00,2024-05-31 11:00:00,2024-05-31,2.201906204223633
2024-05,temporal_mlp,2028,1,2024-05-31 07:00:00,2024-05-31 07:00:00,2024-05-31,4.003616809844971
2024-05,temporal_mlp,2028,2,2024-05-31 07:00:00,2024-05-31 08:00:00,2024-05-31,5.273837089538574
2024-05,temporal_mlp,2028,3,2024-05-31 07:00:00,2024-05-31 09:00:00,2024-05-31,3.5345144271850586
2024-05,temporal_mlp,2028,6,2024-05-31 07:00:00,2024-05-31 12:00:00,2024-05-31,2.3582863807678223
2024-05,temporal_mlp,2028,1,2024-05-31 08:00:00,2024-05-31 08:00:00,2024-05-31,5.586595058441162
2024-05,temporal_mlp,2028,2,2024-05-31 08:00:00,2024-05-31 09:00:00,2024-05-31,3.3884572982788086
2024-05,temporal_mlp,2028,3,2024-05-31 08:00:00,2024-05-31 10:00:00,2024-05-31,3.3403372764587402
2024-05,temporal_mlp,2028,6,2024-05-31 08:00:00,2024-05-31 13:00:00,2024-05-31,2.771986484527588
2024-05,temporal_mlp,2028,1,2024-05-31 09:00:00,2024-05-31 09:00:00,2024-05-31,3.3830478191375732
2024-05,temporal_mlp,2028,2,2024-05-31 09:00:00,2024-05-31 10:00:00,2024-05-31,3.258815050125122
2024-05,temporal_mlp,2028,3,2024-05-31 09:00:00,2024-05-31 11:00:00,2024-05-31,2.7799434661865234
2024-05,temporal_mlp,2028,6,2024-05-31 09:00:00,2024-05-31 14:00:00,2024-05-31,2.695539951324463
2024-05,temporal_mlp,2028,1,2024-05-31 10:00:00,2024-05-31 10:00:00,2024-05-31,3.231682777404785
2024-05,temporal_mlp,2028,2,2024-05-31 10:00:00,2024-05-31 11:00:00,2024-05-31,2.5049500465393066
2024-05,temporal_mlp,2028,3,2024-05-31 10:00:00,2024-05-31 12:00:00,2024-05-31,2.3273725509643555
2024-05,temporal_mlp,2028,6,2024-05-31 10:00:00,2024-05-31 15:00:00,2024-05-31,2.5895304679870605
2024-05,temporal_mlp,2028,1,2024-05-31 11:00:00,2024-05-31 11:00:00,2024-05-31,2.2107834815979004
2024-05,temporal_mlp,2028,2,2024-05-31 11:00:00,2024-05-31 12:00:00,2024-05-31,2.5157508850097656
2024-05,temporal_mlp,2028,3,2024-05-31 11:00:00,2024-05-31 13:00:00,2024-05-31,2.6540441513061523
2024-05,temporal_mlp,2028,6,2024-05-31 11:00:00,2024-05-31 16:00:00,2024-05-31,2.6621756553649902
2024-05,temporal_mlp,2028,1,2024-05-31 12:00:00,2024-05-31 12:00:00,2024-05-31,2.383333683013916
2024-05,temporal_mlp,2028,2,2024-05-31 12:00:00,2024-05-31 13:00:00,2024-05-31,2.504077434539795
2024-05,temporal_mlp,2028,3,2024-05-31 12:00:00,2024-05-31 14:00:00,2024-05-31,2.433004379272461
2024-05,temporal_mlp,2028,6,2024-05-31 12:00:00,2024-05-31 17:00:00,2024-05-31,4.17973518371582
2024-05,temporal_mlp,2028,1,2024-05-31 13:00:00,2024-05-31 13:00:00,2024-05-31,2.5418591499328613
2024-05,temporal_mlp,2028,2,2024-05-31 13:00:00,2024-05-31 14:00:00,2024-05-31,2.3677074909210205
2024-05,temporal_mlp,2028,3,2024-05-31 13:00:00,2024-05-31 15:00:00,2024-05-31,2.693451404571533
2024-05,temporal_mlp,2028,6,2024-05-31 13:00:00,2024-05-31 18:00:00,2024-05-31,5.756967544555664
2024-05,temporal_mlp,2028,1,2024-05-31 14:00:00,2024-05-31 14:00:00,2024-05-31,2.5216317176818848
2024-05,temporal_mlp,2028,2,2024-05-31 14:00:00,2024-05-31 15:00:00,2024-05-31,2.5186707973480225
2024-05,temporal_mlp,2028,3,2024-05-31 14:00:00,2024-05-31 16:00:00,2024-05-31,2.890824317932129
2024-05,temporal_mlp,2028,6,2024-05-31 14:00:00,2024-05-31 19:00:00,2024-05-31,4.803487777709961
2024-05,temporal_mlp,2028,1,2024-05-31 15:00:00,2024-05-31 15:00:00,2024-05-31,2.4585962295532227
2024-05,temporal_mlp,2028,2,2024-05-31 15:00:00,2024-05-31 16:00:00,2024-05-31,2.585440158843994
2024-05,temporal_mlp,2028,3,2024-05-31 15:00:00,2024-05-31 17:00:00,2024-05-31,3.783168315887451
2024-05,temporal_mlp,2028,6,2024-05-31 15:00:00,2024-05-31 20:00:00,2024-05-31,5.150465488433838
2024-05,temporal_mlp,2028,1,2024-05-31 16:00:00,2024-05-31 16:00:00,2024-05-31,2.376925468444824
2024-05,temporal_mlp,2028,2,2024-05-31 16:00:00,2024-05-31 17:00:00,2024-05-31,3.477858066558838
2024-05,temporal_mlp,2028,3,2024-05-31 16:00:00,2024-05-31 18:00:00,2024-05-31,5.063922882080078
2024-05,temporal_mlp,2028,6,2024-05-31 16:00:00,2024-05-31 21:00:00,2024-05-31,3.394382953643799
2024-05,temporal_mlp,2028,1,2024-05-31 17:00:00,2024-05-31 17:00:00,2024-05-31,3.411569595336914
2024-05,temporal_mlp,2028,2,2024-05-31 17:00:00,2024-05-31 18:00:00,2024-05-31,4.951419830322266
2024-05,temporal_mlp,2028,3,2024-05-31 17:00:00,2024-05-31 19:00:00,2024-05-31,4.199359893798828
2024-05,temporal_mlp,2028,6,2024-05-31 17:00:00,2024-05-31 22:00:00,2024-05-31,3.5430495738983154
2024-05,dgt_identity_adaptive,2028,1,2024-05-25 15:00:00,2024-05-25 15:00:00,2024-05-25,2.3214192390441895
2024-05,dgt_identity_adaptive,2028,2,2024-05-25 15:00:00,2024-05-25 16:00:00,2024-05-25,2.41837215423584
2024-05,dgt_identity_adaptive,2028,3,2024-05-25 15:00:00,2024-05-25 17:00:00,2024-05-25,2.581881046295166
2024-05,dgt_identity_adaptive,2028,6,2024-05-25 15:00:00,2024-05-25 20:00:00,2024-05-25,3.0381152629852295
2024-05,dgt_identity_adaptive,2028,1,2024-05-25 16:00:00,2024-05-25 16:00:00,2024-05-25,2.5795211791992188
2024-05,dgt_identity_adaptive,2028,2,2024-05-25 16:00:00,2024-05-25 17:00:00,2024-05-25,2.571345806121826
2024-05,dgt_identity_adaptive,2028,3,2024-05-25 16:00:00,2024-05-25 18:00:00,2024-05-25,4.274022102355957
2024-05,dgt_identity_adaptive,2028,6,2024-05-25 16:00:00,2024-05-25 21:00:00,2024-05-25,3.314707040786743
2024-05,dgt_identity_adaptive,2028,1,2024-05-25 17:00:00,2024-05-25 17:00:00,2024-05-25,2.1963696479797363
2024-05,dgt_identity_adaptive,2028,2,2024-05-25 17:00:00,2024-05-25 18:00:00,2024-05-25,4.2651166915893555
2024-05,dgt_identity_adaptive,2028,3,2024-05-25 17:00:00,2024-05-25 19:00:00,2024-05-25,4.27884578704834
2024-05,dgt_identity_adaptive,2028,6,2024-05-25 17:00:00,2024-05-25 22:00:00,2024-05-25,4.094090461730957
2024-05,dgt_identity_adaptive,2028,1,2024-05-25 18:00:00,2024-05-25 18:00:00,2024-05-25,3.911766290664673
2024-05,dgt_identity_adaptive,2028,2,2024-05-25 18:00:00,2024-05-25 19:00:00,2024-05-25,4.279947280883789
2024-05,dgt_identity_adaptive,2028,3,2024-05-25 18:00:00,2024-05-25 20:00:00,2024-05-25,2.954899311065674
2024-05,dgt_identity_adaptive,2028,6,2024-05-25 18:00:00,2024-05-25 23:00:00,2024-05-25,4.291759490966797
2024-05,dgt_identity_adaptive,2028,1,2024-05-25 19:00:00,2024-05-25 19:00:00,2024-05-25,3.941652297973633
2024-05,dgt_identity_adaptive,2028,2,2024-05-25 19:00:00,2024-05-25 20:00:00,2024-05-25,2.7578537464141846
2024-05,dgt_identity_adaptive,2028,3,2024-05-25 19:00:00,2024-05-25 21:00:00,2024-05-25,3.4109559059143066
2024-05,dgt_identity_adaptive,2028,6,2024-05-25 19:00:00,2024-05-26 00:00:00,2024-05-26,5.295038223266602
2024-05,dgt_identity_adaptive,2028,1,2024-05-25 20:00:00,2024-05-25 20:00:00,2024-05-25,2.521803140640259
2024-05,dgt_identity_adaptive,2028,2,2024-05-25 20:00:00,2024-05-25 21:00:00,2024-05-25,3.6335487365722656
2024-05,dgt_identity_adaptive,2028,3,2024-05-25 20:00:00,2024-05-25 22:00:00,2024-05-25,3.6499900817871094
2024-05,dgt_identity_adaptive,2028,6,2024-05-25 20:00:00,2024-05-26 01:00:00,2024-05-26,6.114007472991943
2024-05,dgt_identity_adaptive,2028,1,2024-05-25 21:00:00,2024-05-25 21:00:00,2024-05-25,3.329432249069214
2024-05,dgt_identity_adaptive,2028,2,2024-05-25 21:00:00,2024-05-25 22:00:00,2024-05-25,3.759847640991211
2024-05,dgt_identity_adaptive,2028,3,2024-05-25 21:00:00,2024-05-25 23:00:00,2024-05-25,3.9563722610473633
2024-05,dgt_identity_adaptive,2028,6,2024-05-25 21:00:00,2024-05-26 02:00:00,2024-05-26,5.445178985595703
2024-05,dgt_identity_adaptive,2028,1,2024-05-25 22:00:00,2024-05-25 22:00:00,2024-05-25,3.1296470165252686
2024-05,dgt_identity_adaptive,2028,2,2024-05-25 22:00:00,2024-05-25 23:00:00,2024-05-25,4.1418352127075195
2024-05,dgt_identity_adaptive,2028,3,2024-05-25 22:00:00,2024-05-26 00:00:00,2024-05-26,4.661151885986328
2024-05,dgt_identity_adaptive,2028,6,2024-05-25 22:00:00,2024-05-26 03:00:00,2024-05-26,6.678508758544922
2024-05,dgt_identity_adaptive,2028,1,2024-05-25 23:00:00,2024-05-25 23:00:00,2024-05-25,4.169919013977051
2024-05,dgt_identity_adaptive,2028,2,2024-05-25 23:00:00,2024-05-26 00:00:00,2024-05-26,4.344762802124023
2024-05,dgt_identity_adaptive,2028,3,2024-05-25 23:00:00,2024-05-26 01:00:00,2024-05-26,6.444310188293457
2024-05,dgt_identity_adaptive,2028,6,2024-05-25 23:00:00,2024-05-26 04:00:00,2024-05-26,4.961037635803223
2024-05,dgt_identity_adaptive,2028,1,2024-05-26 00:00:00,2024-05-26 00:00:00,2024-05-26,4.5302019119262695
2024-05,dgt_identity_adaptive,2028,2,2024-05-26 00:00:00,2024-05-26 01:00:00,2024-05-26,6.300606727600098
2024-05,dgt_identity_adaptive,2028,3,2024-05-26 00:00:00,2024-05-26 02:00:00,2024-05-26,5.37351131439209
2024-05,dgt_identity_adaptive,2028,6,2024-05-26 00:00:00,2024-05-26 05:00:00,2024-05-26,5.488384246826172
2024-05,dgt_identity_adaptive,2028,1,2024-05-26 01:00:00,2024-05-26 01:00:00,2024-05-26,6.706117630004883
2024-05,dgt_identity_adaptive,2028,2,2024-05-26 01:00:00,2024-05-26 02:00:00,2024-05-26,5.142126083374023
2024-05,dgt_identity_adaptive,2028,3,2024-05-26 01:00:00,2024-05-26 03:00:00,2024-05-26,6.373781681060791
2024-05,dgt_identity_adaptive,2028,6,2024-05-26 01:00:00,2024-05-26 06:00:00,2024-05-26,4.188429832458496
2024-05,dgt_identity_adaptive,2028,1,2024-05-26 02:00:00,2024-05-26 02:00:00,2024-05-26,5.7722978591918945
2024-05,dgt_identity_adaptive,2028,2,2024-05-26 02:00:00,2024-05-26 03:00:00,2024-05-26,7.086716651916504
2024-05,dgt_identity_adaptive,2028,3,2024-05-26 02:00:00,2024-05-26 04:00:00,2024-05-26,4.981207847595215
2024-05,dgt_identity_adaptive,2028,6,2024-05-26 02:00:00,2024-05-26 07:00:00,2024-05-26,4.062215328216553
2024-05,dgt_identity_adaptive,2028,1,2024-05-26 03:00:00,2024-05-26 03:00:00,2024-05-26,6.688776969909668
2024-05,dgt_identity_adaptive,2028,2,2024-05-26 03:00:00,2024-05-26 04:00:00,2024-05-26,4.892187118530273
2024-05,dgt_identity_adaptive,2028,3,2024-05-26 03:00:00,2024-05-26 05:00:00,2024-05-26,4.9330291748046875
2024-05,dgt_identity_adaptive,2028,6,2024-05-26 03:00:00,2024-05-26 08:00:00,2024-05-26,3.6613142490386963
2024-05,dgt_identity_adaptive,2028,1,2024-05-26 04:00:00,2024-05-26 04:00:00,2024-05-26,4.95132303237915
2024-05,dgt_identity_adaptive,2028,2,2024-05-26 04:00:00,2024-05-26 05:00:00,2024-05-26,5.228419780731201
2024-05,dgt_identity_adaptive,2028,3,2024-05-26 04:00:00,2024-05-26 06:00:00,2024-05-26,4.517152786254883
2024-05,dgt_identity_adaptive,2028,6,2024-05-26 04:00:00,2024-05-26 09:00:00,2024-05-26,4.9070940017700195
2024-05,dgt_identity_adaptive,2028,1,2024-05-26 05:00:00,2024-05-26 05:00:00,2024-05-26,5.154978275299072
2024-05,dgt_identity_adaptive,2028,2,2024-05-26 05:00:00,2024-05-26 06:00:00,2024-05-26,4.212094306945801
2024-05,dgt_identity_adaptive,2028,3,2024-05-26 05:00:00,2024-05-26 07:00:00,2024-05-26,3.910081386566162
2024-05,dgt_identity_adaptive,2028,6,2024-05-26 05:00:00,2024-05-26 10:00:00,2024-05-26,5.107765197753906
2024-05,dgt_identity_adaptive,2028,1,2024-05-26 06:00:00,2024-05-26 06:00:00,2024-05-26,4.39891242980957
2024-05,dgt_identity_adaptive,2028,2,2024-05-26 06:00:00,2024-05-26 07:00:00,2024-05-26,4.045698642730713
2024-05,dgt_identity_adaptive,2028,3,2024-05-26 06:00:00,2024-05-26 08:00:00,2024-05-26,2.91959547996521
2024-05,dgt_identity_adaptive,2028,6,2024-05-26 06:00:00,2024-05-26 11:00:00,2024-05-26,3.9725611209869385
2024-05,dgt_identity_adaptive,2028,1,2024-05-26 07:00:00,2024-05-26 07:00:00,2024-05-26,3.6382884979248047
2024-05,dgt_identity_adaptive,2028,2,2024-05-26 07:00:00,2024-05-26 08:00:00,2024-05-26,2.7799034118652344
2024-05,dgt_identity_adaptive,2028,3,2024-05-26 07:00:00,2024-05-26 09:00:00,2024-05-26,4.28074836730957
2024-05,dgt_identity_adaptive,2028,6,2024-05-26 07:00:00,2024-05-26 12:00:00,2024-05-26,4.402883529663086
2024-05,dgt_identity_adaptive,2028,1,2024-05-26 08:00:00,2024-05-26 08:00:00,2024-05-26,3.0130109786987305
2024-05,dgt_identity_adaptive,2028,2,2024-05-26 08:00:00,2024-05-26 09:00:00,2024-05-26,4.252328872680664
2024-05,dgt_identity_adaptive,2028,3,2024-05-26 08:00:00,2024-05-26 10:00:00,2024-05-26,4.270483016967773
2024-05,dgt_identity_adaptive,2028,6,2024-05-26 08:00:00,2024-05-26 13:00:00,2024-05-26,3.997544050216675
2024-05,dgt_identity_adaptive,2028,1,2024-05-26 09:00:00,2024-05-26 09:00:00,2024-05-26,3.871361017227173
2024-05,dgt_identity_adaptive,2028,2,2024-05-26 09:00:00,2024-05-26 10:00:00,2024-05-26,4.19854211807251
2024-05,dgt_identity_adaptive,2028,3,2024-05-26 09:00:00,2024-05-26 11:00:00,2024-05-26,3.761852502822876
2024-05,dgt_identity_adaptive,2028,6,2024-05-26 09:00:00,2024-05-26 14:00:00,2024-05-26,2.977353811264038
2024-05,dgt_identity_adaptive,2028,1,2024-05-26 10:00:00,2024-05-26 10:00:00,2024-05-26,3.955296277999878
2024-05,dgt_identity_adaptive,2028,2,2024-05-26 10:00:00,2024-05-26 11:00:00,2024-05-26,3.5772368907928467
2024-05,dgt_identity_adaptive,2028,3,2024-05-26 10:00:00,2024-05-26 12:00:00,2024-05-26,4.631284713745117
2024-05,dgt_identity_adaptive,2028,6,2024-05-26 10:00:00,2024-05-26 15:00:00,2024-05-26,4.572573661804199
2024-05,dgt_identity_adaptive,2028,1,2024-05-26 11:00:00,2024-05-26 11:00:00,2024-05-26,3.257814407348633
2024-05,dgt_identity_adaptive,2028,2,2024-05-26 11:00:00,2024-05-26 12:00:00,2024-05-26,3.8386740684509277
2024-05,dgt_identity_adaptive,2028,3,2024-05-26 11:00:00,2024-05-26 13:00:00,2024-05-26,3.599276065826416
2024-05,dgt_identity_adaptive,2028,6,2024-05-26 11:00:00,2024-05-26 16:00:00,2024-05-26,5.206268310546875
2024-05,dgt_identity_adaptive,2028,1,2024-05-26 12:00:00,2024-05-26 12:00:00,2024-05-26,3.63323712348938
2024-05,dgt_identity_adaptive,2028,2,2024-05-26 12:00:00,2024-05-26 13:00:00,2024-05-26,3.649583339691162
2024-05,dgt_identity_adaptive,2028,3,2024-05-26 12:00:00,2024-05-26 14:00:00,2024-05-26,2.650825023651123
2024-05,dgt_identity_adaptive,2028,6,2024-05-26 12:00:00,2024-05-26 17:00:00,2024-05-26,4.604405403137207
2024-05,dgt_identity_adaptive,2028,1,2024-05-26 13:00:00,2024-05-26 13:00:00,2024-05-26,3.620680570602417
2024-05,dgt_identity_adaptive,2028,2,2024-05-26 13:00:00,2024-05-26 14:00:00,2024-05-26,2.823552370071411
2024-05,dgt_identity_adaptive,2028,3,2024-05-26 13:00:00,2024-05-26 15:00:00,2024-05-26,4.244120121002197
2024-05,dgt_identity_adaptive,2028,6,2024-05-26 13:00:00,2024-05-26 18:00:00,2024-05-26,4.290081024169922
2024-05,dgt_identity_adaptive,2028,1,2024-05-26 14:00:00,2024-05-26 14:00:00,2024-05-26,2.6577749252319336
2024-05,dgt_identity_adaptive,2028,2,2024-05-26 14:00:00,2024-05-26 15:00:00,2024-05-26,3.9125771522521973
2024-05,dgt_identity_adaptive,2028,3,2024-05-26 14:00:00,2024-05-26 16:00:00,2024-05-26,4.206960201263428
2024-05,dgt_identity_adaptive,2028,6,2024-05-26 14:00:00,2024-05-26 19:00:00,2024-05-26,4.06696891784668
2024-05,dgt_identity_adaptive,2028,1,2024-05-26 15:00:00,2024-05-26 15:00:00,2024-05-26,3.8829736709594727
2024-05,dgt_identity_adaptive,2028,2,2024-05-26 15:00:00,2024-05-26 16:00:00,2024-05-26,4.29946231842041
2024-05,dgt_identity_adaptive,2028,3,2024-05-26 15:00:00,2024-05-26 17:00:00,2024-05-26,4.016700744628906
2024-05,dgt_identity_adaptive,2028,6,2024-05-26 15:00:00,2024-05-26 20:00:00,2024-05-26,4.02979850769043
2024-05,dgt_identity_adaptive,2028,1,2024-05-26 16:00:00,2024-05-26 16:00:00,2024-05-26,3.3823740482330322
2024-05,dgt_identity_adaptive,2028,2,2024-05-26 16:00:00,2024-05-26 17:00:00,2024-05-26,3.466071605682373
2024-05,dgt_identity_adaptive,2028,3,2024-05-26 16:00:00,2024-05-26 18:00:00,2024-05-26,3.553950309753418
2024-05,dgt_identity_adaptive,2028,6,2024-05-26 16:00:00,2024-05-26 21:00:00,2024-05-26,4.078107833862305
2024-05,dgt_identity_adaptive,2028,1,2024-05-26 17:00:00,2024-05-26 17:00:00,2024-05-26,3.1810812950134277
2024-05,dgt_identity_adaptive,2028,2,2024-05-26 17:00:00,2024-05-26 18:00:00,2024-05-26,3.2607626914978027
2024-05,dgt_identity_adaptive,2028,3,2024-05-26 17:00:00,2024-05-26 19:00:00,2024-05-26,3.9487617015838623
2024-05,dgt_identity_adaptive,2028,6,2024-05-26 17:00:00,2024-05-26 22:00:00,2024-05-26,4.231423377990723
2024-05,dgt_identity_adaptive,2028,1,2024-05-26 18:00:00,2024-05-26 18:00:00,2024-05-26,3.273914337158203
2024-05,dgt_identity_adaptive,2028,2,2024-05-26 18:00:00,2024-05-26 19:00:00,2024-05-26,3.8979711532592773
2024-05,dgt_identity_adaptive,2028,3,2024-05-26 18:00:00,2024-05-26 20:00:00,2024-05-26,3.2152493000030518
2024-05,dgt_identity_adaptive,2028,6,2024-05-26 18:00:00,2024-05-26 23:00:00,2024-05-26,4.4790449142456055
2024-05,dgt_identity_adaptive,2028,1,2024-05-26 19:00:00,2024-05-26 19:00:00,2024-05-26,3.7891292572021484
2024-05,dgt_identity_adaptive,2028,2,2024-05-26 19:00:00,2024-05-26 20:00:00,2024-05-26,3.47916841506958
2024-05,dgt_identity_adaptive,2028,3,2024-05-26 19:00:00,2024-05-26 21:00:00,2024-05-26,4.010658264160156
2024-05,dgt_identity_adaptive,2028,6,2024-05-26 19:00:00,2024-05-28 00:00:00,2024-05-28,5.874875068664551
2024-05,dgt_identity_adaptive,2028,1,2024-05-26 20:00:00,2024-05-26 20:00:00,2024-05-26,3.1343116760253906
2024-05,dgt_identity_adaptive,2028,2,2024-05-26 20:00:00,2024-05-26 21:00:00,2024-05-26,3.790541410446167
2024-05,dgt_identity_adaptive,2028,3,2024-05-26 20:00:00,2024-05-26 22:00:00,2024-05-26,3.6430535316467285
2024-05,dgt_identity_adaptive,2028,6,2024-05-26 20:00:00,2024-05-28 01:00:00,2024-05-28,5.7851409912109375
2024-05,dgt_identity_adaptive,2028,1,2024-05-26 21:00:00,2024-05-26 21:00:00,2024-05-26,3.572786331176758
2024-05,dgt_identity_adaptive,2028,2,2024-05-26 21:00:00,2024-05-26 22:00:00,2024-05-26,3.56033992767334
2024-05,dgt_identity_adaptive,2028,3,2024-05-26 21:00:00,2024-05-26 23:00:00,2024-05-26,3.970536231994629
2024-05,dgt_identity_adaptive,2028,6,2024-05-26 21:00:00,2024-05-28 02:00:00,2024-05-28,5.473388195037842
2024-05,dgt_identity_adaptive,2028,1,2024-05-26 22:00:00,2024-05-26 22:00:00,2024-05-26,3.0403239727020264
2024-05,dgt_identity_adaptive,2028,2,2024-05-26 22:00:00,2024-05-26 23:00:00,2024-05-26,3.84995698928833
2024-05,dgt_identity_adaptive,2028,3,2024-05-26 22:00:00,2024-05-28 00:00:00,2024-05-28,5.116536617279053
2024-05,dgt_identity_adaptive,2028,6,2024-05-26 22:00:00,2024-05-28 03:00:00,2024-05-28,5.388710975646973
2024-05,dgt_identity_adaptive,2028,1,2024-05-26 23:00:00,2024-05-26 23:00:00,2024-05-26,3.996415853500366
2024-05,dgt_identity_adaptive,2028,2,2024-05-26 23:00:00,2024-05-28 00:00:00,2024-05-28,5.4947919845581055
2024-05,dgt_identity_adaptive,2028,3,2024-05-26 23:00:00,2024-05-28 01:00:00,2024-05-28,5.892694473266602
2024-05,dgt_identity_adaptive,2028,6,2024-05-26 23:00:00,2024-05-28 04:00:00,2024-05-28,6.060878276824951
2024-05,dgt_identity_adaptive,2028,1,2024-05-28 00:00:00,2024-05-28 00:00:00,2024-05-28,5.7731804847717285
2024-05,dgt_identity_adaptive,2028,2,2024-05-28 00:00:00,2024-05-28 01:00:00,2024-05-28,6.156242370605469
2024-05,dgt_identity_adaptive,2028,3,2024-05-28 00:00:00,2024-05-28 02:00:00,2024-05-28,5.481349945068359
2024-05,dgt_identity_adaptive,2028,6,2024-05-28 00:00:00,2024-05-28 05:00:00,2024-05-28,5.026863098144531
2024-05,dgt_identity_adaptive,2028,1,2024-05-28 01:00:00,2024-05-28 01:00:00,2024-05-28,5.108635902404785
2024-05,dgt_identity_adaptive,2028,2,2024-05-28 01:00:00,2024-05-28 02:00:00,2024-05-28,4.95268440246582
2024-05,dgt_identity_adaptive,2028,3,2024-05-28 01:00:00,2024-05-28 03:00:00,2024-05-28,5.175226211547852
2024-05,dgt_identity_adaptive,2028,6,2024-05-28 01:00:00,2024-05-28 06:00:00,2024-05-28,3.840829372406006
2024-05,dgt_identity_adaptive,2028,1,2024-05-28 02:00:00,2024-05-28 02:00:00,2024-05-28,4.66511344909668
2024-05,dgt_identity_adaptive,2028,2,2024-05-28 02:00:00,2024-05-28 03:00:00,2024-05-28,5.509336471557617
2024-05,dgt_identity_adaptive,2028,3,2024-05-28 02:00:00,2024-05-28 04:00:00,2024-05-28,5.844120025634766
2024-05,dgt_identity_adaptive,2028,6,2024-05-28 02:00:00,2024-05-28 07:00:00,2024-05-28,5.1618852615356445
2024-05,dgt_identity_adaptive,2028,1,2024-05-28 03:00:00,2024-05-28 03:00:00,2024-05-28,6.699276447296143
2024-05,dgt_identity_adaptive,2028,2,2024-05-28 03:00:00,2024-05-28 04:00:00,2024-05-28,5.753423690795898
2024-05,dgt_identity_adaptive,2028,3,2024-05-28 03:00:00,2024-05-28 05:00:00,2024-05-28,4.807816505432129
2024-05,dgt_identity_adaptive,2028,6,2024-05-28 03:00:00,2024-05-28 08:00:00,2024-05-28,4.179727554321289
2024-05,dgt_identity_adaptive,2028,1,2024-05-28 04:00:00,2024-05-28 04:00:00,2024-05-28,6.3393168449401855
2024-05,dgt_identity_adaptive,2028,2,2024-05-28 04:00:00,2024-05-28 05:00:00,2024-05-28,4.7987213134765625
2024-05,dgt_identity_adaptive,2028,3,2024-05-28 04:00:00,2024-05-28 06:00:00,2024-05-28,3.3968751430511475
2024-05,dgt_identity_adaptive,2028,6,2024-05-28 04:00:00,2024-05-28 09:00:00,2024-05-28,4.3572282791137695
2024-05,dgt_identity_adaptive,2028,1,2024-05-28 05:00:00,2024-05-28 05:00:00,2024-05-28,3.993847370147705
2024-05,dgt_identity_adaptive,2028,2,2024-05-28 05:00:00,2024-05-28 06:00:00,2024-05-28,3.4354381561279297
2024-05,dgt_identity_adaptive,2028,3,2024-05-28 05:00:00,2024-05-28 07:00:00,2024-05-28,5.110899925231934
2024-05,dgt_identity_adaptive,2028,6,2024-05-28 05:00:00,2024-05-28 10:00:00,2024-05-28,4.163792610168457
2024-05,dgt_identity_adaptive,2028,1,2024-05-28 06:00:00,2024-05-28 06:00:00,2024-05-28,4.452295303344727
2024-05,dgt_identity_adaptive,2028,2,2024-05-28 06:00:00,2024-05-28 07:00:00,2024-05-28,5.366451740264893
2024-05,dgt_identity_adaptive,2028,3,2024-05-28 06:00:00,2024-05-28 08:00:00,2024-05-28,4.50472354888916
2024-05,dgt_identity_adaptive,2028,6,2024-05-28 06:00:00,2024-05-28 11:00:00,2024-05-28,3.2607977390289307
2024-05,dgt_identity_adaptive,2028,1,2024-05-28 07:00:00,2024-05-28 07:00:00,2024-05-28,4.768064498901367
2024-05,dgt_identity_adaptive,2028,2,2024-05-28 07:00:00,2024-05-28 08:00:00,2024-05-28,4.924436569213867
2024-05,dgt_identity_adaptive,2028,3,2024-05-28 07:00:00,2024-05-28 09:00:00,2024-05-28,4.487957000732422
2024-05,dgt_identity_adaptive,2028,6,2024-05-28 07:00:00,2024-05-28 12:00:00,2024-05-28,3.0128352642059326
2024-05,dgt_identity_adaptive,2028,1,2024-05-28 08:00:00,2024-05-28 08:00:00,2024-05-28,4.345953941345215
2024-05,dgt_identity_adaptive,2028,2,2024-05-28 08:00:00,2024-05-28 09:00:00,2024-05-28,4.447523593902588
2024-05,dgt_identity_adaptive,2028,3,2024-05-28 08:00:00,2024-05-28 10:00:00,2024-05-28,3.229170799255371
2024-05,dgt_identity_adaptive,2028,6,2024-05-28 08:00:00,2024-05-28 13:00:00,2024-05-28,2.412655830383301
2024-05,dgt_identity_adaptive,2028,1,2024-05-28 09:00:00,2024-05-28 09:00:00,2024-05-28,3.6342029571533203
2024-05,dgt_identity_adaptive,2028,2,2024-05-28 09:00:00,2024-05-28 10:00:00,2024-05-28,3.1588540077209473
2024-05,dgt_identity_adaptive,2028,3,2024-05-28 09:00:00,2024-05-28 11:00:00,2024-05-28,3.2744393348693848
2024-05,dgt_identity_adaptive,2028,6,2024-05-28 09:00:00,2024-05-28 14:00:00,2024-05-28,3.245547294616699
2024-05,dgt_identity_adaptive,2028,1,2024-05-28 10:00:00,2024-05-28 10:00:00,2024-05-28,2.4083056449890137
2024-05,dgt_identity_adaptive,2028,2,2024-05-28 10:00:00,2024-05-28 11:00:00,2024-05-28,3.183107376098633
2024-05,dgt_identity_adaptive,2028,3,2024-05-28 10:00:00,2024-05-28 12:00:00,2024-05-28,3.0969581604003906
2024-05,dgt_identity_adaptive,2028,6,2024-05-28 10:00:00,2024-05-28 15:00:00,2024-05-28,2.227398157119751
2024-05,dgt_identity_adaptive,2028,1,2024-05-28 11:00:00,2024-05-28 11:00:00,2024-05-28,3.2034597396850586
2024-05,dgt_identity_adaptive,2028,2,2024-05-28 11:00:00,2024-05-28 12:00:00,2024-05-28,3.235607624053955
2024-05,dgt_identity_adaptive,2028,3,2024-05-28 11:00:00,2024-05-28 13:00:00,2024-05-28,2.6564102172851562
2024-05,dgt_identity_adaptive,2028,6,2024-05-28 11:00:00,2024-05-28 16:00:00,2024-05-28,3.0372314453125
2024-05,dgt_identity_adaptive,2028,1,2024-05-28 12:00:00,2024-05-28 12:00:00,2024-05-28,2.7702980041503906
2024-05,dgt_identity_adaptive,2028,2,2024-05-28 12:00:00,2024-05-28 13:00:00,2024-05-28,2.502397298812866
2024-05,dgt_identity_adaptive,2028,3,2024-05-28 12:00:00,2024-05-28 14:00:00,2024-05-28,2.8757593631744385
2024-05,dgt_identity_adaptive,2028,6,2024-05-28 12:00:00,2024-05-28 17:00:00,2024-05-28,3.6608896255493164
2024-05,dgt_identity_adaptive,2028,1,2024-05-28 13:00:00,2024-05-28 13:00:00,2024-05-28,2.2736318111419678
2024-05,dgt_identity_adaptive,2028,2,2024-05-28 13:00:00,2024-05-28 14:00:00,2024-05-28,2.5413384437561035
2024-05,dgt_identity_adaptive,2028,3,2024-05-28 13:00:00,2024-05-28 15:00:00,2024-05-28,1.966864824295044
2024-05,dgt_identity_adaptive,2028,6,2024-05-28 13:00:00,2024-05-28 18:00:00,2024-05-28,4.367569446563721
2024-05,dgt_identity_adaptive,2028,1,2024-05-28 14:00:00,2024-05-28 14:00:00,2024-05-28,2.251091480255127
2024-05,dgt_identity_adaptive,2028,2,2024-05-28 14:00:00,2024-05-28 15:00:00,2024-05-28,1.7894408702850342
2024-05,dgt_identity_adaptive,2028,3,2024-05-28 14:00:00,2024-05-28 16:00:00,2024-05-28,3.3690667152404785
2024-05,dgt_identity_adaptive,2028,6,2024-05-28 14:00:00,2024-05-28 19:00:00,2024-05-28,4.03895378112793
2024-05,dgt_identity_adaptive,2028,1,2024-05-28 15:00:00,2024-05-28 15:00:00,2024-05-28,2.293801784515381
2024-05,dgt_identity_adaptive,2028,2,2024-05-28 15:00:00,2024-05-28 16:00:00,2024-05-28,2.9716904163360596
2024-05,dgt_identity_adaptive,2028,3,2024-05-28 15:00:00,2024-05-28 17:00:00,2024-05-28,3.995774745941162
2024-05,dgt_identity_adaptive,2028,6,2024-05-28 15:00:00,2024-05-28 20:00:00,2024-05-28,3.968773126602173
2024-05,dgt_identity_adaptive,2028,1,2024-05-28 16:00:00,2024-05-28 16:00:00,2024-05-28,3.0963616371154785
2024-05,dgt_identity_adaptive,2028,2,2024-05-28 16:00:00,2024-05-28 17:00:00,2024-05-28,3.938382387161255
2024-05,dgt_identity_adaptive,2028,3,2024-05-28 16:00:00,2024-05-28 18:00:00,2024-05-28,5.22097110748291
2024-05,dgt_identity_adaptive,2028,6,2024-05-28 16:00:00,2024-05-28 21:00:00,2024-05-28,3.2299954891204834
2024-05,dgt_identity_adaptive,2028,1,2024-05-28 17:00:00,2024-05-28 17:00:00,2024-05-28,3.4943180084228516
2024-05,dgt_identity_adaptive,2028,2,2024-05-28 17:00:00,2024-05-28 18:00:00,2024-05-28,4.904390811920166
2024-05,dgt_identity_adaptive,2028,3,2024-05-28 17:00:00,2024-05-28 19:00:00,2024-05-28,4.198008060455322
2024-05,dgt_identity_adaptive,2028,6,2024-05-28 17:00:00,2024-05-28 22:00:00,2024-05-28,4.444993495941162
2024-05,dgt_identity_adaptive,2028,1,2024-05-28 18:00:00,2024-05-28 18:00:00,2024-05-28,4.393104553222656
2024-05,dgt_identity_adaptive,2028,2,2024-05-28 18:00:00,2024-05-28 19:00:00,2024-05-28,3.7615764141082764
2024-05,dgt_identity_adaptive,2028,3,2024-05-28 18:00:00,2024-05-28 20:00:00,2024-05-28,3.0884451866149902
2024-05,dgt_identity_adaptive,2028,6,2024-05-28 18:00:00,2024-05-28 23:00:00,2024-05-28,4.291507720947266
2024-05,dgt_identity_adaptive,2028,1,2024-05-28 19:00:00,2024-05-28 19:00:00,2024-05-28,3.3904237747192383
2024-05,dgt_identity_adaptive,2028,2,2024-05-28 19:00:00,2024-05-28 20:00:00,2024-05-28,3.4808170795440674
2024-05,dgt_identity_adaptive,2028,3,2024-05-28 19:00:00,2024-05-28 21:00:00,2024-05-28,3.3359365463256836
2024-05,dgt_identity_adaptive,2028,6,2024-05-28 19:00:00,2024-05-30 00:00:00,2024-05-30,4.298346519470215
2024-05,dgt_identity_adaptive,2028,1,2024-05-28 20:00:00,2024-05-28 20:00:00,2024-05-28,3.7278552055358887
2024-05,dgt_identity_adaptive,2028,2,2024-05-28 20:00:00,2024-05-28 21:00:00,2024-05-28,3.3031601905822754
2024-05,dgt_identity_adaptive,2028,3,2024-05-28 20:00:00,2024-05-28 22:00:00,2024-05-28,4.022893905639648
2024-05,dgt_identity_adaptive,2028,6,2024-05-28 20:00:00,2024-05-30 01:00:00,2024-05-30,4.148809432983398
2024-05,dgt_identity_adaptive,2028,1,2024-05-28 21:00:00,2024-05-28 21:00:00,2024-05-28,2.554847240447998
2024-05,dgt_identity_adaptive,2028,2,2024-05-28 21:00:00,2024-05-28 22:00:00,2024-05-28,3.5666284561157227
2024-05,dgt_identity_adaptive,2028,3,2024-05-28 21:00:00,2024-05-28 23:00:00,2024-05-28,3.5092742443084717
2024-05,dgt_identity_adaptive,2028,6,2024-05-28 21:00:00,2024-05-30 02:00:00,2024-05-30,5.956756591796875
2024-05,dgt_identity_adaptive,2028,1,2024-05-28 22:00:00,2024-05-28 22:00:00,2024-05-28,2.915482997894287
2024-05,dgt_identity_adaptive,2028,2,2024-05-28 22:00:00,2024-05-28 23:00:00,2024-05-28,3.386770725250244
2024-05,dgt_identity_adaptive,2028,3,2024-05-28 22:00:00,2024-05-30 00:00:00,2024-05-30,3.9973461627960205
2024-05,dgt_identity_adaptive,2028,6,2024-05-28 22:00:00,2024-05-30 03:00:00,2024-05-30,6.286201000213623
2024-05,dgt_identity_adaptive,2028,1,2024-05-28 23:00:00,2024-05-28 23:00:00,2024-05-28,3.5825114250183105
2024-05,dgt_identity_adaptive,2028,2,2024-05-28 23:00:00,2024-05-30 00:00:00,2024-05-30,4.010351181030273
2024-05,dgt_identity_adaptive,2028,3,2024-05-28 23:00:00,2024-05-30 01:00:00,2024-05-30,4.231369972229004
2024-05,dgt_identity_adaptive,2028,6,2024-05-28 23:00:00,2024-05-30 04:00:00,2024-05-30,4.370055198669434
2024-05,dgt_identity_adaptive,2028,1,2024-05-30 00:00:00,2024-05-30 00:00:00,2024-05-30,4.576969623565674
2024-05,dgt_identity_adaptive,2028,2,2024-05-30 00:00:00,2024-05-30 01:00:00,2024-05-30,4.756344795227051
2024-05,dgt_identity_adaptive,2028,3,2024-05-30 00:00:00,2024-05-30 02:00:00,2024-05-30,6.046278476715088
2024-05,dgt_identity_adaptive,2028,6,2024-05-30 00:00:00,2024-05-30 05:00:00,2024-05-30,3.6766855716705322
2024-05,dgt_identity_adaptive,2028,1,2024-05-30 01:00:00,2024-05-30 01:00:00,2024-05-30,5.64235258102417
2024-05,dgt_identity_adaptive,2028,2,2024-05-30 01:00:00,2024-05-30 02:00:00,2024-05-30,5.825013637542725
2024-05,dgt_identity_adaptive,2028,3,2024-05-30 01:00:00,2024-05-30 03:00:00,2024-05-30,6.09502649307251
2024-05,dgt_identity_adaptive,2028,6,2024-05-30 01:00:00,2024-05-30 06:00:00,2024-05-30,3.8848483562469482
2024-05,dgt_identity_adaptive,2028,1,2024-05-30 02:00:00,2024-05-30 02:00:00,2024-05-30,5.705674171447754
2024-05,dgt_identity_adaptive,2028,2,2024-05-30 02:00:00,2024-05-30 03:00:00,2024-05-30,6.173201084136963
2024-05,dgt_identity_adaptive,2028,3,2024-05-30 02:00:00,2024-05-30 04:00:00,2024-05-30,4.245474338531494
2024-05,dgt_identity_adaptive,2028,6,2024-05-30 02:00:00,2024-05-30 07:00:00,2024-05-30,3.8295536041259766
2024-05,dgt_identity_adaptive,2028,1,2024-05-30 03:00:00,2024-05-30 03:00:00,2024-05-30,7.0093560218811035
2024-05,dgt_identity_adaptive,2028,2,2024-05-30 03:00:00,2024-05-30 04:00:00,2024-05-30,3.934537410736084
2024-05,dgt_identity_adaptive,2028,3,2024-05-30 03:00:00,2024-05-30 05:00:00,2024-05-30,3.4842026233673096
2024-05,dgt_identity_adaptive,2028,6,2024-05-30 03:00:00,2024-05-30 08:00:00,2024-05-30,3.7852582931518555
2024-05,dgt_identity_adaptive,2028,1,2024-05-30 04:00:00,2024-05-30 04:00:00,2024-05-30,4.061079978942871
2024-05,dgt_identity_adaptive,2028,2,2024-05-30 04:00:00,2024-05-30 05:00:00,2024-05-30,3.5579633712768555
2024-05,dgt_identity_adaptive,2028,3,2024-05-30 04:00:00,2024-05-30 06:00:00,2024-05-30,3.518308401107788
2024-05,dgt_identity_adaptive,2028,6,2024-05-30 04:00:00,2024-05-30 09:00:00,2024-05-30,3.509969711303711
2024-05,dgt_identity_adaptive,2028,1,2024-05-30 05:00:00,2024-05-30 05:00:00,2024-05-30,3.46604585647583
2024-05,dgt_identity_adaptive,2028,2,2024-05-30 05:00:00,2024-05-30 06:00:00,2024-05-30,3.561800718307495
2024-05,dgt_identity_adaptive,2028,3,2024-05-30 05:00:00,2024-05-30 07:00:00,2024-05-30,3.5254745483398438
2024-05,dgt_identity_adaptive,2028,6,2024-05-30 05:00:00,2024-05-30 10:00:00,2024-05-30,3.1279845237731934
2024-05,dgt_identity_adaptive,2028,1,2024-05-30 06:00:00,2024-05-30 06:00:00,2024-05-30,3.947037935256958
2024-05,dgt_identity_adaptive,2028,2,2024-05-30 06:00:00,2024-05-30 07:00:00,2024-05-30,3.3350892066955566
2024-05,dgt_identity_adaptive,2028,3,2024-05-30 06:00:00,2024-05-30 08:00:00,2024-05-30,3.9466919898986816
2024-05,dgt_identity_adaptive,2028,6,2024-05-30 06:00:00,2024-05-30 11:00:00,2024-05-30,2.4625351428985596
2024-05,dgt_identity_adaptive,2028,1,2024-05-30 07:00:00,2024-05-30 07:00:00,2024-05-30,3.482764959335327
2024-05,dgt_identity_adaptive,2028,2,2024-05-30 07:00:00,2024-05-30 08:00:00,2024-05-30,3.901057481765747
2024-05,dgt_identity_adaptive,2028,3,2024-05-30 07:00:00,2024-05-30 09:00:00,2024-05-30,3.3855457305908203
2024-05,dgt_identity_adaptive,2028,6,2024-05-30 07:00:00,2024-05-30 12:00:00,2024-05-30,3.072047233581543
2024-05,dgt_identity_adaptive,2028,1,2024-05-30 08:00:00,2024-05-30 08:00:00,2024-05-30,3.205811023712158
2024-05,dgt_identity_adaptive,2028,2,2024-05-30 08:00:00,2024-05-30 09:00:00,2024-05-30,3.3653316497802734
2024-05,dgt_identity_adaptive,2028,3,2024-05-30 08:00:00,2024-05-30 10:00:00,2024-05-30,3.085538625717163
2024-05,dgt_identity_adaptive,2028,6,2024-05-30 08:00:00,2024-05-30 13:00:00,2024-05-30,2.810332775115967
2024-05,dgt_identity_adaptive,2028,1,2024-05-30 09:00:00,2024-05-30 09:00:00,2024-05-30,2.8800158500671387
2024-05,dgt_identity_adaptive,2028,2,2024-05-30 09:00:00,2024-05-30 10:00:00,2024-05-30,2.9485034942626953
2024-05,dgt_identity_adaptive,2028,3,2024-05-30 09:00:00,2024-05-30 11:00:00,2024-05-30,2.302285671234131
2024-05,dgt_identity_adaptive,2028,6,2024-05-30 09:00:00,2024-05-30 14:00:00,2024-05-30,3.1572377681732178
2024-05,dgt_identity_adaptive,2028,1,2024-05-30 10:00:00,2024-05-30 10:00:00,2024-05-30,2.7787179946899414
2024-05,dgt_identity_adaptive,2028,2,2024-05-30 10:00:00,2024-05-30 11:00:00,2024-05-30,2.110128402709961
2024-05,dgt_identity_adaptive,2028,3,2024-05-30 10:00:00,2024-05-30 12:00:00,2024-05-30,2.7171754837036133
2024-05,dgt_identity_adaptive,2028,6,2024-05-30 10:00:00,2024-05-30 15:00:00,2024-05-30,3.023744821548462
2024-05,dgt_identity_adaptive,2028,1,2024-05-30 11:00:00,2024-05-30 11:00:00,2024-05-30,2.8445191383361816
2024-05,dgt_identity_adaptive,2028,2,2024-05-30 11:00:00,2024-05-30 12:00:00,2024-05-30,2.7131800651550293
2024-05,dgt_identity_adaptive,2028,3,2024-05-30 11:00:00,2024-05-30 13:00:00,2024-05-30,2.589016914367676
2024-05,dgt_identity_adaptive,2028,6,2024-05-30 11:00:00,2024-05-30 16:00:00,2024-05-30,3.0192456245422363
2024-05,dgt_identity_adaptive,2028,1,2024-05-30 12:00:00,2024-05-30 12:00:00,2024-05-30,2.679140329360962
2024-05,dgt_identity_adaptive,2028,2,2024-05-30 12:00:00,2024-05-30 13:00:00,2024-05-30,2.761812210083008
2024-05,dgt_identity_adaptive,2028,3,2024-05-30 12:00:00,2024-05-30 14:00:00,2024-05-30,2.685199022293091
2024-05,dgt_identity_adaptive,2028,6,2024-05-30 12:00:00,2024-05-30 17:00:00,2024-05-30,3.3724911212921143
2024-05,dgt_identity_adaptive,2028,1,2024-05-30 13:00:00,2024-05-30 13:00:00,2024-05-30,2.1497206687927246
2024-05,dgt_identity_adaptive,2028,2,2024-05-30 13:00:00,2024-05-30 14:00:00,2024-05-30,2.5035228729248047
2024-05,dgt_identity_adaptive,2028,3,2024-05-30 13:00:00,2024-05-30 15:00:00,2024-05-30,2.9556407928466797
2024-05,dgt_identity_adaptive,2028,6,2024-05-30 13:00:00,2024-05-30 18:00:00,2024-05-30,4.8722124099731445
2024-05,dgt_identity_adaptive,2028,1,2024-05-30 14:00:00,2024-05-30 14:00:00,2024-05-30,2.719475746154785
2024-05,dgt_identity_adaptive,2028,2,2024-05-30 14:00:00,2024-05-30 15:00:00,2024-05-30,2.8635945320129395
2024-05,dgt_identity_adaptive,2028,3,2024-05-30 14:00:00,2024-05-30 16:00:00,2024-05-30,3.4014129638671875
2024-05,dgt_identity_adaptive,2028,6,2024-05-30 14:00:00,2024-05-30 19:00:00,2024-05-30,3.570007562637329
2024-05,dgt_identity_adaptive,2028,1,2024-05-30 15:00:00,2024-05-30 15:00:00,2024-05-30,3.2332677841186523
2024-05,dgt_identity_adaptive,2028,2,2024-05-30 15:00:00,2024-05-30 16:00:00,2024-05-30,3.4142775535583496
2024-05,dgt_identity_adaptive,2028,3,2024-05-30 15:00:00,2024-05-30 17:00:00,2024-05-30,3.44333553314209
2024-05,dgt_identity_adaptive,2028,6,2024-05-30 15:00:00,2024-05-30 20:00:00,2024-05-30,4.454429626464844
2024-05,dgt_identity_adaptive,2028,1,2024-05-30 16:00:00,2024-05-30 16:00:00,2024-05-30,3.3081870079040527
2024-05,dgt_identity_adaptive,2028,2,2024-05-30 16:00:00,2024-05-30 17:00:00,2024-05-30,3.0876288414001465
2024-05,dgt_identity_adaptive,2028,3,2024-05-30 16:00:00,2024-05-30 18:00:00,2024-05-30,4.873279571533203
2024-05,dgt_identity_adaptive,2028,6,2024-05-30 16:00:00,2024-05-30 21:00:00,2024-05-30,4.334429740905762
2024-05,dgt_identity_adaptive,2028,1,2024-05-30 17:00:00,2024-05-30 17:00:00,2024-05-30,3.080759048461914
2024-05,dgt_identity_adaptive,2028,2,2024-05-30 17:00:00,2024-05-30 18:00:00,2024-05-30,4.455151081085205
2024-05,dgt_identity_adaptive,2028,3,2024-05-30 17:00:00,2024-05-30 19:00:00,2024-05-30,3.351358413696289
2024-05,dgt_identity_adaptive,2028,6,2024-05-30 17:00:00,2024-05-30 22:00:00,2024-05-30,4.262405872344971
2024-05,dgt_identity_adaptive,2028,1,2024-05-30 18:00:00,2024-05-30 18:00:00,2024-05-30,3.7124030590057373
2024-05,dgt_identity_adaptive,2028,2,2024-05-30 18:00:00,2024-05-30 19:00:00,2024-05-30,3.091752529144287
2024-05,dgt_identity_adaptive,2028,3,2024-05-30 18:00:00,2024-05-30 20:00:00,2024-05-30,3.7358293533325195
2024-05,dgt_identity_adaptive,2028,6,2024-05-30 18:00:00,2024-05-30 23:00:00,2024-05-30,3.5745224952697754
2024-05,dgt_identity_adaptive,2028,1,2024-05-30 19:00:00,2024-05-30 19:00:00,2024-05-30,3.5355191230773926
2024-05,dgt_identity_adaptive,2028,2,2024-05-30 19:00:00,2024-05-30 20:00:00,2024-05-30,3.8171803951263428
2024-05,dgt_identity_adaptive,2028,3,2024-05-30 19:00:00,2024-05-30 21:00:00,2024-05-30,4.9461822509765625
2024-05,dgt_identity_adaptive,2028,6,2024-05-30 19:00:00,2024-05-31 00:00:00,2024-05-31,4.756068706512451
2024-05,dgt_identity_adaptive,2028,1,2024-05-30 20:00:00,2024-05-30 20:00:00,2024-05-30,3.646101474761963
2024-05,dgt_identity_adaptive,2028,2,2024-05-30 20:00:00,2024-05-30 21:00:00,2024-05-30,4.690982818603516
2024-05,dgt_identity_adaptive,2028,3,2024-05-30 20:00:00,2024-05-30 22:00:00,2024-05-30,3.1719436645507812
2024-05,dgt_identity_adaptive,2028,6,2024-05-30 20:00:00,2024-05-31 01:00:00,2024-05-31,3.789825201034546
2024-05,dgt_identity_adaptive,2028,1,2024-05-30 21:00:00,2024-05-30 21:00:00,2024-05-30,5.322027206420898
2024-05,dgt_identity_adaptive,2028,2,2024-05-30 21:00:00,2024-05-30 22:00:00,2024-05-30,2.955418586730957
2024-05,dgt_identity_adaptive,2028,3,2024-05-30 21:00:00,2024-05-30 23:00:00,2024-05-30,3.169339179992676
2024-05,dgt_identity_adaptive,2028,6,2024-05-30 21:00:00,2024-05-31 02:00:00,2024-05-31,4.0574188232421875
2024-05,dgt_identity_adaptive,2028,1,2024-05-30 22:00:00,2024-05-30 22:00:00,2024-05-30,3.348742961883545
2024-05,dgt_identity_adaptive,2028,2,2024-05-30 22:00:00,2024-05-30 23:00:00,2024-05-30,2.8819518089294434
2024-05,dgt_identity_adaptive,2028,3,2024-05-30 22:00:00,2024-05-31 00:00:00,2024-05-31,4.382550239562988
2024-05,dgt_identity_adaptive,2028,6,2024-05-30 22:00:00,2024-05-31 03:00:00,2024-05-31,5.395342826843262
2024-05,dgt_identity_adaptive,2028,1,2024-05-30 23:00:00,2024-05-30 23:00:00,2024-05-30,3.158651113510132
2024-05,dgt_identity_adaptive,2028,2,2024-05-30 23:00:00,2024-05-31 00:00:00,2024-05-31,4.175787925720215
2024-05,dgt_identity_adaptive,2028,3,2024-05-30 23:00:00,2024-05-31 01:00:00,2024-05-31,3.7338321208953857
2024-05,dgt_identity_adaptive,2028,6,2024-05-30 23:00:00,2024-05-31 04:00:00,2024-05-31,4.601988315582275
2024-05,dgt_identity_adaptive,2028,1,2024-05-31 00:00:00,2024-05-31 00:00:00,2024-05-31,4.3769145011901855
2024-05,dgt_identity_adaptive,2028,2,2024-05-31 00:00:00,2024-05-31 01:00:00,2024-05-31,3.406416893005371
2024-05,dgt_identity_adaptive,2028,3,2024-05-31 00:00:00,2024-05-31 02:00:00,2024-05-31,4.27731990814209
2024-05,dgt_identity_adaptive,2028,6,2024-05-31 00:00:00,2024-05-31 05:00:00,2024-05-31,3.7981741428375244
2024-05,dgt_identity_adaptive,2028,1,2024-05-31 01:00:00,2024-05-31 01:00:00,2024-05-31,3.7987546920776367
2024-05,dgt_identity_adaptive,2028,2,2024-05-31 01:00:00,2024-05-31 02:00:00,2024-05-31,4.249659061431885
2024-05,dgt_identity_adaptive,2028,3,2024-05-31 01:00:00,2024-05-31 03:00:00,2024-05-31,5.199247360229492
2024-05,dgt_identity_adaptive,2028,6,2024-05-31 01:00:00,2024-05-31 06:00:00,2024-05-31,3.038745403289795
2024-05,dgt_identity_adaptive,2028,1,2024-05-31 02:00:00,2024-05-31 02:00:00,2024-05-31,4.458102226257324
2024-05,dgt_identity_adaptive,2028,2,2024-05-31 02:00:00,2024-05-31 03:00:00,2024-05-31,5.079907417297363
2024-05,dgt_identity_adaptive,2028,3,2024-05-31 02:00:00,2024-05-31 04:00:00,2024-05-31,4.770806312561035
2024-05,dgt_identity_adaptive,2028,6,2024-05-31 02:00:00,2024-05-31 07:00:00,2024-05-31,3.1493964195251465
2024-05,dgt_identity_adaptive,2028,1,2024-05-31 03:00:00,2024-05-31 03:00:00,2024-05-31,5.484579086303711
2024-05,dgt_identity_adaptive,2028,2,2024-05-31 03:00:00,2024-05-31 04:00:00,2024-05-31,4.855609893798828
2024-05,dgt_identity_adaptive,2028,3,2024-05-31 03:00:00,2024-05-31 05:00:00,2024-05-31,3.7140512466430664
2024-05,dgt_identity_adaptive,2028,6,2024-05-31 03:00:00,2024-05-31 08:00:00,2024-05-31,4.517347812652588
2024-05,dgt_identity_adaptive,2028,1,2024-05-31 04:00:00,2024-05-31 04:00:00,2024-05-31,4.861087799072266
2024-05,dgt_identity_adaptive,2028,2,2024-05-31 04:00:00,2024-05-31 05:00:00,2024-05-31,3.6147541999816895
2024-05,dgt_identity_adaptive,2028,3,2024-05-31 04:00:00,2024-05-31 06:00:00,2024-05-31,3.2678654193878174
2024-05,dgt_identity_adaptive,2028,6,2024-05-31 04:00:00,2024-05-31 09:00:00,2024-05-31,3.319135904312134
2024-05,dgt_identity_adaptive,2028,1,2024-05-31 05:00:00,2024-05-31 05:00:00,2024-05-31,3.984147548675537
2024-05,dgt_identity_adaptive,2028,2,2024-05-31 05:00:00,2024-05-31 06:00:00,2024-05-31,3.377401351928711
2024-05,dgt_identity_adaptive,2028,3,2024-05-31 05:00:00,2024-05-31 07:00:00,2024-05-31,3.537722110748291
2024-05,dgt_identity_adaptive,2028,6,2024-05-31 05:00:00,2024-05-31 10:00:00,2024-05-31,3.538003921508789
2024-05,dgt_identity_adaptive,2028,1,2024-05-31 06:00:00,2024-05-31 06:00:00,2024-05-31,3.144263744354248
2024-05,dgt_identity_adaptive,2028,2,2024-05-31 06:00:00,2024-05-31 07:00:00,2024-05-31,3.4005930423736572
2024-05,dgt_identity_adaptive,2028,3,2024-05-31 06:00:00,2024-05-31 08:00:00,2024-05-31,4.505234241485596
2024-05,dgt_identity_adaptive,2028,6,2024-05-31 06:00:00,2024-05-31 11:00:00,2024-05-31,2.253757953643799
2024-05,dgt_identity_adaptive,2028,1,2024-05-31 07:00:00,2024-05-31 07:00:00,2024-05-31,3.063358783721924
2024-05,dgt_identity_adaptive,2028,2,2024-05-31 07:00:00,2024-05-31 08:00:00,2024-05-31,4.981950283050537
2024-05,dgt_identity_adaptive,2028,3,2024-05-31 07:00:00,2024-05-31 09:00:00,2024-05-31,3.1289544105529785
2024-05,dgt_identity_adaptive,2028,6,2024-05-31 07:00:00,2024-05-31 12:00:00,2024-05-31,2.1208910942077637
2024-05,dgt_identity_adaptive,2028,1,2024-05-31 08:00:00,2024-05-31 08:00:00,2024-05-31,4.321821212768555
2024-05,dgt_identity_adaptive,2028,2,2024-05-31 08:00:00,2024-05-31 09:00:00,2024-05-31,3.285024881362915
2024-05,dgt_identity_adaptive,2028,3,2024-05-31 08:00:00,2024-05-31 10:00:00,2024-05-31,3.3175783157348633
2024-05,dgt_identity_adaptive,2028,6,2024-05-31 08:00:00,2024-05-31 13:00:00,2024-05-31,3.224928140640259
2024-05,dgt_identity_adaptive,2028,1,2024-05-31 09:00:00,2024-05-31 09:00:00,2024-05-31,3.4380407333374023
2024-05,dgt_identity_adaptive,2028,2,2024-05-31 09:00:00,2024-05-31 10:00:00,2024-05-31,3.5088634490966797
2024-05,dgt_identity_adaptive,2028,3,2024-05-31 09:00:00,2024-05-31 11:00:00,2024-05-31,2.260805606842041
2024-05,dgt_identity_adaptive,2028,6,2024-05-31 09:00:00,2024-05-31 14:00:00,2024-05-31,3.119255781173706
2024-05,dgt_identity_adaptive,2028,1,2024-05-31 10:00:00,2024-05-31 10:00:00,2024-05-31,3.0037336349487305
2024-05,dgt_identity_adaptive,2028,2,2024-05-31 10:00:00,2024-05-31 11:00:00,2024-05-31,2.1726760864257812
2024-05,dgt_identity_adaptive,2028,3,2024-05-31 10:00:00,2024-05-31 12:00:00,2024-05-31,2.2058706283569336
2024-05,dgt_identity_adaptive,2028,6,2024-05-31 10:00:00,2024-05-31 15:00:00,2024-05-31,2.5162110328674316
2024-05,dgt_identity_adaptive,2028,1,2024-05-31 11:00:00,2024-05-31 11:00:00,2024-05-31,2.648927927017212
2024-05,dgt_identity_adaptive,2028,2,2024-05-31 11:00:00,2024-05-31 12:00:00,2024-05-31,2.4134907722473145
2024-05,dgt_identity_adaptive,2028,3,2024-05-31 11:00:00,2024-05-31 13:00:00,2024-05-31,2.830627918243408
2024-05,dgt_identity_adaptive,2028,6,2024-05-31 11:00:00,2024-05-31 16:00:00,2024-05-31,2.8329803943634033
2024-05,dgt_identity_adaptive,2028,1,2024-05-31 12:00:00,2024-05-31 12:00:00,2024-05-31,2.494718074798584
2024-05,dgt_identity_adaptive,2028,2,2024-05-31 12:00:00,2024-05-31 13:00:00,2024-05-31,2.9789507389068604
2024-05,dgt_identity_adaptive,2028,3,2024-05-31 12:00:00,2024-05-31 14:00:00,2024-05-31,2.500183582305908
2024-05,dgt_identity_adaptive,2028,6,2024-05-31 12:00:00,2024-05-31 17:00:00,2024-05-31,4.36621618270874
2024-05,dgt_identity_adaptive,2028,1,2024-05-31 13:00:00,2024-05-31 13:00:00,2024-05-31,2.5412750244140625
2024-05,dgt_identity_adaptive,2028,2,2024-05-31 13:00:00,2024-05-31 14:00:00,2024-05-31,2.563581943511963
2024-05,dgt_identity_adaptive,2028,3,2024-05-31 13:00:00,2024-05-31 15:00:00,2024-05-31,2.555394172668457
2024-05,dgt_identity_adaptive,2028,6,2024-05-31 13:00:00,2024-05-31 18:00:00,2024-05-31,5.374783515930176
2024-05,dgt_identity_adaptive,2028,1,2024-05-31 14:00:00,2024-05-31 14:00:00,2024-05-31,2.819875717163086
2024-05,dgt_identity_adaptive,2028,2,2024-05-31 14:00:00,2024-05-31 15:00:00,2024-05-31,2.5689244270324707
2024-05,dgt_identity_adaptive,2028,3,2024-05-31 14:00:00,2024-05-31 16:00:00,2024-05-31,3.1067633628845215
2024-05,dgt_identity_adaptive,2028,6,2024-05-31 14:00:00,2024-05-31 19:00:00,2024-05-31,4.57767915725708
2024-05,dgt_identity_adaptive,2028,1,2024-05-31 15:00:00,2024-05-31 15:00:00,2024-05-31,3.030296802520752
2024-05,dgt_identity_adaptive,2028,2,2024-05-31 15:00:00,2024-05-31 16:00:00,2024-05-31,3.1582553386688232
2024-05,dgt_identity_adaptive,2028,3,2024-05-31 15:00:00,2024-05-31 17:00:00,2024-05-31,4.432304382324219
2024-05,dgt_identity_adaptive,2028,6,2024-05-31 15:00:00,2024-05-31 20:00:00,2024-05-31,4.364235877990723
2024-05,dgt_identity_adaptive,2028,1,2024-05-31 16:00:00,2024-05-31 16:00:00,2024-05-31,3.379330635070801
2024-05,dgt_identity_adaptive,2028,2,2024-05-31 16:00:00,2024-05-31 17:00:00,2024-05-31,4.129151344299316
2024-05,dgt_identity_adaptive,2028,3,2024-05-31 16:00:00,2024-05-31 18:00:00,2024-05-31,5.330535888671875
2024-05,dgt_identity_adaptive,2028,6,2024-05-31 16:00:00,2024-05-31 21:00:00,2024-05-31,3.687559127807617
2024-05,dgt_identity_adaptive,2028,1,2024-05-31 17:00:00,2024-05-31 17:00:00,2024-05-31,3.8533644676208496
2024-05,dgt_identity_adaptive,2028,2,2024-05-31 17:00:00,2024-05-31 18:00:00,2024-05-31,5.257582664489746
2024-05,dgt_identity_adaptive,2028,3,2024-05-31 17:00:00,2024-05-31 19:00:00,2024-05-31,4.410172939300537
2024-05,dgt_identity_adaptive,2028,6,2024-05-31 17:00:00,2024-05-31 22:00:00,2024-05-31,4.647563934326172
2024-05,dgt_directed_road_adaptive,2028,1,2024-05-25 15:00:00,2024-05-25 15:00:00,2024-05-25,2.515622615814209
2024-05,dgt_directed_road_adaptive,2028,2,2024-05-25 15:00:00,2024-05-25 16:00:00,2024-05-25,2.5985145568847656
2024-05,dgt_directed_road_adaptive,2028,3,2024-05-25 15:00:00,2024-05-25 17:00:00,2024-05-25,2.946319580078125
2024-05,dgt_directed_road_adaptive,2028,6,2024-05-25 15:00:00,2024-05-25 20:00:00,2024-05-25,3.217271566390991
2024-05,dgt_directed_road_adaptive,2028,1,2024-05-25 16:00:00,2024-05-25 16:00:00,2024-05-25,2.6300315856933594
2024-05,dgt_directed_road_adaptive,2028,2,2024-05-25 16:00:00,2024-05-25 17:00:00,2024-05-25,2.802414655685425
2024-05,dgt_directed_road_adaptive,2028,3,2024-05-25 16:00:00,2024-05-25 18:00:00,2024-05-25,4.141966819763184
2024-05,dgt_directed_road_adaptive,2028,6,2024-05-25 16:00:00,2024-05-25 21:00:00,2024-05-25,3.3341479301452637
2024-05,dgt_directed_road_adaptive,2028,1,2024-05-25 17:00:00,2024-05-25 17:00:00,2024-05-25,2.2393293380737305
2024-05,dgt_directed_road_adaptive,2028,2,2024-05-25 17:00:00,2024-05-25 18:00:00,2024-05-25,4.124359607696533
2024-05,dgt_directed_road_adaptive,2028,3,2024-05-25 17:00:00,2024-05-25 19:00:00,2024-05-25,3.973464250564575
2024-05,dgt_directed_road_adaptive,2028,6,2024-05-25 17:00:00,2024-05-25 22:00:00,2024-05-25,3.809844732284546
2024-05,dgt_directed_road_adaptive,2028,1,2024-05-25 18:00:00,2024-05-25 18:00:00,2024-05-25,3.864079475402832
2024-05,dgt_directed_road_adaptive,2028,2,2024-05-25 18:00:00,2024-05-25 19:00:00,2024-05-25,4.063051700592041
2024-05,dgt_directed_road_adaptive,2028,3,2024-05-25 18:00:00,2024-05-25 20:00:00,2024-05-25,2.9041390419006348
2024-05,dgt_directed_road_adaptive,2028,6,2024-05-25 18:00:00,2024-05-25 23:00:00,2024-05-25,4.224455833435059
2024-05,dgt_directed_road_adaptive,2028,1,2024-05-25 19:00:00,2024-05-25 19:00:00,2024-05-25,3.491830348968506
2024-05,dgt_directed_road_adaptive,2028,2,2024-05-25 19:00:00,2024-05-25 20:00:00,2024-05-25,2.753589630126953
2024-05,dgt_directed_road_adaptive,2028,3,2024-05-25 19:00:00,2024-05-25 21:00:00,2024-05-25,3.4073023796081543
2024-05,dgt_directed_road_adaptive,2028,6,2024-05-25 19:00:00,2024-05-26 00:00:00,2024-05-26,5.162833213806152
2024-05,dgt_directed_road_adaptive,2028,1,2024-05-25 20:00:00,2024-05-25 20:00:00,2024-05-25,2.5204315185546875
2024-05,dgt_directed_road_adaptive,2028,2,2024-05-25 20:00:00,2024-05-25 21:00:00,2024-05-25,3.873790740966797
2024-05,dgt_directed_road_adaptive,2028,3,2024-05-25 20:00:00,2024-05-25 22:00:00,2024-05-25,3.3874363899230957
2024-05,dgt_directed_road_adaptive,2028,6,2024-05-25 20:00:00,2024-05-26 01:00:00,2024-05-26,6.018701553344727
2024-05,dgt_directed_road_adaptive,2028,1,2024-05-25 21:00:00,2024-05-25 21:00:00,2024-05-25,3.526886463165283
2024-05,dgt_directed_road_adaptive,2028,2,2024-05-25 21:00:00,2024-05-25 22:00:00,2024-05-25,3.4915716648101807
2024-05,dgt_directed_road_adaptive,2028,3,2024-05-25 21:00:00,2024-05-25 23:00:00,2024-05-25,3.7276580333709717
2024-05,dgt_directed_road_adaptive,2028,6,2024-05-25 21:00:00,2024-05-26 02:00:00,2024-05-26,5.37042760848999
2024-05,dgt_directed_road_adaptive,2028,1,2024-05-25 22:00:00,2024-05-25 22:00:00,2024-05-25,2.7395942211151123
2024-05,dgt_directed_road_adaptive,2028,2,2024-05-25 22:00:00,2024-05-25 23:00:00,2024-05-25,3.8382811546325684
2024-05,dgt_directed_road_adaptive,2028,3,2024-05-25 22:00:00,2024-05-26 00:00:00,2024-05-26,4.547522068023682
2024-05,dgt_directed_road_adaptive,2028,6,2024-05-25 22:00:00,2024-05-26 03:00:00,2024-05-26,6.982861518859863
2024-05,dgt_directed_road_adaptive,2028,1,2024-05-25 23:00:00,2024-05-25 23:00:00,2024-05-25,3.852163553237915
2024-05,dgt_directed_road_adaptive,2028,2,2024-05-25 23:00:00,2024-05-26 00:00:00,2024-05-26,4.139682769775391
2024-05,dgt_directed_road_adaptive,2028,3,2024-05-25 23:00:00,2024-05-26 01:00:00,2024-05-26,6.451071739196777
2024-05,dgt_directed_road_adaptive,2028,6,2024-05-25 23:00:00,2024-05-26 04:00:00,2024-05-26,5.207610130310059
2024-05,dgt_directed_road_adaptive,2028,1,2024-05-26 00:00:00,2024-05-26 00:00:00,2024-05-26,4.307470798492432
2024-05,dgt_directed_road_adaptive,2028,2,2024-05-26 00:00:00,2024-05-26 01:00:00,2024-05-26,6.305985450744629
2024-05,dgt_directed_road_adaptive,2028,3,2024-05-26 00:00:00,2024-05-26 02:00:00,2024-05-26,5.371655464172363
2024-05,dgt_directed_road_adaptive,2028,6,2024-05-26 00:00:00,2024-05-26 05:00:00,2024-05-26,5.6740922927856445
2024-05,dgt_directed_road_adaptive,2028,1,2024-05-26 01:00:00,2024-05-26 01:00:00,2024-05-26,6.708275318145752
2024-05,dgt_directed_road_adaptive,2028,2,2024-05-26 01:00:00,2024-05-26 02:00:00,2024-05-26,5.2264275550842285
2024-05,dgt_directed_road_adaptive,2028,3,2024-05-26 01:00:00,2024-05-26 03:00:00,2024-05-26,6.629377841949463
2024-05,dgt_directed_road_adaptive,2028,6,2024-05-26 01:00:00,2024-05-26 06:00:00,2024-05-26,3.978245496749878
2024-05,dgt_directed_road_adaptive,2028,1,2024-05-26 02:00:00,2024-05-26 02:00:00,2024-05-26,5.683363914489746
2024-05,dgt_directed_road_adaptive,2028,2,2024-05-26 02:00:00,2024-05-26 03:00:00,2024-05-26,7.310577392578125
2024-05,dgt_directed_road_adaptive,2028,3,2024-05-26 02:00:00,2024-05-26 04:00:00,2024-05-26,5.12753963470459
2024-05,dgt_directed_road_adaptive,2028,6,2024-05-26 02:00:00,2024-05-26 07:00:00,2024-05-26,3.930414915084839
2024-05,dgt_directed_road_adaptive,2028,1,2024-05-26 03:00:00,2024-05-26 03:00:00,2024-05-26,6.8596601486206055
2024-05,dgt_directed_road_adaptive,2028,2,2024-05-26 03:00:00,2024-05-26 04:00:00,2024-05-26,5.071967124938965
2024-05,dgt_directed_road_adaptive,2028,3,2024-05-26 03:00:00,2024-05-26 05:00:00,2024-05-26,5.1088104248046875
2024-05,dgt_directed_road_adaptive,2028,6,2024-05-26 03:00:00,2024-05-26 08:00:00,2024-05-26,3.653961658477783
2024-05,dgt_directed_road_adaptive,2028,1,2024-05-26 04:00:00,2024-05-26 04:00:00,2024-05-26,5.2003045082092285
2024-05,dgt_directed_road_adaptive,2028,2,2024-05-26 04:00:00,2024-05-26 05:00:00,2024-05-26,5.480354309082031
2024-05,dgt_directed_road_adaptive,2028,3,2024-05-26 04:00:00,2024-05-26 06:00:00,2024-05-26,4.275164604187012
2024-05,dgt_directed_road_adaptive,2028,6,2024-05-26 04:00:00,2024-05-26 09:00:00,2024-05-26,5.025185585021973
2024-05,dgt_directed_road_adaptive,2028,1,2024-05-26 05:00:00,2024-05-26 05:00:00,2024-05-26,5.322042465209961
2024-05,dgt_directed_road_adaptive,2028,2,2024-05-26 05:00:00,2024-05-26 06:00:00,2024-05-26,3.813234806060791
2024-05,dgt_directed_road_adaptive,2028,3,2024-05-26 05:00:00,2024-05-26 07:00:00,2024-05-26,3.732088088989258
2024-05,dgt_directed_road_adaptive,2028,6,2024-05-26 05:00:00,2024-05-26 10:00:00,2024-05-26,5.063368797302246
2024-05,dgt_directed_road_adaptive,2028,1,2024-05-26 06:00:00,2024-05-26 06:00:00,2024-05-26,3.959651231765747
2024-05,dgt_directed_road_adaptive,2028,2,2024-05-26 06:00:00,2024-05-26 07:00:00,2024-05-26,3.8934080600738525
2024-05,dgt_directed_road_adaptive,2028,3,2024-05-26 06:00:00,2024-05-26 08:00:00,2024-05-26,3.0149641036987305
2024-05,dgt_directed_road_adaptive,2028,6,2024-05-26 06:00:00,2024-05-26 11:00:00,2024-05-26,3.91727352142334
2024-05,dgt_directed_road_adaptive,2028,1,2024-05-26 07:00:00,2024-05-26 07:00:00,2024-05-26,3.4308862686157227
2024-05,dgt_directed_road_adaptive,2028,2,2024-05-26 07:00:00,2024-05-26 08:00:00,2024-05-26,2.941866636276245
2024-05,dgt_directed_road_adaptive,2028,3,2024-05-26 07:00:00,2024-05-26 09:00:00,2024-05-26,4.277649879455566
2024-05,dgt_directed_road_adaptive,2028,6,2024-05-26 07:00:00,2024-05-26 12:00:00,2024-05-26,4.667242527008057
2024-05,dgt_directed_road_adaptive,2028,1,2024-05-26 08:00:00,2024-05-26 08:00:00,2024-05-26,3.0173139572143555
2024-05,dgt_directed_road_adaptive,2028,2,2024-05-26 08:00:00,2024-05-26 09:00:00,2024-05-26,4.400221824645996
2024-05,dgt_directed_road_adaptive,2028,3,2024-05-26 08:00:00,2024-05-26 10:00:00,2024-05-26,4.377536296844482
2024-05,dgt_directed_road_adaptive,2028,6,2024-05-26 08:00:00,2024-05-26 13:00:00,2024-05-26,4.018534183502197
2024-05,dgt_directed_road_adaptive,2028,1,2024-05-26 09:00:00,2024-05-26 09:00:00,2024-05-26,3.9227328300476074
2024-05,dgt_directed_road_adaptive,2028,2,2024-05-26 09:00:00,2024-05-26 10:00:00,2024-05-26,4.379628658294678
2024-05,dgt_directed_road_adaptive,2028,3,2024-05-26 09:00:00,2024-05-26 11:00:00,2024-05-26,3.699773073196411
2024-05,dgt_directed_road_adaptive,2028,6,2024-05-26 09:00:00,2024-05-26 14:00:00,2024-05-26,3.0197458267211914
2024-05,dgt_directed_road_adaptive,2028,1,2024-05-26 10:00:00,2024-05-26 10:00:00,2024-05-26,3.981194257736206
2024-05,dgt_directed_road_adaptive,2028,2,2024-05-26 10:00:00,2024-05-26 11:00:00,2024-05-26,3.680736780166626
2024-05,dgt_directed_road_adaptive,2028,3,2024-05-26 10:00:00,2024-05-26 12:00:00,2024-05-26,4.093960762023926
2024-05,dgt_directed_road_adaptive,2028,6,2024-05-26 10:00:00,2024-05-26 15:00:00,2024-05-26,4.655616760253906
2024-05,dgt_directed_road_adaptive,2028,1,2024-05-26 11:00:00,2024-05-26 11:00:00,2024-05-26,3.222283363342285
2024-05,dgt_directed_road_adaptive,2028,2,2024-05-26 11:00:00,2024-05-26 12:00:00,2024-05-26,3.6795129776000977
2024-05,dgt_directed_road_adaptive,2028,3,2024-05-26 11:00:00,2024-05-26 13:00:00,2024-05-26,3.7313783168792725
2024-05,dgt_directed_road_adaptive,2028,6,2024-05-26 11:00:00,2024-05-26 16:00:00,2024-05-26,5.202153205871582
2024-05,dgt_directed_road_adaptive,2028,1,2024-05-26 12:00:00,2024-05-26 12:00:00,2024-05-26,3.4593799114227295
2024-05,dgt_directed_road_adaptive,2028,2,2024-05-26 12:00:00,2024-05-26 13:00:00,2024-05-26,3.624192714691162
2024-05,dgt_directed_road_adaptive,2028,3,2024-05-26 12:00:00,2024-05-26 14:00:00,2024-05-26,2.792236089706421
2024-05,dgt_directed_road_adaptive,2028,6,2024-05-26 12:00:00,2024-05-26 17:00:00,2024-05-26,4.55696964263916
2024-05,dgt_directed_road_adaptive,2028,1,2024-05-26 13:00:00,2024-05-26 13:00:00,2024-05-26,3.9207231998443604
2024-05,dgt_directed_road_adaptive,2028,2,2024-05-26 13:00:00,2024-05-26 14:00:00,2024-05-26,2.855384111404419
2024-05,dgt_directed_road_adaptive,2028,3,2024-05-26 13:00:00,2024-05-26 15:00:00,2024-05-26,4.168735504150391
2024-05,dgt_directed_road_adaptive,2028,6,2024-05-26 13:00:00,2024-05-26 18:00:00,2024-05-26,4.130946159362793
2024-05,dgt_directed_road_adaptive,2028,1,2024-05-26 14:00:00,2024-05-26 14:00:00,2024-05-26,2.694728374481201
2024-05,dgt_directed_road_adaptive,2028,2,2024-05-26 14:00:00,2024-05-26 15:00:00,2024-05-26,3.680436134338379
2024-05,dgt_directed_road_adaptive,2028,3,2024-05-26 14:00:00,2024-05-26 16:00:00,2024-05-26,4.408821105957031
2024-05,dgt_directed_road_adaptive,2028,6,2024-05-26 14:00:00,2024-05-26 19:00:00,2024-05-26,4.047635078430176
2024-05,dgt_directed_road_adaptive,2028,1,2024-05-26 15:00:00,2024-05-26 15:00:00,2024-05-26,3.683461904525757
2024-05,dgt_directed_road_adaptive,2028,2,2024-05-26 15:00:00,2024-05-26 16:00:00,2024-05-26,4.3889265060424805
2024-05,dgt_directed_road_adaptive,2028,3,2024-05-26 15:00:00,2024-05-26 17:00:00,2024-05-26,3.8480515480041504
2024-05,dgt_directed_road_adaptive,2028,6,2024-05-26 15:00:00,2024-05-26 20:00:00,2024-05-26,3.911105155944824
2024-05,dgt_directed_road_adaptive,2028,1,2024-05-26 16:00:00,2024-05-26 16:00:00,2024-05-26,3.727694511413574
2024-05,dgt_directed_road_adaptive,2028,2,2024-05-26 16:00:00,2024-05-26 17:00:00,2024-05-26,3.3330931663513184
2024-05,dgt_directed_road_adaptive,2028,3,2024-05-26 16:00:00,2024-05-26 18:00:00,2024-05-26,3.7092809677124023
2024-05,dgt_directed_road_adaptive,2028,6,2024-05-26 16:00:00,2024-05-26 21:00:00,2024-05-26,3.689072370529175
2024-05,dgt_directed_road_adaptive,2028,1,2024-05-26 17:00:00,2024-05-26 17:00:00,2024-05-26,2.870530366897583
2024-05,dgt_directed_road_adaptive,2028,2,2024-05-26 17:00:00,2024-05-26 18:00:00,2024-05-26,3.3110318183898926
2024-05,dgt_directed_road_adaptive,2028,3,2024-05-26 17:00:00,2024-05-26 19:00:00,2024-05-26,3.5855867862701416
2024-05,dgt_directed_road_adaptive,2028,6,2024-05-26 17:00:00,2024-05-26 22:00:00,2024-05-26,4.058361053466797
2024-05,dgt_directed_road_adaptive,2028,1,2024-05-26 18:00:00,2024-05-26 18:00:00,2024-05-26,3.3044967651367188
2024-05,dgt_directed_road_adaptive,2028,2,2024-05-26 18:00:00,2024-05-26 19:00:00,2024-05-26,3.6826558113098145
2024-05,dgt_directed_road_adaptive,2028,3,2024-05-26 18:00:00,2024-05-26 20:00:00,2024-05-26,3.533520221710205
2024-05,dgt_directed_road_adaptive,2028,6,2024-05-26 18:00:00,2024-05-26 23:00:00,2024-05-26,4.52956485748291
2024-05,dgt_directed_road_adaptive,2028,1,2024-05-26 19:00:00,2024-05-26 19:00:00,2024-05-26,3.5876402854919434
2024-05,dgt_directed_road_adaptive,2028,2,2024-05-26 19:00:00,2024-05-26 20:00:00,2024-05-26,3.717036724090576
2024-05,dgt_directed_road_adaptive,2028,3,2024-05-26 19:00:00,2024-05-26 21:00:00,2024-05-26,4.170339584350586
2024-05,dgt_directed_road_adaptive,2028,6,2024-05-26 19:00:00,2024-05-28 00:00:00,2024-05-28,6.462866306304932
2024-05,dgt_directed_road_adaptive,2028,1,2024-05-26 20:00:00,2024-05-26 20:00:00,2024-05-26,3.3973822593688965
2024-05,dgt_directed_road_adaptive,2028,2,2024-05-26 20:00:00,2024-05-26 21:00:00,2024-05-26,4.0415143966674805
2024-05,dgt_directed_road_adaptive,2028,3,2024-05-26 20:00:00,2024-05-26 22:00:00,2024-05-26,3.544471025466919
2024-05,dgt_directed_road_adaptive,2028,6,2024-05-26 20:00:00,2024-05-28 01:00:00,2024-05-28,6.389162063598633
2024-05,dgt_directed_road_adaptive,2028,1,2024-05-26 21:00:00,2024-05-26 21:00:00,2024-05-26,3.9167463779449463
2024-05,dgt_directed_road_adaptive,2028,2,2024-05-26 21:00:00,2024-05-26 22:00:00,2024-05-26,3.567962884902954
2024-05,dgt_directed_road_adaptive,2028,3,2024-05-26 21:00:00,2024-05-26 23:00:00,2024-05-26,3.887347459793091
2024-05,dgt_directed_road_adaptive,2028,6,2024-05-26 21:00:00,2024-05-28 02:00:00,2024-05-28,6.025498390197754
2024-05,dgt_directed_road_adaptive,2028,1,2024-05-26 22:00:00,2024-05-26 22:00:00,2024-05-26,2.9995665550231934
2024-05,dgt_directed_road_adaptive,2028,2,2024-05-26 22:00:00,2024-05-26 23:00:00,2024-05-26,3.7195208072662354
2024-05,dgt_directed_road_adaptive,2028,3,2024-05-26 22:00:00,2024-05-28 00:00:00,2024-05-28,5.433480739593506
2024-05,dgt_directed_road_adaptive,2028,6,2024-05-26 22:00:00,2024-05-28 03:00:00,2024-05-28,5.614796161651611
2024-05,dgt_directed_road_adaptive,2028,1,2024-05-26 23:00:00,2024-05-26 23:00:00,2024-05-26,3.921590805053711
2024-05,dgt_directed_road_adaptive,2028,2,2024-05-26 23:00:00,2024-05-28 00:00:00,2024-05-28,5.897154331207275
2024-05,dgt_directed_road_adaptive,2028,3,2024-05-26 23:00:00,2024-05-28 01:00:00,2024-05-28,6.020735740661621
2024-05,dgt_directed_road_adaptive,2028,6,2024-05-26 23:00:00,2024-05-28 04:00:00,2024-05-28,6.323677062988281
2024-05,dgt_directed_road_adaptive,2028,1,2024-05-28 00:00:00,2024-05-28 00:00:00,2024-05-28,6.1085357666015625
2024-05,dgt_directed_road_adaptive,2028,2,2024-05-28 00:00:00,2024-05-28 01:00:00,2024-05-28,6.645591735839844
2024-05,dgt_directed_road_adaptive,2028,3,2024-05-28 00:00:00,2024-05-28 02:00:00,2024-05-28,5.770671367645264
2024-05,dgt_directed_road_adaptive,2028,6,2024-05-28 00:00:00,2024-05-28 05:00:00,2024-05-28,5.296468257904053
2024-05,dgt_directed_road_adaptive,2028,1,2024-05-28 01:00:00,2024-05-28 01:00:00,2024-05-28,5.099793434143066
2024-05,dgt_directed_road_adaptive,2028,2,2024-05-28 01:00:00,2024-05-28 02:00:00,2024-05-28,5.308990478515625
2024-05,dgt_directed_road_adaptive,2028,3,2024-05-28 01:00:00,2024-05-28 03:00:00,2024-05-28,5.318511009216309
2024-05,dgt_directed_road_adaptive,2028,6,2024-05-28 01:00:00,2024-05-28 06:00:00,2024-05-28,3.9102139472961426
2024-05,dgt_directed_road_adaptive,2028,1,2024-05-28 02:00:00,2024-05-28 02:00:00,2024-05-28,4.466751575469971
2024-05,dgt_directed_road_adaptive,2028,2,2024-05-28 02:00:00,2024-05-28 03:00:00,2024-05-28,5.6184234619140625
2024-05,dgt_directed_road_adaptive,2028,3,2024-05-28 02:00:00,2024-05-28 04:00:00,2024-05-28,6.068612098693848
2024-05,dgt_directed_road_adaptive,2028,6,2024-05-28 02:00:00,2024-05-28 07:00:00,2024-05-28,5.557809829711914
2024-05,dgt_directed_road_adaptive,2028,1,2024-05-28 03:00:00,2024-05-28 03:00:00,2024-05-28,6.361601829528809
2024-05,dgt_directed_road_adaptive,2028,2,2024-05-28 03:00:00,2024-05-28 04:00:00,2024-05-28,5.853660583496094
2024-05,dgt_directed_road_adaptive,2028,3,2024-05-28 03:00:00,2024-05-28 05:00:00,2024-05-28,5.274204254150391
2024-05,dgt_directed_road_adaptive,2028,6,2024-05-28 03:00:00,2024-05-28 08:00:00,2024-05-28,4.777456283569336
2024-05,dgt_directed_road_adaptive,2028,1,2024-05-28 04:00:00,2024-05-28 04:00:00,2024-05-28,6.117425918579102
2024-05,dgt_directed_road_adaptive,2028,2,2024-05-28 04:00:00,2024-05-28 05:00:00,2024-05-28,5.338237762451172
2024-05,dgt_directed_road_adaptive,2028,3,2024-05-28 04:00:00,2024-05-28 06:00:00,2024-05-28,3.432300567626953
2024-05,dgt_directed_road_adaptive,2028,6,2024-05-28 04:00:00,2024-05-28 09:00:00,2024-05-28,4.6212239265441895
2024-05,dgt_directed_road_adaptive,2028,1,2024-05-28 05:00:00,2024-05-28 05:00:00,2024-05-28,4.296230316162109
2024-05,dgt_directed_road_adaptive,2028,2,2024-05-28 05:00:00,2024-05-28 06:00:00,2024-05-28,3.4897749423980713
2024-05,dgt_directed_road_adaptive,2028,3,2024-05-28 05:00:00,2024-05-28 07:00:00,2024-05-28,5.292259693145752
2024-05,dgt_directed_road_adaptive,2028,6,2024-05-28 05:00:00,2024-05-28 10:00:00,2024-05-28,4.387178421020508
2024-05,dgt_directed_road_adaptive,2028,1,2024-05-28 06:00:00,2024-05-28 06:00:00,2024-05-28,3.8811283111572266
2024-05,dgt_directed_road_adaptive,2028,2,2024-05-28 06:00:00,2024-05-28 07:00:00,2024-05-28,5.288517475128174
2024-05,dgt_directed_road_adaptive,2028,3,2024-05-28 06:00:00,2024-05-28 08:00:00,2024-05-28,4.8902692794799805
2024-05,dgt_directed_road_adaptive,2028,6,2024-05-28 06:00:00,2024-05-28 11:00:00,2024-05-28,3.250380754470825
2024-05,dgt_directed_road_adaptive,2028,1,2024-05-28 07:00:00,2024-05-28 07:00:00,2024-05-28,4.490764617919922
2024-05,dgt_directed_road_adaptive,2028,2,2024-05-28 07:00:00,2024-05-28 08:00:00,2024-05-28,4.847945690155029
2024-05,dgt_directed_road_adaptive,2028,3,2024-05-28 07:00:00,2024-05-28 09:00:00,2024-05-28,4.572049617767334
2024-05,dgt_directed_road_adaptive,2028,6,2024-05-28 07:00:00,2024-05-28 12:00:00,2024-05-28,3.048217296600342
2024-05,dgt_directed_road_adaptive,2028,1,2024-05-28 08:00:00,2024-05-28 08:00:00,2024-05-28,4.266779899597168
2024-05,dgt_directed_road_adaptive,2028,2,2024-05-28 08:00:00,2024-05-28 09:00:00,2024-05-28,4.167817115783691
2024-05,dgt_directed_road_adaptive,2028,3,2024-05-28 08:00:00,2024-05-28 10:00:00,2024-05-28,3.359023332595825
2024-05,dgt_directed_road_adaptive,2028,6,2024-05-28 08:00:00,2024-05-28 13:00:00,2024-05-28,2.471147060394287
2024-05,dgt_directed_road_adaptive,2028,1,2024-05-28 09:00:00,2024-05-28 09:00:00,2024-05-28,3.150803565979004
2024-05,dgt_directed_road_adaptive,2028,2,2024-05-28 09:00:00,2024-05-28 10:00:00,2024-05-28,3.2188668251037598
2024-05,dgt_directed_road_adaptive,2028,3,2024-05-28 09:00:00,2024-05-28 11:00:00,2024-05-28,3.1011013984680176
2024-05,dgt_directed_road_adaptive,2028,6,2024-05-28 09:00:00,2024-05-28 14:00:00,2024-05-28,3.152902841567993
2024-05,dgt_directed_road_adaptive,2028,1,2024-05-28 10:00:00,2024-05-28 10:00:00,2024-05-28,2.7769155502319336
2024-05,dgt_directed_road_adaptive,2028,2,2024-05-28 10:00:00,2024-05-28 11:00:00,2024-05-28,3.0675435066223145
2024-05,dgt_directed_road_adaptive,2028,3,2024-05-28 10:00:00,2024-05-28 12:00:00,2024-05-28,3.238295316696167
2024-05,dgt_directed_road_adaptive,2028,6,2024-05-28 10:00:00,2024-05-28 15:00:00,2024-05-28,2.0716233253479004
2024-05,dgt_directed_road_adaptive,2028,1,2024-05-28 11:00:00,2024-05-28 11:00:00,2024-05-28,3.1796700954437256
2024-05,dgt_directed_road_adaptive,2028,2,2024-05-28 11:00:00,2024-05-28 12:00:00,2024-05-28,3.1915955543518066
2024-05,dgt_directed_road_adaptive,2028,3,2024-05-28 11:00:00,2024-05-28 13:00:00,2024-05-28,2.9741101264953613
2024-05,dgt_directed_road_adaptive,2028,6,2024-05-28 11:00:00,2024-05-28 16:00:00,2024-05-28,2.9160070419311523
2024-05,dgt_directed_road_adaptive,2028,1,2024-05-28 12:00:00,2024-05-28 12:00:00,2024-05-28,3.047710418701172
2024-05,dgt_directed_road_adaptive,2028,2,2024-05-28 12:00:00,2024-05-28 13:00:00,2024-05-28,2.508305549621582
2024-05,dgt_directed_road_adaptive,2028,3,2024-05-28 12:00:00,2024-05-28 14:00:00,2024-05-28,3.3613393306732178
2024-05,dgt_directed_road_adaptive,2028,6,2024-05-28 12:00:00,2024-05-28 17:00:00,2024-05-28,3.5489182472229004
2024-05,dgt_directed_road_adaptive,2028,1,2024-05-28 13:00:00,2024-05-28 13:00:00,2024-05-28,2.4314427375793457
2024-05,dgt_directed_road_adaptive,2028,2,2024-05-28 13:00:00,2024-05-28 14:00:00,2024-05-28,2.746159315109253
2024-05,dgt_directed_road_adaptive,2028,3,2024-05-28 13:00:00,2024-05-28 15:00:00,2024-05-28,2.0715951919555664
2024-05,dgt_directed_road_adaptive,2028,6,2024-05-28 13:00:00,2024-05-28 18:00:00,2024-05-28,4.544768333435059
2024-05,dgt_directed_road_adaptive,2028,1,2024-05-28 14:00:00,2024-05-28 14:00:00,2024-05-28,2.8643264770507812
2024-05,dgt_directed_road_adaptive,2028,2,2024-05-28 14:00:00,2024-05-28 15:00:00,2024-05-28,1.9329993724822998
2024-05,dgt_directed_road_adaptive,2028,3,2024-05-28 14:00:00,2024-05-28 16:00:00,2024-05-28,3.217426061630249
2024-05,dgt_directed_road_adaptive,2028,6,2024-05-28 14:00:00,2024-05-28 19:00:00,2024-05-28,3.975961923599243
2024-05,dgt_directed_road_adaptive,2028,1,2024-05-28 15:00:00,2024-05-28 15:00:00,2024-05-28,2.2736194133758545
2024-05,dgt_directed_road_adaptive,2028,2,2024-05-28 15:00:00,2024-05-28 16:00:00,2024-05-28,2.957332134246826
2024-05,dgt_directed_road_adaptive,2028,3,2024-05-28 15:00:00,2024-05-28 17:00:00,2024-05-28,3.944018840789795
2024-05,dgt_directed_road_adaptive,2028,6,2024-05-28 15:00:00,2024-05-28 20:00:00,2024-05-28,4.18558406829834
2024-05,dgt_directed_road_adaptive,2028,1,2024-05-28 16:00:00,2024-05-28 16:00:00,2024-05-28,3.085659980773926
2024-05,dgt_directed_road_adaptive,2028,2,2024-05-28 16:00:00,2024-05-28 17:00:00,2024-05-28,3.998133420944214
2024-05,dgt_directed_road_adaptive,2028,3,2024-05-28 16:00:00,2024-05-28 18:00:00,2024-05-28,4.89122200012207
2024-05,dgt_directed_road_adaptive,2028,6,2024-05-28 16:00:00,2024-05-28 21:00:00,2024-05-28,3.291581153869629
2024-05,dgt_directed_road_adaptive,2028,1,2024-05-28 17:00:00,2024-05-28 17:00:00,2024-05-28,3.416779041290283
2024-05,dgt_directed_road_adaptive,2028,2,2024-05-28 17:00:00,2024-05-28 18:00:00,2024-05-28,4.742074966430664
2024-05,dgt_directed_road_adaptive,2028,3,2024-05-28 17:00:00,2024-05-28 19:00:00,2024-05-28,4.115024089813232
2024-05,dgt_directed_road_adaptive,2028,6,2024-05-28 17:00:00,2024-05-28 22:00:00,2024-05-28,4.487360000610352
2024-05,dgt_directed_road_adaptive,2028,1,2024-05-28 18:00:00,2024-05-28 18:00:00,2024-05-28,4.083574295043945
2024-05,dgt_directed_road_adaptive,2028,2,2024-05-28 18:00:00,2024-05-28 19:00:00,2024-05-28,3.694232702255249
2024-05,dgt_directed_road_adaptive,2028,3,2024-05-28 18:00:00,2024-05-28 20:00:00,2024-05-28,3.0385501384735107
2024-05,dgt_directed_road_adaptive,2028,6,2024-05-28 18:00:00,2024-05-28 23:00:00,2024-05-28,4.445951461791992
2024-05,dgt_directed_road_adaptive,2028,1,2024-05-28 19:00:00,2024-05-28 19:00:00,2024-05-28,3.1647472381591797
2024-05,dgt_directed_road_adaptive,2028,2,2024-05-28 19:00:00,2024-05-28 20:00:00,2024-05-28,3.4357247352600098
2024-05,dgt_directed_road_adaptive,2028,3,2024-05-28 19:00:00,2024-05-28 21:00:00,2024-05-28,3.4008195400238037
2024-05,dgt_directed_road_adaptive,2028,6,2024-05-28 19:00:00,2024-05-30 00:00:00,2024-05-30,4.584214687347412
2024-05,dgt_directed_road_adaptive,2028,1,2024-05-28 20:00:00,2024-05-28 20:00:00,2024-05-28,3.493807792663574
2024-05,dgt_directed_road_adaptive,2028,2,2024-05-28 20:00:00,2024-05-28 21:00:00,2024-05-28,3.336559295654297
2024-05,dgt_directed_road_adaptive,2028,3,2024-05-28 20:00:00,2024-05-28 22:00:00,2024-05-28,3.849653720855713
2024-05,dgt_directed_road_adaptive,2028,6,2024-05-28 20:00:00,2024-05-30 01:00:00,2024-05-30,4.444003105163574
2024-05,dgt_directed_road_adaptive,2028,1,2024-05-28 21:00:00,2024-05-28 21:00:00,2024-05-28,2.5378079414367676
2024-05,dgt_directed_road_adaptive,2028,2,2024-05-28 21:00:00,2024-05-28 22:00:00,2024-05-28,3.5574207305908203
2024-05,dgt_directed_road_adaptive,2028,3,2024-05-28 21:00:00,2024-05-28 23:00:00,2024-05-28,3.610773801803589
2024-05,dgt_directed_road_adaptive,2028,6,2024-05-28 21:00:00,2024-05-30 02:00:00,2024-05-30,6.039440155029297
2024-05,dgt_directed_road_adaptive,2028,1,2024-05-28 22:00:00,2024-05-28 22:00:00,2024-05-28,2.8267009258270264
2024-05,dgt_directed_road_adaptive,2028,2,2024-05-28 22:00:00,2024-05-28 23:00:00,2024-05-28,3.4324355125427246
2024-05,dgt_directed_road_adaptive,2028,3,2024-05-28 22:00:00,2024-05-30 00:00:00,2024-05-30,4.131470680236816
2024-05,dgt_directed_road_adaptive,2028,6,2024-05-28 22:00:00,2024-05-30 03:00:00,2024-05-30,6.394505023956299
2024-05,dgt_directed_road_adaptive,2028,1,2024-05-28 23:00:00,2024-05-28 23:00:00,2024-05-28,3.5347111225128174
2024-05,dgt_directed_road_adaptive,2028,2,2024-05-28 23:00:00,2024-05-30 00:00:00,2024-05-30,3.8895788192749023
2024-05,dgt_directed_road_adaptive,2028,3,2024-05-28 23:00:00,2024-05-30 01:00:00,2024-05-30,4.411149978637695
2024-05,dgt_directed_road_adaptive,2028,6,2024-05-28 23:00:00,2024-05-30 04:00:00,2024-05-30,4.354286193847656
2024-05,dgt_directed_road_adaptive,2028,1,2024-05-30 00:00:00,2024-05-30 00:00:00,2024-05-30,4.353719711303711
2024-05,dgt_directed_road_adaptive,2028,2,2024-05-30 00:00:00,2024-05-30 01:00:00,2024-05-30,4.549290657043457
2024-05,dgt_directed_road_adaptive,2028,3,2024-05-30 00:00:00,2024-05-30 02:00:00,2024-05-30,6.066018581390381
2024-05,dgt_directed_road_adaptive,2028,6,2024-05-30 00:00:00,2024-05-30 05:00:00,2024-05-30,3.883859634399414
2024-05,dgt_directed_road_adaptive,2028,1,2024-05-30 01:00:00,2024-05-30 01:00:00,2024-05-30,5.672968864440918
2024-05,dgt_directed_road_adaptive,2028,2,2024-05-30 01:00:00,2024-05-30 02:00:00,2024-05-30,5.713705539703369
2024-05,dgt_directed_road_adaptive,2028,3,2024-05-30 01:00:00,2024-05-30 03:00:00,2024-05-30,6.193903923034668
2024-05,dgt_directed_road_adaptive,2028,6,2024-05-30 01:00:00,2024-05-30 06:00:00,2024-05-30,3.45800518989563
2024-05,dgt_directed_road_adaptive,2028,1,2024-05-30 02:00:00,2024-05-30 02:00:00,2024-05-30,5.613971710205078
2024-05,dgt_directed_road_adaptive,2028,2,2024-05-30 02:00:00,2024-05-30 03:00:00,2024-05-30,6.195797920227051
2024-05,dgt_directed_road_adaptive,2028,3,2024-05-30 02:00:00,2024-05-30 04:00:00,2024-05-30,4.234485626220703
2024-05,dgt_directed_road_adaptive,2028,6,2024-05-30 02:00:00,2024-05-30 07:00:00,2024-05-30,4.029292106628418
2024-05,dgt_directed_road_adaptive,2028,1,2024-05-30 03:00:00,2024-05-30 03:00:00,2024-05-30,7.092141151428223
2024-05,dgt_directed_road_adaptive,2028,2,2024-05-30 03:00:00,2024-05-30 04:00:00,2024-05-30,4.194022178649902
2024-05,dgt_directed_road_adaptive,2028,3,2024-05-30 03:00:00,2024-05-30 05:00:00,2024-05-30,3.5614848136901855
2024-05,dgt_directed_road_adaptive,2028,6,2024-05-30 03:00:00,2024-05-30 08:00:00,2024-05-30,4.186554431915283
2024-05,dgt_directed_road_adaptive,2028,1,2024-05-30 04:00:00,2024-05-30 04:00:00,2024-05-30,4.077256202697754
2024-05,dgt_directed_road_adaptive,2028,2,2024-05-30 04:00:00,2024-05-30 05:00:00,2024-05-30,3.8347039222717285
2024-05,dgt_directed_road_adaptive,2028,3,2024-05-30 04:00:00,2024-05-30 06:00:00,2024-05-30,3.51023006439209
2024-05,dgt_directed_road_adaptive,2028,6,2024-05-30 04:00:00,2024-05-30 09:00:00,2024-05-30,3.755112648010254
2024-05,dgt_directed_road_adaptive,2028,1,2024-05-30 05:00:00,2024-05-30 05:00:00,2024-05-30,3.825078010559082
2024-05,dgt_directed_road_adaptive,2028,2,2024-05-30 05:00:00,2024-05-30 06:00:00,2024-05-30,3.7107033729553223
2024-05,dgt_directed_road_adaptive,2028,3,2024-05-30 05:00:00,2024-05-30 07:00:00,2024-05-30,3.4277048110961914
2024-05,dgt_directed_road_adaptive,2028,6,2024-05-30 05:00:00,2024-05-30 10:00:00,2024-05-30,3.6102094650268555
2024-05,dgt_directed_road_adaptive,2028,1,2024-05-30 06:00:00,2024-05-30 06:00:00,2024-05-30,4.205924034118652
2024-05,dgt_directed_road_adaptive,2028,2,2024-05-30 06:00:00,2024-05-30 07:00:00,2024-05-30,3.472308397293091
2024-05,dgt_directed_road_adaptive,2028,3,2024-05-30 06:00:00,2024-05-30 08:00:00,2024-05-30,3.7168447971343994
2024-05,dgt_directed_road_adaptive,2028,6,2024-05-30 06:00:00,2024-05-30 11:00:00,2024-05-30,2.6960816383361816
2024-05,dgt_directed_road_adaptive,2028,1,2024-05-30 07:00:00,2024-05-30 07:00:00,2024-05-30,3.611968755722046
2024-05,dgt_directed_road_adaptive,2028,2,2024-05-30 07:00:00,2024-05-30 08:00:00,2024-05-30,3.8248298168182373
2024-05,dgt_directed_road_adaptive,2028,3,2024-05-30 07:00:00,2024-05-30 09:00:00,2024-05-30,3.178171157836914
2024-05,dgt_directed_road_adaptive,2028,6,2024-05-30 07:00:00,2024-05-30 12:00:00,2024-05-30,2.9026098251342773
2024-05,dgt_directed_road_adaptive,2028,1,2024-05-30 08:00:00,2024-05-30 08:00:00,2024-05-30,3.0400381088256836
2024-05,dgt_directed_road_adaptive,2028,2,2024-05-30 08:00:00,2024-05-30 09:00:00,2024-05-30,3.2340335845947266
2024-05,dgt_directed_road_adaptive,2028,3,2024-05-30 08:00:00,2024-05-30 10:00:00,2024-05-30,3.1805691719055176
2024-05,dgt_directed_road_adaptive,2028,6,2024-05-30 08:00:00,2024-05-30 13:00:00,2024-05-30,2.566718339920044
2024-05,dgt_directed_road_adaptive,2028,1,2024-05-30 09:00:00,2024-05-30 09:00:00,2024-05-30,2.8561959266662598
2024-05,dgt_directed_road_adaptive,2028,2,2024-05-30 09:00:00,2024-05-30 10:00:00,2024-05-30,3.097689628601074
2024-05,dgt_directed_road_adaptive,2028,3,2024-05-30 09:00:00,2024-05-30 11:00:00,2024-05-30,2.708014488220215
2024-05,dgt_directed_road_adaptive,2028,6,2024-05-30 09:00:00,2024-05-30 14:00:00,2024-05-30,3.1000146865844727
2024-05,dgt_directed_road_adaptive,2028,1,2024-05-30 10:00:00,2024-05-30 10:00:00,2024-05-30,2.5132534503936768
2024-05,dgt_directed_road_adaptive,2028,2,2024-05-30 10:00:00,2024-05-30 11:00:00,2024-05-30,2.538726329803467
2024-05,dgt_directed_road_adaptive,2028,3,2024-05-30 10:00:00,2024-05-30 12:00:00,2024-05-30,2.7260406017303467
2024-05,dgt_directed_road_adaptive,2028,6,2024-05-30 10:00:00,2024-05-30 15:00:00,2024-05-30,3.054234266281128
2024-05,dgt_directed_road_adaptive,2028,1,2024-05-30 11:00:00,2024-05-30 11:00:00,2024-05-30,3.131906747817993
2024-05,dgt_directed_road_adaptive,2028,2,2024-05-30 11:00:00,2024-05-30 12:00:00,2024-05-30,2.60214900970459
2024-05,dgt_directed_road_adaptive,2028,3,2024-05-30 11:00:00,2024-05-30 13:00:00,2024-05-30,2.4030611515045166
2024-05,dgt_directed_road_adaptive,2028,6,2024-05-30 11:00:00,2024-05-30 16:00:00,2024-05-30,3.0976409912109375
2024-05,dgt_directed_road_adaptive,2028,1,2024-05-30 12:00:00,2024-05-30 12:00:00,2024-05-30,2.7643074989318848
2024-05,dgt_directed_road_adaptive,2028,2,2024-05-30 12:00:00,2024-05-30 13:00:00,2024-05-30,2.5620903968811035
2024-05,dgt_directed_road_adaptive,2028,3,2024-05-30 12:00:00,2024-05-30 14:00:00,2024-05-30,2.6069531440734863
2024-05,dgt_directed_road_adaptive,2028,6,2024-05-30 12:00:00,2024-05-30 17:00:00,2024-05-30,3.41654109954834
2024-05,dgt_directed_road_adaptive,2028,1,2024-05-30 13:00:00,2024-05-30 13:00:00,2024-05-30,2.2813453674316406
2024-05,dgt_directed_road_adaptive,2028,2,2024-05-30 13:00:00,2024-05-30 14:00:00,2024-05-30,2.5030484199523926
2024-05,dgt_directed_road_adaptive,2028,3,2024-05-30 13:00:00,2024-05-30 15:00:00,2024-05-30,2.8669538497924805
2024-05,dgt_directed_road_adaptive,2028,6,2024-05-30 13:00:00,2024-05-30 18:00:00,2024-05-30,5.003212928771973
2024-05,dgt_directed_road_adaptive,2028,1,2024-05-30 14:00:00,2024-05-30 14:00:00,2024-05-30,2.8097968101501465
2024-05,dgt_directed_road_adaptive,2028,2,2024-05-30 14:00:00,2024-05-30 15:00:00,2024-05-30,2.824863910675049
2024-05,dgt_directed_road_adaptive,2028,3,2024-05-30 14:00:00,2024-05-30 16:00:00,2024-05-30,3.218149185180664
2024-05,dgt_directed_road_adaptive,2028,6,2024-05-30 14:00:00,2024-05-30 19:00:00,2024-05-30,3.5973730087280273
2024-05,dgt_directed_road_adaptive,2028,1,2024-05-30 15:00:00,2024-05-30 15:00:00,2024-05-30,3.228391170501709
2024-05,dgt_directed_road_adaptive,2028,2,2024-05-30 15:00:00,2024-05-30 16:00:00,2024-05-30,3.443540573120117
2024-05,dgt_directed_road_adaptive,2028,3,2024-05-30 15:00:00,2024-05-30 17:00:00,2024-05-30,3.2855639457702637
2024-05,dgt_directed_road_adaptive,2028,6,2024-05-30 15:00:00,2024-05-30 20:00:00,2024-05-30,4.596430778503418
2024-05,dgt_directed_road_adaptive,2028,1,2024-05-30 16:00:00,2024-05-30 16:00:00,2024-05-30,2.961212396621704
2024-05,dgt_directed_road_adaptive,2028,2,2024-05-30 16:00:00,2024-05-30 17:00:00,2024-05-30,3.184638500213623
2024-05,dgt_directed_road_adaptive,2028,3,2024-05-30 16:00:00,2024-05-30 18:00:00,2024-05-30,4.639190673828125
2024-05,dgt_directed_road_adaptive,2028,6,2024-05-30 16:00:00,2024-05-30 21:00:00,2024-05-30,4.427395820617676
2024-05,dgt_directed_road_adaptive,2028,1,2024-05-30 17:00:00,2024-05-30 17:00:00,2024-05-30,3.3187336921691895
2024-05,dgt_directed_road_adaptive,2028,2,2024-05-30 17:00:00,2024-05-30 18:00:00,2024-05-30,4.382037162780762
2024-05,dgt_directed_road_adaptive,2028,3,2024-05-30 17:00:00,2024-05-30 19:00:00,2024-05-30,3.202263832092285
2024-05,dgt_directed_road_adaptive,2028,6,2024-05-30 17:00:00,2024-05-30 22:00:00,2024-05-30,4.510171890258789
2024-05,dgt_directed_road_adaptive,2028,1,2024-05-30 18:00:00,2024-05-30 18:00:00,2024-05-30,3.6864218711853027
2024-05,dgt_directed_road_adaptive,2028,2,2024-05-30 18:00:00,2024-05-30 19:00:00,2024-05-30,2.9581189155578613
2024-05,dgt_directed_road_adaptive,2028,3,2024-05-30 18:00:00,2024-05-30 20:00:00,2024-05-30,3.5725042819976807
2024-05,dgt_directed_road_adaptive,2028,6,2024-05-30 18:00:00,2024-05-30 23:00:00,2024-05-30,3.8025383949279785
2024-05,dgt_directed_road_adaptive,2028,1,2024-05-30 19:00:00,2024-05-30 19:00:00,2024-05-30,3.4336862564086914
2024-05,dgt_directed_road_adaptive,2028,2,2024-05-30 19:00:00,2024-05-30 20:00:00,2024-05-30,3.743281841278076
2024-05,dgt_directed_road_adaptive,2028,3,2024-05-30 19:00:00,2024-05-30 21:00:00,2024-05-30,4.742231369018555
2024-05,dgt_directed_road_adaptive,2028,6,2024-05-30 19:00:00,2024-05-31 00:00:00,2024-05-31,4.842045307159424
2024-05,dgt_directed_road_adaptive,2028,1,2024-05-30 20:00:00,2024-05-30 20:00:00,2024-05-30,3.4197142124176025
2024-05,dgt_directed_road_adaptive,2028,2,2024-05-30 20:00:00,2024-05-30 21:00:00,2024-05-30,4.663480281829834
2024-05,dgt_directed_road_adaptive,2028,3,2024-05-30 20:00:00,2024-05-30 22:00:00,2024-05-30,2.831634521484375
2024-05,dgt_directed_road_adaptive,2028,6,2024-05-30 20:00:00,2024-05-31 01:00:00,2024-05-31,3.8614397048950195
2024-05,dgt_directed_road_adaptive,2028,1,2024-05-30 21:00:00,2024-05-30 21:00:00,2024-05-30,4.351640701293945
2024-05,dgt_directed_road_adaptive,2028,2,2024-05-30 21:00:00,2024-05-30 22:00:00,2024-05-30,2.740457534790039
2024-05,dgt_directed_road_adaptive,2028,3,2024-05-30 21:00:00,2024-05-30 23:00:00,2024-05-30,2.9980521202087402
2024-05,dgt_directed_road_adaptive,2028,6,2024-05-30 21:00:00,2024-05-31 02:00:00,2024-05-31,4.203453063964844
2024-05,dgt_directed_road_adaptive,2028,1,2024-05-30 22:00:00,2024-05-30 22:00:00,2024-05-30,2.524102210998535
2024-05,dgt_directed_road_adaptive,2028,2,2024-05-30 22:00:00,2024-05-30 23:00:00,2024-05-30,2.875598907470703
2024-05,dgt_directed_road_adaptive,2028,3,2024-05-30 22:00:00,2024-05-31 00:00:00,2024-05-31,4.1855573654174805
2024-05,dgt_directed_road_adaptive,2028,6,2024-05-30 22:00:00,2024-05-31 03:00:00,2024-05-31,5.320001125335693
2024-05,dgt_directed_road_adaptive,2028,1,2024-05-30 23:00:00,2024-05-30 23:00:00,2024-05-30,2.8466036319732666
2024-05,dgt_directed_road_adaptive,2028,2,2024-05-30 23:00:00,2024-05-31 00:00:00,2024-05-31,4.116447448730469
2024-05,dgt_directed_road_adaptive,2028,3,2024-05-30 23:00:00,2024-05-31 01:00:00,2024-05-31,3.9166131019592285
2024-05,dgt_directed_road_adaptive,2028,6,2024-05-30 23:00:00,2024-05-31 04:00:00,2024-05-31,4.6890153884887695
2024-05,dgt_directed_road_adaptive,2028,1,2024-05-31 00:00:00,2024-05-31 00:00:00,2024-05-31,3.9158148765563965
2024-05,dgt_directed_road_adaptive,2028,2,2024-05-31 00:00:00,2024-05-31 01:00:00,2024-05-31,3.5325307846069336
2024-05,dgt_directed_road_adaptive,2028,3,2024-05-31 00:00:00,2024-05-31 02:00:00,2024-05-31,4.080824851989746
2024-05,dgt_directed_road_adaptive,2028,6,2024-05-31 00:00:00,2024-05-31 05:00:00,2024-05-31,3.693394184112549
2024-05,dgt_directed_road_adaptive,2028,1,2024-05-31 01:00:00,2024-05-31 01:00:00,2024-05-31,4.0804338455200195
2024-05,dgt_directed_road_adaptive,2028,2,2024-05-31 01:00:00,2024-05-31 02:00:00,2024-05-31,4.451969146728516
2024-05,dgt_directed_road_adaptive,2028,3,2024-05-31 01:00:00,2024-05-31 03:00:00,2024-05-31,5.332700729370117
2024-05,dgt_directed_road_adaptive,2028,6,2024-05-31 01:00:00,2024-05-31 06:00:00,2024-05-31,2.9154324531555176
2024-05,dgt_directed_road_adaptive,2028,1,2024-05-31 02:00:00,2024-05-31 02:00:00,2024-05-31,4.346667766571045
2024-05,dgt_directed_road_adaptive,2028,2,2024-05-31 02:00:00,2024-05-31 03:00:00,2024-05-31,4.893928527832031
2024-05,dgt_directed_road_adaptive,2028,3,2024-05-31 02:00:00,2024-05-31 04:00:00,2024-05-31,4.88347053527832
2024-05,dgt_directed_road_adaptive,2028,6,2024-05-31 02:00:00,2024-05-31 07:00:00,2024-05-31,3.3261117935180664
2024-05,dgt_directed_road_adaptive,2028,1,2024-05-31 03:00:00,2024-05-31 03:00:00,2024-05-31,5.724106788635254
2024-05,dgt_directed_road_adaptive,2028,2,2024-05-31 03:00:00,2024-05-31 04:00:00,2024-05-31,4.758435249328613
2024-05,dgt_directed_road_adaptive,2028,3,2024-05-31 03:00:00,2024-05-31 05:00:00,2024-05-31,3.745250701904297
2024-05,dgt_directed_road_adaptive,2028,6,2024-05-31 03:00:00,2024-05-31 08:00:00,2024-05-31,4.265008926391602
2024-05,dgt_directed_road_adaptive,2028,1,2024-05-31 04:00:00,2024-05-31 04:00:00,2024-05-31,4.883008003234863
2024-05,dgt_directed_road_adaptive,2028,2,2024-05-31 04:00:00,2024-05-31 05:00:00,2024-05-31,3.806680679321289
2024-05,dgt_directed_road_adaptive,2028,3,2024-05-31 04:00:00,2024-05-31 06:00:00,2024-05-31,3.333097457885742
2024-05,dgt_directed_road_adaptive,2028,6,2024-05-31 04:00:00,2024-05-31 09:00:00,2024-05-31,3.0727381706237793
2024-05,dgt_directed_road_adaptive,2028,1,2024-05-31 05:00:00,2024-05-31 05:00:00,2024-05-31,4.310949802398682
2024-05,dgt_directed_road_adaptive,2028,2,2024-05-31 05:00:00,2024-05-31 06:00:00,2024-05-31,3.294532299041748
2024-05,dgt_directed_road_adaptive,2028,3,2024-05-31 05:00:00,2024-05-31 07:00:00,2024-05-31,3.7960081100463867
2024-05,dgt_directed_road_adaptive,2028,6,2024-05-31 05:00:00,2024-05-31 10:00:00,2024-05-31,3.5752153396606445
2024-05,dgt_directed_road_adaptive,2028,1,2024-05-31 06:00:00,2024-05-31 06:00:00,2024-05-31,3.498257637023926
2024-05,dgt_directed_road_adaptive,2028,2,2024-05-31 06:00:00,2024-05-31 07:00:00,2024-05-31,3.156961441040039
2024-05,dgt_directed_road_adaptive,2028,3,2024-05-31 06:00:00,2024-05-31 08:00:00,2024-05-31,4.813549995422363
2024-05,dgt_directed_road_adaptive,2028,6,2024-05-31 06:00:00,2024-05-31 11:00:00,2024-05-31,2.3200314044952393
2024-05,dgt_directed_road_adaptive,2028,1,2024-05-31 07:00:00,2024-05-31 07:00:00,2024-05-31,3.19999361038208
2024-05,dgt_directed_road_adaptive,2028,2,2024-05-31 07:00:00,2024-05-31 08:00:00,2024-05-31,4.499094009399414
2024-05,dgt_directed_road_adaptive,2028,3,2024-05-31 07:00:00,2024-05-31 09:00:00,2024-05-31,3.166348457336426
2024-05,dgt_directed_road_adaptive,2028,6,2024-05-31 07:00:00,2024-05-31 12:00:00,2024-05-31,2.0158867835998535
2024-05,dgt_directed_road_adaptive,2028,1,2024-05-31 08:00:00,2024-05-31 08:00:00,2024-05-31,4.059267997741699
2024-05,dgt_directed_road_adaptive,2028,2,2024-05-31 08:00:00,2024-05-31 09:00:00,2024-05-31,3.160522699356079
2024-05,dgt_directed_road_adaptive,2028,3,2024-05-31 08:00:00,2024-05-31 10:00:00,2024-05-31,3.4058098793029785
2024-05,dgt_directed_road_adaptive,2028,6,2024-05-31 08:00:00,2024-05-31 13:00:00,2024-05-31,2.9688920974731445
2024-05,dgt_directed_road_adaptive,2028,1,2024-05-31 09:00:00,2024-05-31 09:00:00,2024-05-31,3.1613447666168213
2024-05,dgt_directed_road_adaptive,2028,2,2024-05-31 09:00:00,2024-05-31 10:00:00,2024-05-31,3.5587174892425537
2024-05,dgt_directed_road_adaptive,2028,3,2024-05-31 09:00:00,2024-05-31 11:00:00,2024-05-31,2.574333667755127
2024-05,dgt_directed_road_adaptive,2028,6,2024-05-31 09:00:00,2024-05-31 14:00:00,2024-05-31,2.9376683235168457
2024-05,dgt_directed_road_adaptive,2028,1,2024-05-31 10:00:00,2024-05-31 10:00:00,2024-05-31,2.7922255992889404
2024-05,dgt_directed_road_adaptive,2028,2,2024-05-31 10:00:00,2024-05-31 11:00:00,2024-05-31,2.56826114654541
2024-05,dgt_directed_road_adaptive,2028,3,2024-05-31 10:00:00,2024-05-31 12:00:00,2024-05-31,2.217008590698242
2024-05,dgt_directed_road_adaptive,2028,6,2024-05-31 10:00:00,2024-05-31 15:00:00,2024-05-31,2.51889967918396
2024-05,dgt_directed_road_adaptive,2028,1,2024-05-31 11:00:00,2024-05-31 11:00:00,2024-05-31,2.517265796661377
2024-05,dgt_directed_road_adaptive,2028,2,2024-05-31 11:00:00,2024-05-31 12:00:00,2024-05-31,2.417255163192749
2024-05,dgt_directed_road_adaptive,2028,3,2024-05-31 11:00:00,2024-05-31 13:00:00,2024-05-31,2.7970190048217773
2024-05,dgt_directed_road_adaptive,2028,6,2024-05-31 11:00:00,2024-05-31 16:00:00,2024-05-31,2.800018548965454
2024-05,dgt_directed_road_adaptive,2028,1,2024-05-31 12:00:00,2024-05-31 12:00:00,2024-05-31,2.281338691711426
2024-05,dgt_directed_road_adaptive,2028,2,2024-05-31 12:00:00,2024-05-31 13:00:00,2024-05-31,2.895805597305298
2024-05,dgt_directed_road_adaptive,2028,3,2024-05-31 12:00:00,2024-05-31 14:00:00,2024-05-31,2.526913642883301
2024-05,dgt_directed_road_adaptive,2028,6,2024-05-31 12:00:00,2024-05-31 17:00:00,2024-05-31,4.335781574249268
2024-05,dgt_directed_road_adaptive,2028,1,2024-05-31 13:00:00,2024-05-31 13:00:00,2024-05-31,2.956983804702759
2024-05,dgt_directed_road_adaptive,2028,2,2024-05-31 13:00:00,2024-05-31 14:00:00,2024-05-31,2.464956283569336
2024-05,dgt_directed_road_adaptive,2028,3,2024-05-31 13:00:00,2024-05-31 15:00:00,2024-05-31,2.427618980407715
2024-05,dgt_directed_road_adaptive,2028,6,2024-05-31 13:00:00,2024-05-31 18:00:00,2024-05-31,5.524747848510742
2024-05,dgt_directed_road_adaptive,2028,1,2024-05-31 14:00:00,2024-05-31 14:00:00,2024-05-31,2.5359699726104736
2024-05,dgt_directed_road_adaptive,2028,2,2024-05-31 14:00:00,2024-05-31 15:00:00,2024-05-31,2.5137484073638916
2024-05,dgt_directed_road_adaptive,2028,3,2024-05-31 14:00:00,2024-05-31 16:00:00,2024-05-31,3.051182746887207
2024-05,dgt_directed_road_adaptive,2028,6,2024-05-31 14:00:00,2024-05-31 19:00:00,2024-05-31,4.64521598815918
2024-05,dgt_directed_road_adaptive,2028,1,2024-05-31 15:00:00,2024-05-31 15:00:00,2024-05-31,2.670588970184326
2024-05,dgt_directed_road_adaptive,2028,2,2024-05-31 15:00:00,2024-05-31 16:00:00,2024-05-31,3.156456470489502
2024-05,dgt_directed_road_adaptive,2028,3,2024-05-31 15:00:00,2024-05-31 17:00:00,2024-05-31,4.300200939178467
2024-05,dgt_directed_road_adaptive,2028,6,2024-05-31 15:00:00,2024-05-31 20:00:00,2024-05-31,4.541373252868652
2024-05,dgt_directed_road_adaptive,2028,1,2024-05-31 16:00:00,2024-05-31 16:00:00,2024-05-31,2.6836142539978027
2024-05,dgt_directed_road_adaptive,2028,2,2024-05-31 16:00:00,2024-05-31 17:00:00,2024-05-31,4.070324420928955
2024-05,dgt_directed_road_adaptive,2028,3,2024-05-31 16:00:00,2024-05-31 18:00:00,2024-05-31,5.0501203536987305
2024-05,dgt_directed_road_adaptive,2028,6,2024-05-31 16:00:00,2024-05-31 21:00:00,2024-05-31,3.6323838233947754
2024-05,dgt_directed_road_adaptive,2028,1,2024-05-31 17:00:00,2024-05-31 17:00:00,2024-05-31,3.3727643489837646
2024-05,dgt_directed_road_adaptive,2028,2,2024-05-31 17:00:00,2024-05-31 18:00:00,2024-05-31,4.868828296661377
2024-05,dgt_directed_road_adaptive,2028,3,2024-05-31 17:00:00,2024-05-31 19:00:00,2024-05-31,4.027932643890381
2024-05,dgt_directed_road_adaptive,2028,6,2024-05-31 17:00:00,2024-05-31 22:00:00,2024-05-31,4.421261787414551
2024-11,historical_average,-1,1,2024-11-26 12:00:00,2024-11-26 12:00:00,2024-11-26,2.7447915077209473
2024-11,historical_average,-1,2,2024-11-26 12:00:00,2024-11-26 13:00:00,2024-11-26,3.5260422229766846
2024-11,historical_average,-1,3,2024-11-26 12:00:00,2024-11-26 14:00:00,2024-11-26,3.1770834922790527
2024-11,historical_average,-1,6,2024-11-26 12:00:00,2024-11-26 17:00:00,2024-11-26,3.0833330154418945
2024-11,historical_average,-1,1,2024-11-26 13:00:00,2024-11-26 13:00:00,2024-11-26,3.5260422229766846
2024-11,historical_average,-1,2,2024-11-26 13:00:00,2024-11-26 14:00:00,2024-11-26,3.1770834922790527
2024-11,historical_average,-1,3,2024-11-26 13:00:00,2024-11-26 15:00:00,2024-11-26,3.2291667461395264
2024-11,historical_average,-1,6,2024-11-26 13:00:00,2024-11-26 18:00:00,2024-11-26,3.2864582538604736
2024-11,historical_average,-1,1,2024-11-26 14:00:00,2024-11-26 14:00:00,2024-11-26,3.1770834922790527
2024-11,historical_average,-1,2,2024-11-26 14:00:00,2024-11-26 15:00:00,2024-11-26,3.2291667461395264
2024-11,historical_average,-1,3,2024-11-26 14:00:00,2024-11-26 16:00:00,2024-11-26,3.6458334922790527
2024-11,historical_average,-1,6,2024-11-26 14:00:00,2024-11-26 19:00:00,2024-11-26,2.968749761581421
2024-11,historical_average,-1,1,2024-11-26 15:00:00,2024-11-26 15:00:00,2024-11-26,3.2291667461395264
2024-11,historical_average,-1,2,2024-11-26 15:00:00,2024-11-26 16:00:00,2024-11-26,3.6458334922790527
2024-11,historical_average,-1,3,2024-11-26 15:00:00,2024-11-26 17:00:00,2024-11-26,3.0833330154418945
2024-11,historical_average,-1,6,2024-11-26 15:00:00,2024-11-26 20:00:00,2024-11-26,3.140625
2024-11,historical_average,-1,1,2024-11-26 16:00:00,2024-11-26 16:00:00,2024-11-26,3.6458334922790527
2024-11,historical_average,-1,2,2024-11-26 16:00:00,2024-11-26 17:00:00,2024-11-26,3.0833330154418945
2024-11,historical_average,-1,3,2024-11-26 16:00:00,2024-11-26 18:00:00,2024-11-26,3.2864582538604736
2024-11,historical_average,-1,6,2024-11-26 16:00:00,2024-11-26 21:00:00,2024-11-26,4.375
2024-11,historical_average,-1,1,2024-11-26 17:00:00,2024-11-26 17:00:00,2024-11-26,3.0833330154418945
2024-11,historical_average,-1,2,2024-11-26 17:00:00,2024-11-26 18:00:00,2024-11-26,3.2864582538604736
2024-11,historical_average,-1,3,2024-11-26 17:00:00,2024-11-26 19:00:00,2024-11-26,2.968749761581421
2024-11,historical_average,-1,6,2024-11-26 17:00:00,2024-11-26 22:00:00,2024-11-26,5.390625
2024-11,historical_average,-1,1,2024-11-26 18:00:00,2024-11-26 18:00:00,2024-11-26,3.2864582538604736
2024-11,historical_average,-1,2,2024-11-26 18:00:00,2024-11-26 19:00:00,2024-11-26,2.968749761581421
2024-11,historical_average,-1,3,2024-11-26 18:00:00,2024-11-26 20:00:00,2024-11-26,3.140625
2024-11,historical_average,-1,6,2024-11-26 18:00:00,2024-11-26 23:00:00,2024-11-26,4.932291507720947
2024-11,historical_average,-1,1,2024-11-26 19:00:00,2024-11-26 19:00:00,2024-11-26,2.968749761581421
2024-11,historical_average,-1,2,2024-11-26 19:00:00,2024-11-26 20:00:00,2024-11-26,3.140625
2024-11,historical_average,-1,3,2024-11-26 19:00:00,2024-11-26 21:00:00,2024-11-26,4.375
2024-11,historical_average,-1,6,2024-11-26 19:00:00,2024-11-27 00:00:00,2024-11-27,3.5833334922790527
2024-11,historical_average,-1,1,2024-11-26 20:00:00,2024-11-26 20:00:00,2024-11-26,3.140625
2024-11,historical_average,-1,2,2024-11-26 20:00:00,2024-11-26 21:00:00,2024-11-26,4.375
2024-11,historical_average,-1,3,2024-11-26 20:00:00,2024-11-26 22:00:00,2024-11-26,5.390625
2024-11,historical_average,-1,6,2024-11-26 20:00:00,2024-11-27 01:00:00,2024-11-27,5.458333969116211
2024-11,historical_average,-1,1,2024-11-26 21:00:00,2024-11-26 21:00:00,2024-11-26,4.375
2024-11,historical_average,-1,2,2024-11-26 21:00:00,2024-11-26 22:00:00,2024-11-26,5.390625
2024-11,historical_average,-1,3,2024-11-26 21:00:00,2024-11-26 23:00:00,2024-11-26,4.932291507720947
2024-11,historical_average,-1,6,2024-11-26 21:00:00,2024-11-27 02:00:00,2024-11-27,5.90625
2024-11,historical_average,-1,1,2024-11-26 22:00:00,2024-11-26 22:00:00,2024-11-26,5.390625
2024-11,historical_average,-1,2,2024-11-26 22:00:00,2024-11-26 23:00:00,2024-11-26,4.932291507720947
2024-11,historical_average,-1,3,2024-11-26 22:00:00,2024-11-27 00:00:00,2024-11-27,3.5833334922790527
2024-11,historical_average,-1,6,2024-11-26 22:00:00,2024-11-27 03:00:00,2024-11-27,5.109375
2024-11,historical_average,-1,1,2024-11-26 23:00:00,2024-11-26 23:00:00,2024-11-26,4.932291507720947
2024-11,historical_average,-1,2,2024-11-26 23:00:00,2024-11-27 00:00:00,2024-11-27,3.5833334922790527
2024-11,historical_average,-1,3,2024-11-26 23:00:00,2024-11-27 01:00:00,2024-11-27,5.458333969116211
2024-11,historical_average,-1,6,2024-11-26 23:00:00,2024-11-27 04:00:00,2024-11-27,7.3385419845581055
2024-11,historical_average,-1,1,2024-11-27 00:00:00,2024-11-27 00:00:00,2024-11-27,3.5833334922790527
2024-11,historical_average,-1,2,2024-11-27 00:00:00,2024-11-27 01:00:00,2024-11-27,5.458333969116211
2024-11,historical_average,-1,3,2024-11-27 00:00:00,2024-11-27 02:00:00,2024-11-27,5.90625
2024-11,historical_average,-1,6,2024-11-27 00:00:00,2024-11-27 05:00:00,2024-11-27,3.2291669845581055
2024-11,historical_average,-1,1,2024-11-27 01:00:00,2024-11-27 01:00:00,2024-11-27,5.458333969116211
2024-11,historical_average,-1,2,2024-11-27 01:00:00,2024-11-27 02:00:00,2024-11-27,5.90625
2024-11,historical_average,-1,3,2024-11-27 01:00:00,2024-11-27 03:00:00,2024-11-27,5.109375
2024-11,historical_average,-1,6,2024-11-27 01:00:00,2024-11-27 06:00:00,2024-11-27,3.171875
2024-11,historical_average,-1,1,2024-11-27 02:00:00,2024-11-27 02:00:00,2024-11-27,5.90625
2024-11,historical_average,-1,2,2024-11-27 02:00:00,2024-11-27 03:00:00,2024-11-27,5.109375
2024-11,historical_average,-1,3,2024-11-27 02:00:00,2024-11-27 04:00:00,2024-11-27,7.3385419845581055
2024-11,historical_average,-1,6,2024-11-27 02:00:00,2024-11-27 07:00:00,2024-11-27,3.2916665077209473
2024-11,historical_average,-1,1,2024-11-27 03:00:00,2024-11-27 03:00:00,2024-11-27,5.109375
2024-11,historical_average,-1,2,2024-11-27 03:00:00,2024-11-27 04:00:00,2024-11-27,7.3385419845581055
2024-11,historical_average,-1,3,2024-11-27 03:00:00,2024-11-27 05:00:00,2024-11-27,3.2291669845581055
2024-11,historical_average,-1,6,2024-11-27 03:00:00,2024-11-27 08:00:00,2024-11-27,2.6510422229766846
2024-11,historical_average,-1,1,2024-11-27 04:00:00,2024-11-27 04:00:00,2024-11-27,7.3385419845581055
2024-11,historical_average,-1,2,2024-11-27 04:00:00,2024-11-27 05:00:00,2024-11-27,3.2291669845581055
2024-11,historical_average,-1,3,2024-11-27 04:00:00,2024-11-27 06:00:00,2024-11-27,3.171875
2024-11,historical_average,-1,6,2024-11-27 04:00:00,2024-11-27 09:00:00,2024-11-27,3.109374523162842
2024-11,historical_average,-1,1,2024-11-27 05:00:00,2024-11-27 05:00:00,2024-11-27,3.2291669845581055
2024-11,historical_average,-1,2,2024-11-27 05:00:00,2024-11-27 06:00:00,2024-11-27,3.171875
2024-11,historical_average,-1,3,2024-11-27 05:00:00,2024-11-27 07:00:00,2024-11-27,3.2916665077209473
2024-11,historical_average,-1,6,2024-11-27 05:00:00,2024-11-27 10:00:00,2024-11-27,2.1354169845581055
2024-11,historical_average,-1,1,2024-11-27 06:00:00,2024-11-27 06:00:00,2024-11-27,3.171875
2024-11,historical_average,-1,2,2024-11-27 06:00:00,2024-11-27 07:00:00,2024-11-27,3.2916665077209473
2024-11,historical_average,-1,3,2024-11-27 06:00:00,2024-11-27 08:00:00,2024-11-27,2.6510422229766846
2024-11,historical_average,-1,6,2024-11-27 06:00:00,2024-11-27 11:00:00,2024-11-27,3.1458330154418945
2024-11,historical_average,-1,1,2024-11-27 07:00:00,2024-11-27 07:00:00,2024-11-27,3.2916665077209473
2024-11,historical_average,-1,2,2024-11-27 07:00:00,2024-11-27 08:00:00,2024-11-27,2.6510422229766846
2024-11,historical_average,-1,3,2024-11-27 07:00:00,2024-11-27 09:00:00,2024-11-27,3.109374523162842
2024-11,historical_average,-1,6,2024-11-27 07:00:00,2024-11-27 12:00:00,2024-11-27,3.760416269302368
2024-11,historical_average,-1,1,2024-11-27 08:00:00,2024-11-27 08:00:00,2024-11-27,2.6510422229766846
2024-11,historical_average,-1,2,2024-11-27 08:00:00,2024-11-27 09:00:00,2024-11-27,3.109374523162842
2024-11,historical_average,-1,3,2024-11-27 08:00:00,2024-11-27 10:00:00,2024-11-27,2.1354169845581055
2024-11,historical_average,-1,6,2024-11-27 08:00:00,2024-11-27 13:00:00,2024-11-27,3.2708334922790527
2024-11,historical_average,-1,1,2024-11-27 09:00:00,2024-11-27 09:00:00,2024-11-27,3.109374523162842
2024-11,historical_average,-1,2,2024-11-27 09:00:00,2024-11-27 10:00:00,2024-11-27,2.1354169845581055
2024-11,historical_average,-1,3,2024-11-27 09:00:00,2024-11-27 11:00:00,2024-11-27,3.1458330154418945
2024-11,historical_average,-1,6,2024-11-27 09:00:00,2024-11-27 14:00:00,2024-11-27,3.593750238418579
2024-11,historical_average,-1,1,2024-11-27 10:00:00,2024-11-27 10:00:00,2024-11-27,2.1354169845581055
2024-11,historical_average,-1,2,2024-11-27 10:00:00,2024-11-27 11:00:00,2024-11-27,3.1458330154418945
2024-11,historical_average,-1,3,2024-11-27 10:00:00,2024-11-27 12:00:00,2024-11-27,3.760416269302368
2024-11,historical_average,-1,6,2024-11-27 10:00:00,2024-11-27 15:00:00,2024-11-27,4.4270830154418945
2024-11,historical_average,-1,1,2024-11-27 11:00:00,2024-11-27 11:00:00,2024-11-27,3.1458330154418945
2024-11,historical_average,-1,2,2024-11-27 11:00:00,2024-11-27 12:00:00,2024-11-27,3.760416269302368
2024-11,historical_average,-1,3,2024-11-27 11:00:00,2024-11-27 13:00:00,2024-11-27,3.2708334922790527
2024-11,historical_average,-1,6,2024-11-27 11:00:00,2024-11-27 16:00:00,2024-11-27,4.203125
2024-11,historical_average,-1,1,2024-11-27 12:00:00,2024-11-27 12:00:00,2024-11-27,3.760416269302368
2024-11,historical_average,-1,2,2024-11-27 12:00:00,2024-11-27 13:00:00,2024-11-27,3.2708334922790527
2024-11,historical_average,-1,3,2024-11-27 12:00:00,2024-11-27 14:00:00,2024-11-27,3.593750238418579
2024-11,historical_average,-1,6,2024-11-27 12:00:00,2024-11-27 17:00:00,2024-11-27,4.125
2024-11,historical_average,-1,1,2024-11-27 13:00:00,2024-11-27 13:00:00,2024-11-27,3.2708334922790527
2024-11,historical_average,-1,2,2024-11-27 13:00:00,2024-11-27 14:00:00,2024-11-27,3.593750238418579
2024-11,historical_average,-1,3,2024-11-27 13:00:00,2024-11-27 15:00:00,2024-11-27,4.4270830154418945
2024-11,historical_average,-1,6,2024-11-27 13:00:00,2024-11-27 18:00:00,2024-11-27,3.1145830154418945
2024-11,historical_average,-1,1,2024-11-27 14:00:00,2024-11-27 14:00:00,2024-11-27,3.593750238418579
2024-11,historical_average,-1,2,2024-11-27 14:00:00,2024-11-27 15:00:00,2024-11-27,4.4270830154418945
2024-11,historical_average,-1,3,2024-11-27 14:00:00,2024-11-27 16:00:00,2024-11-27,4.203125
2024-11,historical_average,-1,6,2024-11-27 14:00:00,2024-11-27 19:00:00,2024-11-27,3.5729167461395264
2024-11,historical_average,-1,1,2024-11-27 15:00:00,2024-11-27 15:00:00,2024-11-27,4.4270830154418945
2024-11,historical_average,-1,2,2024-11-27 15:00:00,2024-11-27 16:00:00,2024-11-27,4.203125
2024-11,historical_average,-1,3,2024-11-27 15:00:00,2024-11-27 17:00:00,2024-11-27,4.125
2024-11,historical_average,-1,6,2024-11-27 15:00:00,2024-11-27 20:00:00,2024-11-27,3.7135417461395264
2024-11,historical_average,-1,1,2024-11-27 16:00:00,2024-11-27 16:00:00,2024-11-27,4.203125
2024-11,historical_average,-1,2,2024-11-27 16:00:00,2024-11-27 17:00:00,2024-11-27,4.125
2024-11,historical_average,-1,3,2024-11-27 16:00:00,2024-11-27 18:00:00,2024-11-27,3.1145830154418945
2024-11,historical_average,-1,6,2024-11-27 16:00:00,2024-11-27 21:00:00,2024-11-27,4.15625
2024-11,historical_average,-1,1,2024-11-27 17:00:00,2024-11-27 17:00:00,2024-11-27,4.125
2024-11,historical_average,-1,2,2024-11-27 17:00:00,2024-11-27 18:00:00,2024-11-27,3.1145830154418945
2024-11,historical_average,-1,3,2024-11-27 17:00:00,2024-11-27 19:00:00,2024-11-27,3.5729167461395264
2024-11,historical_average,-1,6,2024-11-27 17:00:00,2024-11-27 22:00:00,2024-11-27,3.9895830154418945
2024-11,historical_average,-1,1,2024-11-27 18:00:00,2024-11-27 18:00:00,2024-11-27,3.1145830154418945
2024-11,historical_average,-1,2,2024-11-27 18:00:00,2024-11-27 19:00:00,2024-11-27,3.5729167461395264
2024-11,historical_average,-1,3,2024-11-27 18:00:00,2024-11-27 20:00:00,2024-11-27,3.7135417461395264
2024-11,historical_average,-1,6,2024-11-27 18:00:00,2024-11-27 23:00:00,2024-11-27,3.7552084922790527
2024-11,historical_average,-1,1,2024-11-27 19:00:00,2024-11-27 19:00:00,2024-11-27,3.5729167461395264
2024-11,historical_average,-1,2,2024-11-27 19:00:00,2024-11-27 20:00:00,2024-11-27,3.7135417461395264
2024-11,historical_average,-1,3,2024-11-27 19:00:00,2024-11-27 21:00:00,2024-11-27,4.15625
2024-11,historical_average,-1,6,2024-11-27 19:00:00,2024-11-28 00:00:00,2024-11-28,3.3541669845581055
2024-11,historical_average,-1,1,2024-11-27 20:00:00,2024-11-27 20:00:00,2024-11-27,3.7135417461395264
2024-11,historical_average,-1,2,2024-11-27 20:00:00,2024-11-27 21:00:00,2024-11-27,4.15625
2024-11,historical_average,-1,3,2024-11-27 20:00:00,2024-11-27 22:00:00,2024-11-27,3.9895830154418945
2024-11,historical_average,-1,6,2024-11-27 20:00:00,2024-11-28 01:00:00,2024-11-28,5.140625
2024-11,historical_average,-1,1,2024-11-27 21:00:00,2024-11-27 21:00:00,2024-11-27,4.15625
2024-11,historical_average,-1,2,2024-11-27 21:00:00,2024-11-27 22:00:00,2024-11-27,3.9895830154418945
2024-11,historical_average,-1,3,2024-11-27 21:00:00,2024-11-27 23:00:00,2024-11-27,3.7552084922790527
2024-11,historical_average,-1,6,2024-11-27 21:00:00,2024-11-28 02:00:00,2024-11-28,5.911458969116211
2024-11,historical_average,-1,1,2024-11-27 22:00:00,2024-11-27 22:00:00,2024-11-27,3.9895830154418945
2024-11,historical_average,-1,2,2024-11-27 22:00:00,2024-11-27 23:00:00,2024-11-27,3.7552084922790527
2024-11,historical_average,-1,3,2024-11-27 22:00:00,2024-11-28 00:00:00,2024-11-28,3.3541669845581055
2024-11,historical_average,-1,6,2024-11-27 22:00:00,2024-11-28 03:00:00,2024-11-28,6.760416030883789
2024-11,historical_average,-1,1,2024-11-27 23:00:00,2024-11-27 23:00:00,2024-11-27,3.7552084922790527
2024-11,historical_average,-1,2,2024-11-27 23:00:00,2024-11-28 00:00:00,2024-11-28,3.3541669845581055
2024-11,historical_average,-1,3,2024-11-27 23:00:00,2024-11-28 01:00:00,2024-11-28,5.140625
2024-11,historical_average,-1,6,2024-11-27 23:00:00,2024-11-28 04:00:00,2024-11-28,6.973958492279053
2024-11,historical_average,-1,1,2024-11-28 00:00:00,2024-11-28 00:00:00,2024-11-28,3.3541669845581055
2024-11,historical_average,-1,2,2024-11-28 00:00:00,2024-11-28 01:00:00,2024-11-28,5.140625
2024-11,historical_average,-1,3,2024-11-28 00:00:00,2024-11-28 02:00:00,2024-11-28,5.911458969116211
2024-11,historical_average,-1,6,2024-11-28 00:00:00,2024-11-28 05:00:00,2024-11-28,3.6510415077209473
2024-11,historical_average,-1,1,2024-11-28 01:00:00,2024-11-28 01:00:00,2024-11-28,5.140625
2024-11,historical_average,-1,2,2024-11-28 01:00:00,2024-11-28 02:00:00,2024-11-28,5.911458969116211
2024-11,historical_average,-1,3,2024-11-28 01:00:00,2024-11-28 03:00:00,2024-11-28,6.760416030883789
2024-11,historical_average,-1,6,2024-11-28 01:00:00,2024-11-28 06:00:00,2024-11-28,3.90625
2024-11,historical_average,-1,1,2024-11-28 02:00:00,2024-11-28 02:00:00,2024-11-28,5.911458969116211
2024-11,historical_average,-1,2,2024-11-28 02:00:00,2024-11-28 03:00:00,2024-11-28,6.760416030883789
2024-11,historical_average,-1,3,2024-11-28 02:00:00,2024-11-28 04:00:00,2024-11-28,6.973958492279053
2024-11,historical_average,-1,6,2024-11-28 02:00:00,2024-11-28 07:00:00,2024-11-28,3.03125
2024-11,historical_average,-1,1,2024-11-28 03:00:00,2024-11-28 03:00:00,2024-11-28,6.760416030883789
2024-11,historical_average,-1,2,2024-11-28 03:00:00,2024-11-28 04:00:00,2024-11-28,6.973958492279053
2024-11,historical_average,-1,3,2024-11-28 03:00:00,2024-11-28 05:00:00,2024-11-28,3.6510415077209473
2024-11,historical_average,-1,6,2024-11-28 03:00:00,2024-11-28 08:00:00,2024-11-28,3.5989584922790527
2024-11,historical_average,-1,1,2024-11-28 04:00:00,2024-11-28 04:00:00,2024-11-28,6.973958492279053
2024-11,historical_average,-1,2,2024-11-28 04:00:00,2024-11-28 05:00:00,2024-11-28,3.6510415077209473
2024-11,historical_average,-1,3,2024-11-28 04:00:00,2024-11-28 06:00:00,2024-11-28,3.90625
2024-11,historical_average,-1,6,2024-11-28 04:00:00,2024-11-28 09:00:00,2024-11-28,3.171875
2024-11,historical_average,-1,1,2024-11-28 05:00:00,2024-11-28 05:00:00,2024-11-28,3.6510415077209473
2024-11,historical_average,-1,2,2024-11-28 05:00:00,2024-11-28 06:00:00,2024-11-28,3.90625
2024-11,historical_average,-1,3,2024-11-28 05:00:00,2024-11-28 07:00:00,2024-11-28,3.03125
2024-11,historical_average,-1,6,2024-11-28 05:00:00,2024-11-28 10:00:00,2024-11-28,3.0208334922790527
2024-11,historical_average,-1,1,2024-11-28 06:00:00,2024-11-28 06:00:00,2024-11-28,3.90625
2024-11,historical_average,-1,2,2024-11-28 06:00:00,2024-11-28 07:00:00,2024-11-28,3.03125
2024-11,historical_average,-1,3,2024-11-28 06:00:00,2024-11-28 08:00:00,2024-11-28,3.5989584922790527
2024-11,historical_average,-1,6,2024-11-28 06:00:00,2024-11-28 11:00:00,2024-11-28,2.9010415077209473
2024-11,historical_average,-1,1,2024-11-28 07:00:00,2024-11-28 07:00:00,2024-11-28,3.03125
2024-11,historical_average,-1,2,2024-11-28 07:00:00,2024-11-28 08:00:00,2024-11-28,3.5989584922790527
2024-11,historical_average,-1,3,2024-11-28 07:00:00,2024-11-28 09:00:00,2024-11-28,3.171875
2024-11,historical_average,-1,6,2024-11-28 07:00:00,2024-11-28 12:00:00,2024-11-28,3.1458334922790527
2024-11,historical_average,-1,1,2024-11-28 08:00:00,2024-11-28 08:00:00,2024-11-28,3.5989584922790527
2024-11,historical_average,-1,2,2024-11-28 08:00:00,2024-11-28 09:00:00,2024-11-28,3.171875
2024-11,historical_average,-1,3,2024-11-28 08:00:00,2024-11-28 10:00:00,2024-11-28,3.0208334922790527
2024-11,historical_average,-1,6,2024-11-28 08:00:00,2024-11-28 13:00:00,2024-11-28,3.4010422229766846
2024-11,historical_average,-1,1,2024-11-28 09:00:00,2024-11-28 09:00:00,2024-11-28,3.171875
2024-11,historical_average,-1,2,2024-11-28 09:00:00,2024-11-28 10:00:00,2024-11-28,3.0208334922790527
2024-11,historical_average,-1,3,2024-11-28 09:00:00,2024-11-28 11:00:00,2024-11-28,2.9010415077209473
2024-11,historical_average,-1,6,2024-11-28 09:00:00,2024-11-28 14:00:00,2024-11-28,3.6614584922790527
2024-11,historical_average,-1,1,2024-11-28 10:00:00,2024-11-28 10:00:00,2024-11-28,3.0208334922790527
2024-11,historical_average,-1,2,2024-11-28 10:00:00,2024-11-28 11:00:00,2024-11-28,2.9010415077209473
2024-11,historical_average,-1,3,2024-11-28 10:00:00,2024-11-28 12:00:00,2024-11-28,3.1458334922790527
2024-11,historical_average,-1,6,2024-11-28 10:00:00,2024-11-28 15:00:00,2024-11-28,3.3958334922790527
2024-11,historical_average,-1,1,2024-11-28 11:00:00,2024-11-28 11:00:00,2024-11-28,2.9010415077209473
2024-11,historical_average,-1,2,2024-11-28 11:00:00,2024-11-28 12:00:00,2024-11-28,3.1458334922790527
2024-11,historical_average,-1,3,2024-11-28 11:00:00,2024-11-28 13:00:00,2024-11-28,3.4010422229766846
2024-11,historical_average,-1,6,2024-11-28 11:00:00,2024-11-28 16:00:00,2024-11-28,3.75
2024-11,historical_average,-1,1,2024-11-28 12:00:00,2024-11-28 12:00:00,2024-11-28,3.1458334922790527
2024-11,historical_average,-1,2,2024-11-28 12:00:00,2024-11-28 13:00:00,2024-11-28,3.4010422229766846
2024-11,historical_average,-1,3,2024-11-28 12:00:00,2024-11-28 14:00:00,2024-11-28,3.6614584922790527
2024-11,historical_average,-1,6,2024-11-28 12:00:00,2024-11-28 17:00:00,2024-11-28,4.7395830154418945
2024-11,historical_average,-1,1,2024-11-28 13:00:00,2024-11-28 13:00:00,2024-11-28,3.4010422229766846
2024-11,historical_average,-1,2,2024-11-28 13:00:00,2024-11-28 14:00:00,2024-11-28,3.6614584922790527
2024-11,historical_average,-1,3,2024-11-28 13:00:00,2024-11-28 15:00:00,2024-11-28,3.3958334922790527
2024-11,historical_average,-1,6,2024-11-28 13:00:00,2024-11-28 18:00:00,2024-11-28,4.3229169845581055
2024-11,historical_average,-1,1,2024-11-28 14:00:00,2024-11-28 14:00:00,2024-11-28,3.6614584922790527
2024-11,historical_average,-1,2,2024-11-28 14:00:00,2024-11-28 15:00:00,2024-11-28,3.3958334922790527
2024-11,historical_average,-1,3,2024-11-28 14:00:00,2024-11-28 16:00:00,2024-11-28,3.75
2024-11,historical_average,-1,6,2024-11-28 14:00:00,2024-11-28 19:00:00,2024-11-28,3.78125
2024-11,historical_average,-1,1,2024-11-28 15:00:00,2024-11-28 15:00:00,2024-11-28,3.3958334922790527
2024-11,historical_average,-1,2,2024-11-28 15:00:00,2024-11-28 16:00:00,2024-11-28,3.75
2024-11,historical_average,-1,3,2024-11-28 15:00:00,2024-11-28 17:00:00,2024-11-28,4.7395830154418945
2024-11,historical_average,-1,6,2024-11-28 15:00:00,2024-11-28 20:00:00,2024-11-28,3.593750476837158
2024-11,historical_average,-1,1,2024-11-28 16:00:00,2024-11-28 16:00:00,2024-11-28,3.75
2024-11,historical_average,-1,2,2024-11-28 16:00:00,2024-11-28 17:00:00,2024-11-28,4.7395830154418945
2024-11,historical_average,-1,3,2024-11-28 16:00:00,2024-11-28 18:00:00,2024-11-28,4.3229169845581055
2024-11,historical_average,-1,6,2024-11-28 16:00:00,2024-11-28 21:00:00,2024-11-28,3.5885415077209473
2024-11,historical_average,-1,1,2024-11-28 17:00:00,2024-11-28 17:00:00,2024-11-28,4.7395830154418945
2024-11,historical_average,-1,2,2024-11-28 17:00:00,2024-11-28 18:00:00,2024-11-28,4.3229169845581055
2024-11,historical_average,-1,3,2024-11-28 17:00:00,2024-11-28 19:00:00,2024-11-28,3.78125
2024-11,historical_average,-1,6,2024-11-28 17:00:00,2024-11-28 22:00:00,2024-11-28,3.307291269302368
2024-11,historical_average,-1,1,2024-11-28 18:00:00,2024-11-28 18:00:00,2024-11-28,4.3229169845581055
2024-11,historical_average,-1,2,2024-11-28 18:00:00,2024-11-28 19:00:00,2024-11-28,3.78125
2024-11,historical_average,-1,3,2024-11-28 18:00:00,2024-11-28 20:00:00,2024-11-28,3.593750476837158
2024-11,historical_average,-1,6,2024-11-28 18:00:00,2024-11-28 23:00:00,2024-11-28,4.375
2024-11,historical_average,-1,1,2024-11-28 19:00:00,2024-11-28 19:00:00,2024-11-28,3.78125
2024-11,historical_average,-1,2,2024-11-28 19:00:00,2024-11-28 20:00:00,2024-11-28,3.593750476837158
2024-11,historical_average,-1,3,2024-11-28 19:00:00,2024-11-28 21:00:00,2024-11-28,3.5885415077209473
2024-11,historical_average,-1,6,2024-11-28 19:00:00,2024-11-29 00:00:00,2024-11-29,4.3854169845581055
2024-11,historical_average,-1,1,2024-11-28 20:00:00,2024-11-28 20:00:00,2024-11-28,3.593750476837158
2024-11,historical_average,-1,2,2024-11-28 20:00:00,2024-11-28 21:00:00,2024-11-28,3.5885415077209473
2024-11,historical_average,-1,3,2024-11-28 20:00:00,2024-11-28 22:00:00,2024-11-28,3.307291269302368
2024-11,historical_average,-1,6,2024-11-28 20:00:00,2024-11-29 01:00:00,2024-11-29,4.869791507720947
2024-11,historical_average,-1,1,2024-11-28 21:00:00,2024-11-28 21:00:00,2024-11-28,3.5885415077209473
2024-11,historical_average,-1,2,2024-11-28 21:00:00,2024-11-28 22:00:00,2024-11-28,3.307291269302368
2024-11,historical_average,-1,3,2024-11-28 21:00:00,2024-11-28 23:00:00,2024-11-28,4.375
2024-11,historical_average,-1,6,2024-11-28 21:00:00,2024-11-29 02:00:00,2024-11-29,3.6614584922790527
2024-11,historical_average,-1,1,2024-11-28 22:00:00,2024-11-28 22:00:00,2024-11-28,3.307291269302368
2024-11,historical_average,-1,2,2024-11-28 22:00:00,2024-11-28 23:00:00,2024-11-28,4.375
2024-11,historical_average,-1,3,2024-11-28 22:00:00,2024-11-29 00:00:00,2024-11-29,4.3854169845581055
2024-11,historical_average,-1,6,2024-11-28 22:00:00,2024-11-29 03:00:00,2024-11-29,6.0729169845581055
2024-11,historical_average,-1,1,2024-11-28 23:00:00,2024-11-28 23:00:00,2024-11-28,4.375
2024-11,historical_average,-1,2,2024-11-28 23:00:00,2024-11-29 00:00:00,2024-11-29,4.3854169845581055
2024-11,historical_average,-1,3,2024-11-28 23:00:00,2024-11-29 01:00:00,2024-11-29,4.869791507720947
2024-11,historical_average,-1,6,2024-11-28 23:00:00,2024-11-29 04:00:00,2024-11-29,5.687499523162842
2024-11,historical_average,-1,1,2024-11-29 00:00:00,2024-11-29 00:00:00,2024-11-29,4.3854169845581055
2024-11,historical_average,-1,2,2024-11-29 00:00:00,2024-11-29 01:00:00,2024-11-29,4.869791507720947
2024-11,historical_average,-1,3,2024-11-29 00:00:00,2024-11-29 02:00:00,2024-11-29,3.6614584922790527
2024-11,historical_average,-1,6,2024-11-29 00:00:00,2024-11-29 05:00:00,2024-11-29,4.25
2024-11,historical_average,-1,1,2024-11-29 01:00:00,2024-11-29 01:00:00,2024-11-29,4.869791507720947
2024-11,historical_average,-1,2,2024-11-29 01:00:00,2024-11-29 02:00:00,2024-11-29,3.6614584922790527
2024-11,historical_average,-1,3,2024-11-29 01:00:00,2024-11-29 03:00:00,2024-11-29,6.0729169845581055
2024-11,historical_average,-1,6,2024-11-29 01:00:00,2024-11-29 06:00:00,2024-11-29,3.0052082538604736
2024-11,historical_average,-1,1,2024-11-29 02:00:00,2024-11-29 02:00:00,2024-11-29,3.6614584922790527
2024-11,historical_average,-1,2,2024-11-29 02:00:00,2024-11-29 03:00:00,2024-11-29,6.0729169845581055
2024-11,historical_average,-1,3,2024-11-29 02:00:00,2024-11-29 04:00:00,2024-11-29,5.687499523162842
2024-11,historical_average,-1,6,2024-11-29 02:00:00,2024-11-29 07:00:00,2024-11-29,3.234375238418579
2024-11,historical_average,-1,1,2024-11-29 03:00:00,2024-11-29 03:00:00,2024-11-29,6.0729169845581055
2024-11,historical_average,-1,2,2024-11-29 03:00:00,2024-11-29 04:00:00,2024-11-29,5.687499523162842
2024-11,historical_average,-1,3,2024-11-29 03:00:00,2024-11-29 05:00:00,2024-11-29,4.25
2024-11,historical_average,-1,6,2024-11-29 03:00:00,2024-11-29 08:00:00,2024-11-29,3.4270832538604736
2024-11,historical_average,-1,1,2024-11-29 04:00:00,2024-11-29 04:00:00,2024-11-29,5.687499523162842
2024-11,historical_average,-1,2,2024-11-29 04:00:00,2024-11-29 05:00:00,2024-11-29,4.25
2024-11,historical_average,-1,3,2024-11-29 04:00:00,2024-11-29 06:00:00,2024-11-29,3.0052082538604736
2024-11,historical_average,-1,6,2024-11-29 04:00:00,2024-11-29 09:00:00,2024-11-29,2.9010419845581055
2024-11,historical_average,-1,1,2024-11-29 05:00:00,2024-11-29 05:00:00,2024-11-29,4.25
2024-11,historical_average,-1,2,2024-11-29 05:00:00,2024-11-29 06:00:00,2024-11-29,3.0052082538604736
2024-11,historical_average,-1,3,2024-11-29 05:00:00,2024-11-29 07:00:00,2024-11-29,3.234375238418579
2024-11,historical_average,-1,6,2024-11-29 05:00:00,2024-11-29 10:00:00,2024-11-29,3.500000476837158
2024-11,historical_average,-1,1,2024-11-29 06:00:00,2024-11-29 06:00:00,2024-11-29,3.0052082538604736
2024-11,historical_average,-1,2,2024-11-29 06:00:00,2024-11-29 07:00:00,2024-11-29,3.234375238418579
2024-11,historical_average,-1,3,2024-11-29 06:00:00,2024-11-29 08:00:00,2024-11-29,3.4270832538604736
2024-11,historical_average,-1,6,2024-11-29 06:00:00,2024-11-29 11:00:00,2024-11-29,3.3854167461395264
2024-11,historical_average,-1,1,2024-11-29 07:00:00,2024-11-29 07:00:00,2024-11-29,3.234375238418579
2024-11,historical_average,-1,2,2024-11-29 07:00:00,2024-11-29 08:00:00,2024-11-29,3.4270832538604736
2024-11,historical_average,-1,3,2024-11-29 07:00:00,2024-11-29 09:00:00,2024-11-29,2.9010419845581055
2024-11,historical_average,-1,6,2024-11-29 07:00:00,2024-11-29 12:00:00,2024-11-29,2.7708334922790527
2024-11,historical_average,-1,1,2024-11-29 08:00:00,2024-11-29 08:00:00,2024-11-29,3.4270832538604736
2024-11,historical_average,-1,2,2024-11-29 08:00:00,2024-11-29 09:00:00,2024-11-29,2.9010419845581055
2024-11,historical_average,-1,3,2024-11-29 08:00:00,2024-11-29 10:00:00,2024-11-29,3.500000476837158
2024-11,historical_average,-1,6,2024-11-29 08:00:00,2024-11-29 13:00:00,2024-11-29,3.3854169845581055
2024-11,historical_average,-1,1,2024-11-29 09:00:00,2024-11-29 09:00:00,2024-11-29,2.9010419845581055
2024-11,historical_average,-1,2,2024-11-29 09:00:00,2024-11-29 10:00:00,2024-11-29,3.500000476837158
2024-11,historical_average,-1,3,2024-11-29 09:00:00,2024-11-29 11:00:00,2024-11-29,3.3854167461395264
2024-11,historical_average,-1,6,2024-11-29 09:00:00,2024-11-29 14:00:00,2024-11-29,3.5052084922790527
2024-11,historical_average,-1,1,2024-11-29 10:00:00,2024-11-29 10:00:00,2024-11-29,3.500000476837158
2024-11,historical_average,-1,2,2024-11-29 10:00:00,2024-11-29 11:00:00,2024-11-29,3.3854167461395264
2024-11,historical_average,-1,3,2024-11-29 10:00:00,2024-11-29 12:00:00,2024-11-29,2.7708334922790527
2024-11,historical_average,-1,6,2024-11-29 10:00:00,2024-11-29 15:00:00,2024-11-29,3.4739584922790527
2024-11,historical_average,-1,1,2024-11-29 11:00:00,2024-11-29 11:00:00,2024-11-29,3.3854167461395264
2024-11,historical_average,-1,2,2024-11-29 11:00:00,2024-11-29 12:00:00,2024-11-29,2.7708334922790527
2024-11,historical_average,-1,3,2024-11-29 11:00:00,2024-11-29 13:00:00,2024-11-29,3.3854169845581055
2024-11,historical_average,-1,6,2024-11-29 11:00:00,2024-11-29 16:00:00,2024-11-29,3.359374761581421
2024-11,historical_average,-1,1,2024-11-29 12:00:00,2024-11-29 12:00:00,2024-11-29,2.7708334922790527
2024-11,historical_average,-1,2,2024-11-29 12:00:00,2024-11-29 13:00:00,2024-11-29,3.3854169845581055
2024-11,historical_average,-1,3,2024-11-29 12:00:00,2024-11-29 14:00:00,2024-11-29,3.5052084922790527
2024-11,historical_average,-1,6,2024-11-29 12:00:00,2024-11-29 17:00:00,2024-11-29,4.40625
2024-11,historical_average,-1,1,2024-11-29 13:00:00,2024-11-29 13:00:00,2024-11-29,3.3854169845581055
2024-11,historical_average,-1,2,2024-11-29 13:00:00,2024-11-29 14:00:00,2024-11-29,3.5052084922790527
2024-11,historical_average,-1,3,2024-11-29 13:00:00,2024-11-29 15:00:00,2024-11-29,3.4739584922790527
2024-11,historical_average,-1,6,2024-11-29 13:00:00,2024-11-29 18:00:00,2024-11-29,4.536458492279053
2024-11,historical_average,-1,1,2024-11-29 14:00:00,2024-11-29 14:00:00,2024-11-29,3.5052084922790527
2024-11,historical_average,-1,2,2024-11-29 14:00:00,2024-11-29 15:00:00,2024-11-29,3.4739584922790527
2024-11,historical_average,-1,3,2024-11-29 14:00:00,2024-11-29 16:00:00,2024-11-29,3.359374761581421
2024-11,historical_average,-1,6,2024-11-29 14:00:00,2024-11-29 19:00:00,2024-11-29,4.286458492279053
2024-11,historical_average,-1,1,2024-11-29 15:00:00,2024-11-29 15:00:00,2024-11-29,3.4739584922790527
2024-11,historical_average,-1,2,2024-11-29 15:00:00,2024-11-29 16:00:00,2024-11-29,3.359374761581421
2024-11,historical_average,-1,3,2024-11-29 15:00:00,2024-11-29 17:00:00,2024-11-29,4.40625
2024-11,historical_average,-1,6,2024-11-29 15:00:00,2024-11-29 20:00:00,2024-11-29,4.140625
2024-11,historical_average,-1,1,2024-11-29 16:00:00,2024-11-29 16:00:00,2024-11-29,3.359374761581421
2024-11,historical_average,-1,2,2024-11-29 16:00:00,2024-11-29 17:00:00,2024-11-29,4.40625
2024-11,historical_average,-1,3,2024-11-29 16:00:00,2024-11-29 18:00:00,2024-11-29,4.536458492279053
2024-11,historical_average,-1,6,2024-11-29 16:00:00,2024-11-29 21:00:00,2024-11-29,2.9479174613952637
2024-11,historical_average,-1,1,2024-11-29 17:00:00,2024-11-29 17:00:00,2024-11-29,4.40625
2024-11,historical_average,-1,2,2024-11-29 17:00:00,2024-11-29 18:00:00,2024-11-29,4.536458492279053
2024-11,historical_average,-1,3,2024-11-29 17:00:00,2024-11-29 19:00:00,2024-11-29,4.286458492279053
2024-11,historical_average,-1,6,2024-11-29 17:00:00,2024-11-29 22:00:00,2024-11-29,4.0989580154418945
2024-11,historical_average,-1,1,2024-11-29 18:00:00,2024-11-29 18:00:00,2024-11-29,4.536458492279053
2024-11,historical_average,-1,2,2024-11-29 18:00:00,2024-11-29 19:00:00,2024-11-29,4.286458492279053
2024-11,historical_average,-1,3,2024-11-29 18:00:00,2024-11-29 20:00:00,2024-11-29,4.140625
2024-11,historical_average,-1,6,2024-11-29 18:00:00,2024-11-29 23:00:00,2024-11-29,3.0104165077209473
2024-11,historical_average,-1,1,2024-11-29 19:00:00,2024-11-29 19:00:00,2024-11-29,4.286458492279053
2024-11,historical_average,-1,2,2024-11-29 19:00:00,2024-11-29 20:00:00,2024-11-29,4.140625
2024-11,historical_average,-1,3,2024-11-29 19:00:00,2024-11-29 21:00:00,2024-11-29,2.9479174613952637
2024-11,historical_average,-1,6,2024-11-29 19:00:00,2024-11-30 00:00:00,2024-11-30,4.177083492279053
2024-11,historical_average,-1,1,2024-11-29 20:00:00,2024-11-29 20:00:00,2024-11-29,4.140625
2024-11,historical_average,-1,2,2024-11-29 20:00:00,2024-11-29 21:00:00,2024-11-29,2.9479174613952637
2024-11,historical_average,-1,3,2024-11-29 20:00:00,2024-11-29 22:00:00,2024-11-29,4.0989580154418945
2024-11,historical_average,-1,6,2024-11-29 20:00:00,2024-11-30 01:00:00,2024-11-30,4.5885419845581055
2024-11,historical_average,-1,1,2024-11-29 21:00:00,2024-11-29 21:00:00,2024-11-29,2.9479174613952637
2024-11,historical_average,-1,2,2024-11-29 21:00:00,2024-11-29 22:00:00,2024-11-29,4.0989580154418945
2024-11,historical_average,-1,3,2024-11-29 21:00:00,2024-11-29 23:00:00,2024-11-29,3.0104165077209473
2024-11,historical_average,-1,6,2024-11-29 21:00:00,2024-11-30 02:00:00,2024-11-30,8.067708015441895
2024-11,historical_average,-1,1,2024-11-29 22:00:00,2024-11-29 22:00:00,2024-11-29,4.0989580154418945
2024-11,historical_average,-1,2,2024-11-29 22:00:00,2024-11-29 23:00:00,2024-11-29,3.0104165077209473
2024-11,historical_average,-1,3,2024-11-29 22:00:00,2024-11-30 00:00:00,2024-11-30,4.177083492279053
2024-11,historical_average,-1,6,2024-11-29 22:00:00,2024-11-30 03:00:00,2024-11-30,5.453125
2024-11,historical_average,-1,1,2024-11-29 23:00:00,2024-11-29 23:00:00,2024-11-29,3.0104165077209473
2024-11,historical_average,-1,2,2024-11-29 23:00:00,2024-11-30 00:00:00,2024-11-30,4.177083492279053
2024-11,historical_average,-1,3,2024-11-29 23:00:00,2024-11-30 01:00:00,2024-11-30,4.5885419845581055
2024-11,historical_average,-1,6,2024-11-29 23:00:00,2024-11-30 04:00:00,2024-11-30,6.583333969116211
2024-11,historical_average,-1,1,2024-11-30 00:00:00,2024-11-30 00:00:00,2024-11-30,4.177083492279053
2024-11,historical_average,-1,2,2024-11-30 00:00:00,2024-11-30 01:00:00,2024-11-30,4.5885419845581055
2024-11,historical_average,-1,3,2024-11-30 00:00:00,2024-11-30 02:00:00,2024-11-30,8.067708015441895
2024-11,historical_average,-1,6,2024-11-30 00:00:00,2024-11-30 05:00:00,2024-11-30,4.1458330154418945
2024-11,historical_average,-1,1,2024-11-30 01:00:00,2024-11-30 01:00:00,2024-11-30,4.5885419845581055
2024-11,historical_average,-1,2,2024-11-30 01:00:00,2024-11-30 02:00:00,2024-11-30,8.067708015441895
2024-11,historical_average,-1,3,2024-11-30 01:00:00,2024-11-30 03:00:00,2024-11-30,5.453125
2024-11,historical_average,-1,6,2024-11-30 01:00:00,2024-11-30 06:00:00,2024-11-30,3.46875
2024-11,historical_average,-1,1,2024-11-30 02:00:00,2024-11-30 02:00:00,2024-11-30,8.067708015441895
2024-11,historical_average,-1,2,2024-11-30 02:00:00,2024-11-30 03:00:00,2024-11-30,5.453125
2024-11,historical_average,-1,3,2024-11-30 02:00:00,2024-11-30 04:00:00,2024-11-30,6.583333969116211
2024-11,historical_average,-1,6,2024-11-30 02:00:00,2024-11-30 07:00:00,2024-11-30,2.9479167461395264
2024-11,historical_average,-1,1,2024-11-30 03:00:00,2024-11-30 03:00:00,2024-11-30,5.453125
2024-11,historical_average,-1,2,2024-11-30 03:00:00,2024-11-30 04:00:00,2024-11-30,6.583333969116211
2024-11,historical_average,-1,3,2024-11-30 03:00:00,2024-11-30 05:00:00,2024-11-30,4.1458330154418945
2024-11,historical_average,-1,6,2024-11-30 03:00:00,2024-11-30 08:00:00,2024-11-30,3.1145830154418945
2024-11,historical_average,-1,1,2024-11-30 04:00:00,2024-11-30 04:00:00,2024-11-30,6.583333969116211
2024-11,historical_average,-1,2,2024-11-30 04:00:00,2024-11-30 05:00:00,2024-11-30,4.1458330154418945
2024-11,historical_average,-1,3,2024-11-30 04:00:00,2024-11-30 06:00:00,2024-11-30,3.46875
2024-11,historical_average,-1,6,2024-11-30 04:00:00,2024-11-30 09:00:00,2024-11-30,3.187500238418579
2024-11,historical_average,-1,1,2024-11-30 05:00:00,2024-11-30 05:00:00,2024-11-30,4.1458330154418945
2024-11,historical_average,-1,2,2024-11-30 05:00:00,2024-11-30 06:00:00,2024-11-30,3.46875
2024-11,historical_average,-1,3,2024-11-30 05:00:00,2024-11-30 07:00:00,2024-11-30,2.9479167461395264
2024-11,historical_average,-1,6,2024-11-30 05:00:00,2024-11-30 10:00:00,2024-11-30,2.9427082538604736
2024-11,historical_average,-1,1,2024-11-30 06:00:00,2024-11-30 06:00:00,2024-11-30,3.46875
2024-11,historical_average,-1,2,2024-11-30 06:00:00,2024-11-30 07:00:00,2024-11-30,2.9479167461395264
2024-11,historical_average,-1,3,2024-11-30 06:00:00,2024-11-30 08:00:00,2024-11-30,3.1145830154418945
2024-11,historical_average,-1,6,2024-11-30 06:00:00,2024-11-30 11:00:00,2024-11-30,3.2708330154418945
2024-11,historical_average,-1,1,2024-11-30 07:00:00,2024-11-30 07:00:00,2024-11-30,2.9479167461395264
2024-11,historical_average,-1,2,2024-11-30 07:00:00,2024-11-30 08:00:00,2024-11-30,3.1145830154418945
2024-11,historical_average,-1,3,2024-11-30 07:00:00,2024-11-30 09:00:00,2024-11-30,3.187500238418579
2024-11,historical_average,-1,6,2024-11-30 07:00:00,2024-11-30 12:00:00,2024-11-30,4.088541507720947
2024-11,historical_average,-1,1,2024-11-30 08:00:00,2024-11-30 08:00:00,2024-11-30,3.1145830154418945
2024-11,historical_average,-1,2,2024-11-30 08:00:00,2024-11-30 09:00:00,2024-11-30,3.187500238418579
2024-11,historical_average,-1,3,2024-11-30 08:00:00,2024-11-30 10:00:00,2024-11-30,2.9427082538604736
2024-11,historical_average,-1,6,2024-11-30 08:00:00,2024-11-30 13:00:00,2024-11-30,4.34375
2024-11,historical_average,-1,1,2024-11-30 09:00:00,2024-11-30 09:00:00,2024-11-30,3.187500238418579
2024-11,historical_average,-1,2,2024-11-30 09:00:00,2024-11-30 10:00:00,2024-11-30,2.9427082538604736
2024-11,historical_average,-1,3,2024-11-30 09:00:00,2024-11-30 11:00:00,2024-11-30,3.2708330154418945
2024-11,historical_average,-1,6,2024-11-30 09:00:00,2024-11-30 14:00:00,2024-11-30,3.3489582538604736
2024-11,historical_average,-1,1,2024-11-30 10:00:00,2024-11-30 10:00:00,2024-11-30,2.9427082538604736
2024-11,historical_average,-1,2,2024-11-30 10:00:00,2024-11-30 11:00:00,2024-11-30,3.2708330154418945
2024-11,historical_average,-1,3,2024-11-30 10:00:00,2024-11-30 12:00:00,2024-11-30,4.088541507720947
2024-11,historical_average,-1,6,2024-11-30 10:00:00,2024-11-30 15:00:00,2024-11-30,3.2291674613952637
2024-11,historical_average,-1,1,2024-11-30 11:00:00,2024-11-30 11:00:00,2024-11-30,3.2708330154418945
2024-11,historical_average,-1,2,2024-11-30 11:00:00,2024-11-30 12:00:00,2024-11-30,4.088541507720947
2024-11,historical_average,-1,3,2024-11-30 11:00:00,2024-11-30 13:00:00,2024-11-30,4.34375
2024-11,historical_average,-1,6,2024-11-30 11:00:00,2024-11-30 16:00:00,2024-11-30,4.947916507720947
2024-11,historical_average,-1,1,2024-11-30 12:00:00,2024-11-30 12:00:00,2024-11-30,4.088541507720947
2024-11,historical_average,-1,2,2024-11-30 12:00:00,2024-11-30 13:00:00,2024-11-30,4.34375
2024-11,historical_average,-1,3,2024-11-30 12:00:00,2024-11-30 14:00:00,2024-11-30,3.3489582538604736
2024-11,historical_average,-1,6,2024-11-30 12:00:00,2024-11-30 17:00:00,2024-11-30,4.671875
2024-11,historical_average,-1,1,2024-11-30 13:00:00,2024-11-30 13:00:00,2024-11-30,4.34375
2024-11,historical_average,-1,2,2024-11-30 13:00:00,2024-11-30 14:00:00,2024-11-30,3.3489582538604736
2024-11,historical_average,-1,3,2024-11-30 13:00:00,2024-11-30 15:00:00,2024-11-30,3.2291674613952637
2024-11,historical_average,-1,6,2024-11-30 13:00:00,2024-11-30 18:00:00,2024-11-30,4.901041030883789
2024-11,historical_average,-1,1,2024-11-30 14:00:00,2024-11-30 14:00:00,2024-11-30,3.3489582538604736
2024-11,historical_average,-1,2,2024-11-30 14:00:00,2024-11-30 15:00:00,2024-11-30,3.2291674613952637
2024-11,historical_average,-1,3,2024-11-30 14:00:00,2024-11-30 16:00:00,2024-11-30,4.947916507720947
2024-11,historical_average,-1,6,2024-11-30 14:00:00,2024-11-30 19:00:00,2024-11-30,3.8697915077209473
2024-11,historical_average,-1,1,2024-11-30 15:00:00,2024-11-30 15:00:00,2024-11-30,3.2291674613952637
2024-11,historical_average,-1,2,2024-11-30 15:00:00,2024-11-30 16:00:00,2024-11-30,4.947916507720947
2024-11,historical_average,-1,3,2024-11-30 15:00:00,2024-11-30 17:00:00,2024-11-30,4.671875
2024-11,historical_average,-1,6,2024-11-30 15:00:00,2024-11-30 20:00:00,2024-11-30,3.859375
2024-11,historical_average,-1,1,2024-11-30 16:00:00,2024-11-30 16:00:00,2024-11-30,4.947916507720947
2024-11,historical_average,-1,2,2024-11-30 16:00:00,2024-11-30 17:00:00,2024-11-30,4.671875
2024-11,historical_average,-1,3,2024-11-30 16:00:00,2024-11-30 18:00:00,2024-11-30,4.901041030883789
2024-11,historical_average,-1,6,2024-11-30 16:00:00,2024-11-30 21:00:00,2024-11-30,4.114583492279053
2024-11,historical_average,-1,1,2024-11-30 17:00:00,2024-11-30 17:00:00,2024-11-30,4.671875
2024-11,historical_average,-1,2,2024-11-30 17:00:00,2024-11-30 18:00:00,2024-11-30,4.901041030883789
2024-11,historical_average,-1,3,2024-11-30 17:00:00,2024-11-30 19:00:00,2024-11-30,3.8697915077209473
2024-11,historical_average,-1,6,2024-11-30 17:00:00,2024-11-30 22:00:00,2024-11-30,4.4427080154418945
2024-11,temporal_mlp,2026,1,2024-11-26 12:00:00,2024-11-26 12:00:00,2024-11-26,2.2150139808654785
2024-11,temporal_mlp,2026,2,2024-11-26 12:00:00,2024-11-26 13:00:00,2024-11-26,2.9119532108306885
2024-11,temporal_mlp,2026,3,2024-11-26 12:00:00,2024-11-26 14:00:00,2024-11-26,2.7553131580352783
2024-11,temporal_mlp,2026,6,2024-11-26 12:00:00,2024-11-26 17:00:00,2024-11-26,5.564352989196777
2024-11,temporal_mlp,2026,1,2024-11-26 13:00:00,2024-11-26 13:00:00,2024-11-26,2.6596293449401855
2024-11,temporal_mlp,2026,2,2024-11-26 13:00:00,2024-11-26 14:00:00,2024-11-26,2.7885971069335938
2024-11,temporal_mlp,2026,3,2024-11-26 13:00:00,2024-11-26 15:00:00,2024-11-26,3.0216493606567383
2024-11,temporal_mlp,2026,6,2024-11-26 13:00:00,2024-11-26 18:00:00,2024-11-26,6.0300798416137695
2024-11,temporal_mlp,2026,1,2024-11-26 14:00:00,2024-11-26 14:00:00,2024-11-26,2.4086155891418457
2024-11,temporal_mlp,2026,2,2024-11-26 14:00:00,2024-11-26 15:00:00,2024-11-26,2.8355495929718018
2024-11,temporal_mlp,2026,3,2024-11-26 14:00:00,2024-11-26 16:00:00,2024-11-26,3.39269757270813
2024-11,temporal_mlp,2026,6,2024-11-26 14:00:00,2024-11-26 19:00:00,2024-11-26,4.074349403381348
2024-11,temporal_mlp,2026,1,2024-11-26 15:00:00,2024-11-26 15:00:00,2024-11-26,2.634974479675293
2024-11,temporal_mlp,2026,2,2024-11-26 15:00:00,2024-11-26 16:00:00,2024-11-26,3.536371946334839
2024-11,temporal_mlp,2026,3,2024-11-26 15:00:00,2024-11-26 17:00:00,2024-11-26,5.313772678375244
2024-11,temporal_mlp,2026,6,2024-11-26 15:00:00,2024-11-26 20:00:00,2024-11-26,3.6902806758880615
2024-11,temporal_mlp,2026,1,2024-11-26 16:00:00,2024-11-26 16:00:00,2024-11-26,3.135706663131714
2024-11,temporal_mlp,2026,2,2024-11-26 16:00:00,2024-11-26 17:00:00,2024-11-26,4.791743278503418
2024-11,temporal_mlp,2026,3,2024-11-26 16:00:00,2024-11-26 18:00:00,2024-11-26,5.689006805419922
2024-11,temporal_mlp,2026,6,2024-11-26 16:00:00,2024-11-26 21:00:00,2024-11-26,4.532215595245361
2024-11,temporal_mlp,2026,1,2024-11-26 17:00:00,2024-11-26 17:00:00,2024-11-26,4.472410202026367
2024-11,temporal_mlp,2026,2,2024-11-26 17:00:00,2024-11-26 18:00:00,2024-11-26,5.269207000732422
2024-11,temporal_mlp,2026,3,2024-11-26 17:00:00,2024-11-26 19:00:00,2024-11-26,3.779606342315674
2024-11,temporal_mlp,2026,6,2024-11-26 17:00:00,2024-11-26 22:00:00,2024-11-26,4.927414894104004
2024-11,temporal_mlp,2026,1,2024-11-26 18:00:00,2024-11-26 18:00:00,2024-11-26,5.166313171386719
2024-11,temporal_mlp,2026,2,2024-11-26 18:00:00,2024-11-26 19:00:00,2024-11-26,3.671149253845215
2024-11,temporal_mlp,2026,3,2024-11-26 18:00:00,2024-11-26 20:00:00,2024-11-26,3.635840654373169
2024-11,temporal_mlp,2026,6,2024-11-26 18:00:00,2024-11-26 23:00:00,2024-11-26,4.588728904724121
2024-11,temporal_mlp,2026,1,2024-11-26 19:00:00,2024-11-26 19:00:00,2024-11-26,3.339043140411377
2024-11,temporal_mlp,2026,2,2024-11-26 19:00:00,2024-11-26 20:00:00,2024-11-26,3.4779043197631836
2024-11,temporal_mlp,2026,3,2024-11-26 19:00:00,2024-11-26 21:00:00,2024-11-26,4.988647937774658
2024-11,temporal_mlp,2026,6,2024-11-26 19:00:00,2024-11-27 00:00:00,2024-11-27,3.5816879272460938
2024-11,temporal_mlp,2026,1,2024-11-26 20:00:00,2024-11-26 20:00:00,2024-11-26,3.3040566444396973
2024-11,temporal_mlp,2026,2,2024-11-26 20:00:00,2024-11-26 21:00:00,2024-11-26,4.431881904602051
2024-11,temporal_mlp,2026,3,2024-11-26 20:00:00,2024-11-26 22:00:00,2024-11-26,4.664357662200928
2024-11,temporal_mlp,2026,6,2024-11-26 20:00:00,2024-11-27 01:00:00,2024-11-27,5.2166900634765625
2024-11,temporal_mlp,2026,1,2024-11-26 21:00:00,2024-11-26 21:00:00,2024-11-26,4.223066806793213
2024-11,temporal_mlp,2026,2,2024-11-26 21:00:00,2024-11-26 22:00:00,2024-11-26,4.91554069519043
2024-11,temporal_mlp,2026,3,2024-11-26 21:00:00,2024-11-26 23:00:00,2024-11-26,4.579073429107666
2024-11,temporal_mlp,2026,6,2024-11-26 21:00:00,2024-11-27 02:00:00,2024-11-27,4.590825080871582
2024-11,temporal_mlp,2026,1,2024-11-26 22:00:00,2024-11-26 22:00:00,2024-11-26,4.749307632446289
2024-11,temporal_mlp,2026,2,2024-11-26 22:00:00,2024-11-26 23:00:00,2024-11-26,3.966097354888916
2024-11,temporal_mlp,2026,3,2024-11-26 22:00:00,2024-11-27 00:00:00,2024-11-27,3.561481475830078
2024-11,temporal_mlp,2026,6,2024-11-26 22:00:00,2024-11-27 03:00:00,2024-11-27,5.038119316101074
2024-11,temporal_mlp,2026,1,2024-11-26 23:00:00,2024-11-26 23:00:00,2024-11-26,4.198841571807861
2024-11,temporal_mlp,2026,2,2024-11-26 23:00:00,2024-11-27 00:00:00,2024-11-27,3.6374714374542236
2024-11,temporal_mlp,2026,3,2024-11-26 23:00:00,2024-11-27 01:00:00,2024-11-27,5.020376205444336
2024-11,temporal_mlp,2026,6,2024-11-26 23:00:00,2024-11-27 04:00:00,2024-11-27,6.819580078125
2024-11,temporal_mlp,2026,1,2024-11-27 00:00:00,2024-11-27 00:00:00,2024-11-27,3.9318108558654785
2024-11,temporal_mlp,2026,2,2024-11-27 00:00:00,2024-11-27 01:00:00,2024-11-27,4.803679466247559
2024-11,temporal_mlp,2026,3,2024-11-27 00:00:00,2024-11-27 02:00:00,2024-11-27,4.427311897277832
2024-11,temporal_mlp,2026,6,2024-11-27 00:00:00,2024-11-27 05:00:00,2024-11-27,3.7675375938415527
2024-11,temporal_mlp,2026,1,2024-11-27 01:00:00,2024-11-27 01:00:00,2024-11-27,4.775601863861084
2024-11,temporal_mlp,2026,2,2024-11-27 01:00:00,2024-11-27 02:00:00,2024-11-27,4.359158515930176
2024-11,temporal_mlp,2026,3,2024-11-27 01:00:00,2024-11-27 03:00:00,2024-11-27,5.207662105560303
2024-11,temporal_mlp,2026,6,2024-11-27 01:00:00,2024-11-27 06:00:00,2024-11-27,2.784364700317383
2024-11,temporal_mlp,2026,1,2024-11-27 02:00:00,2024-11-27 02:00:00,2024-11-27,4.347262859344482
2024-11,temporal_mlp,2026,2,2024-11-27 02:00:00,2024-11-27 03:00:00,2024-11-27,5.148406982421875
2024-11,temporal_mlp,2026,3,2024-11-27 02:00:00,2024-11-27 04:00:00,2024-11-27,6.736874103546143
2024-11,temporal_mlp,2026,6,2024-11-27 02:00:00,2024-11-27 07:00:00,2024-11-27,2.9739456176757812
2024-11,temporal_mlp,2026,1,2024-11-27 03:00:00,2024-11-27 03:00:00,2024-11-27,4.962236404418945
2024-11,temporal_mlp,2026,2,2024-11-27 03:00:00,2024-11-27 04:00:00,2024-11-27,6.882295608520508
2024-11,temporal_mlp,2026,3,2024-11-27 03:00:00,2024-11-27 05:00:00,2024-11-27,3.9874134063720703
2024-11,temporal_mlp,2026,6,2024-11-27 03:00:00,2024-11-27 08:00:00,2024-11-27,2.9281725883483887
2024-11,temporal_mlp,2026,1,2024-11-27 04:00:00,2024-11-27 04:00:00,2024-11-27,6.8023362159729
2024-11,temporal_mlp,2026,2,2024-11-27 04:00:00,2024-11-27 05:00:00,2024-11-27,3.852950096130371
2024-11,temporal_mlp,2026,3,2024-11-27 04:00:00,2024-11-27 06:00:00,2024-11-27,2.8180856704711914
2024-11,temporal_mlp,2026,6,2024-11-27 04:00:00,2024-11-27 09:00:00,2024-11-27,2.5456647872924805
2024-11,temporal_mlp,2026,1,2024-11-27 05:00:00,2024-11-27 05:00:00,2024-11-27,3.8492045402526855
2024-11,temporal_mlp,2026,2,2024-11-27 05:00:00,2024-11-27 06:00:00,2024-11-27,3.200713634490967
2024-11,temporal_mlp,2026,3,2024-11-27 05:00:00,2024-11-27 07:00:00,2024-11-27,3.4663641452789307
2024-11,temporal_mlp,2026,6,2024-11-27 05:00:00,2024-11-27 10:00:00,2024-11-27,2.416062355041504
2024-11,temporal_mlp,2026,1,2024-11-27 06:00:00,2024-11-27 06:00:00,2024-11-27,3.309211254119873
2024-11,temporal_mlp,2026,2,2024-11-27 06:00:00,2024-11-27 07:00:00,2024-11-27,3.0438013076782227
2024-11,temporal_mlp,2026,3,2024-11-27 06:00:00,2024-11-27 08:00:00,2024-11-27,3.3712263107299805
2024-11,temporal_mlp,2026,6,2024-11-27 06:00:00,2024-11-27 11:00:00,2024-11-27,2.969245433807373
2024-11,temporal_mlp,2026,1,2024-11-27 07:00:00,2024-11-27 07:00:00,2024-11-27,2.9885141849517822
2024-11,temporal_mlp,2026,2,2024-11-27 07:00:00,2024-11-27 08:00:00,2024-11-27,3.254605770111084
2024-11,temporal_mlp,2026,3,2024-11-27 07:00:00,2024-11-27 09:00:00,2024-11-27,2.7615714073181152
2024-11,temporal_mlp,2026,6,2024-11-27 07:00:00,2024-11-27 12:00:00,2024-11-27,2.5989725589752197
2024-11,temporal_mlp,2026,1,2024-11-27 08:00:00,2024-11-27 08:00:00,2024-11-27,3.1838786602020264
2024-11,temporal_mlp,2026,2,2024-11-27 08:00:00,2024-11-27 09:00:00,2024-11-27,2.5932095050811768
2024-11,temporal_mlp,2026,3,2024-11-27 08:00:00,2024-11-27 10:00:00,2024-11-27,2.011814594268799
2024-11,temporal_mlp,2026,6,2024-11-27 08:00:00,2024-11-27 13:00:00,2024-11-27,2.9099905490875244
2024-11,temporal_mlp,2026,1,2024-11-27 09:00:00,2024-11-27 09:00:00,2024-11-27,2.5264174938201904
2024-11,temporal_mlp,2026,2,2024-11-27 09:00:00,2024-11-27 10:00:00,2024-11-27,1.9131444692611694
2024-11,temporal_mlp,2026,3,2024-11-27 09:00:00,2024-11-27 11:00:00,2024-11-27,2.721820592880249
2024-11,temporal_mlp,2026,6,2024-11-27 09:00:00,2024-11-27 14:00:00,2024-11-27,3.3073649406433105
2024-11,temporal_mlp,2026,1,2024-11-27 10:00:00,2024-11-27 10:00:00,2024-11-27,1.9825668334960938
2024-11,temporal_mlp,2026,2,2024-11-27 10:00:00,2024-11-27 11:00:00,2024-11-27,2.6576411724090576
2024-11,temporal_mlp,2026,3,2024-11-27 10:00:00,2024-11-27 12:00:00,2024-11-27,2.711369037628174
2024-11,temporal_mlp,2026,6,2024-11-27 10:00:00,2024-11-27 15:00:00,2024-11-27,3.701833963394165
2024-11,temporal_mlp,2026,1,2024-11-27 11:00:00,2024-11-27 11:00:00,2024-11-27,2.5060296058654785
2024-11,temporal_mlp,2026,2,2024-11-27 11:00:00,2024-11-27 12:00:00,2024-11-27,2.6683759689331055
2024-11,temporal_mlp,2026,3,2024-11-27 11:00:00,2024-11-27 13:00:00,2024-11-27,3.012965440750122
2024-11,temporal_mlp,2026,6,2024-11-27 11:00:00,2024-11-27 16:00:00,2024-11-27,3.5964608192443848
2024-11,temporal_mlp,2026,1,2024-11-27 12:00:00,2024-11-27 12:00:00,2024-11-27,2.4632463455200195
2024-11,temporal_mlp,2026,2,2024-11-27 12:00:00,2024-11-27 13:00:00,2024-11-27,2.936551094055176
2024-11,temporal_mlp,2026,3,2024-11-27 12:00:00,2024-11-27 14:00:00,2024-11-27,3.0434744358062744
2024-11,temporal_mlp,2026,6,2024-11-27 12:00:00,2024-11-27 17:00:00,2024-11-27,4.257939338684082
2024-11,temporal_mlp,2026,1,2024-11-27 13:00:00,2024-11-27 13:00:00,2024-11-27,3.1275877952575684
2024-11,temporal_mlp,2026,2,2024-11-27 13:00:00,2024-11-27 14:00:00,2024-11-27,3.108431816101074
2024-11,temporal_mlp,2026,3,2024-11-27 13:00:00,2024-11-27 15:00:00,2024-11-27,3.970330238342285
2024-11,temporal_mlp,2026,6,2024-11-27 13:00:00,2024-11-27 18:00:00,2024-11-27,4.286211967468262
2024-11,temporal_mlp,2026,1,2024-11-27 14:00:00,2024-11-27 14:00:00,2024-11-27,3.129094123840332
2024-11,temporal_mlp,2026,2,2024-11-27 14:00:00,2024-11-27 15:00:00,2024-11-27,3.7361865043640137
2024-11,temporal_mlp,2026,3,2024-11-27 14:00:00,2024-11-27 16:00:00,2024-11-27,3.5103678703308105
2024-11,temporal_mlp,2026,6,2024-11-27 14:00:00,2024-11-27 19:00:00,2024-11-27,3.257844924926758
2024-11,temporal_mlp,2026,1,2024-11-27 15:00:00,2024-11-27 15:00:00,2024-11-27,3.6738829612731934
2024-11,temporal_mlp,2026,2,2024-11-27 15:00:00,2024-11-27 16:00:00,2024-11-27,3.6156530380249023
2024-11,temporal_mlp,2026,3,2024-11-27 15:00:00,2024-11-27 17:00:00,2024-11-27,4.264688014984131
2024-11,temporal_mlp,2026,6,2024-11-27 15:00:00,2024-11-27 20:00:00,2024-11-27,3.502251148223877
2024-11,temporal_mlp,2026,1,2024-11-27 16:00:00,2024-11-27 16:00:00,2024-11-27,3.657597064971924
2024-11,temporal_mlp,2026,2,2024-11-27 16:00:00,2024-11-27 17:00:00,2024-11-27,3.9835901260375977
2024-11,temporal_mlp,2026,3,2024-11-27 16:00:00,2024-11-27 18:00:00,2024-11-27,4.094202995300293
2024-11,temporal_mlp,2026,6,2024-11-27 16:00:00,2024-11-27 21:00:00,2024-11-27,4.448589324951172
2024-11,temporal_mlp,2026,1,2024-11-27 17:00:00,2024-11-27 17:00:00,2024-11-27,3.9044442176818848
2024-11,temporal_mlp,2026,2,2024-11-27 17:00:00,2024-11-27 18:00:00,2024-11-27,3.644847869873047
2024-11,temporal_mlp,2026,3,2024-11-27 17:00:00,2024-11-27 19:00:00,2024-11-27,3.324502468109131
2024-11,temporal_mlp,2026,6,2024-11-27 17:00:00,2024-11-27 22:00:00,2024-11-27,3.746234655380249
2024-11,temporal_mlp,2026,1,2024-11-27 18:00:00,2024-11-27 18:00:00,2024-11-27,3.860041379928589
2024-11,temporal_mlp,2026,2,2024-11-27 18:00:00,2024-11-27 19:00:00,2024-11-27,3.352660894393921
2024-11,temporal_mlp,2026,3,2024-11-27 18:00:00,2024-11-27 20:00:00,2024-11-27,3.9497950077056885
2024-11,temporal_mlp,2026,6,2024-11-27 18:00:00,2024-11-27 23:00:00,2024-11-27,3.649613857269287
2024-11,temporal_mlp,2026,1,2024-11-27 19:00:00,2024-11-27 19:00:00,2024-11-27,3.213876485824585
2024-11,temporal_mlp,2026,2,2024-11-27 19:00:00,2024-11-27 20:00:00,2024-11-27,3.649540901184082
2024-11,temporal_mlp,2026,3,2024-11-27 19:00:00,2024-11-27 21:00:00,2024-11-27,4.7821784019470215
2024-11,temporal_mlp,2026,6,2024-11-27 19:00:00,2024-11-28 00:00:00,2024-11-28,3.185584545135498
2024-11,temporal_mlp,2026,1,2024-11-27 20:00:00,2024-11-27 20:00:00,2024-11-27,3.342555522918701
2024-11,temporal_mlp,2026,2,2024-11-27 20:00:00,2024-11-27 21:00:00,2024-11-27,4.6236572265625
2024-11,temporal_mlp,2026,3,2024-11-27 20:00:00,2024-11-27 22:00:00,2024-11-27,4.001540184020996
2024-11,temporal_mlp,2026,6,2024-11-27 20:00:00,2024-11-28 01:00:00,2024-11-28,4.966164588928223
2024-11,temporal_mlp,2026,1,2024-11-27 21:00:00,2024-11-27 21:00:00,2024-11-27,4.118780136108398
2024-11,temporal_mlp,2026,2,2024-11-27 21:00:00,2024-11-27 22:00:00,2024-11-27,3.7314491271972656
2024-11,temporal_mlp,2026,3,2024-11-27 21:00:00,2024-11-27 23:00:00,2024-11-27,3.8473637104034424
2024-11,temporal_mlp,2026,6,2024-11-27 21:00:00,2024-11-28 02:00:00,2024-11-28,5.072201728820801
2024-11,temporal_mlp,2026,1,2024-11-27 22:00:00,2024-11-27 22:00:00,2024-11-27,3.956533908843994
2024-11,temporal_mlp,2026,2,2024-11-27 22:00:00,2024-11-27 23:00:00,2024-11-27,3.2119078636169434
2024-11,temporal_mlp,2026,3,2024-11-27 22:00:00,2024-11-28 00:00:00,2024-11-28,3.060898780822754
2024-11,temporal_mlp,2026,6,2024-11-27 22:00:00,2024-11-28 03:00:00,2024-11-28,5.971691131591797
2024-11,temporal_mlp,2026,1,2024-11-27 23:00:00,2024-11-27 23:00:00,2024-11-27,3.6147665977478027
2024-11,temporal_mlp,2026,2,2024-11-27 23:00:00,2024-11-28 00:00:00,2024-11-28,3.067605972290039
2024-11,temporal_mlp,2026,3,2024-11-27 23:00:00,2024-11-28 01:00:00,2024-11-28,4.776098251342773
2024-11,temporal_mlp,2026,6,2024-11-27 23:00:00,2024-11-28 04:00:00,2024-11-28,5.708994388580322
2024-11,temporal_mlp,2026,1,2024-11-28 00:00:00,2024-11-28 00:00:00,2024-11-28,2.8877451419830322
2024-11,temporal_mlp,2026,2,2024-11-28 00:00:00,2024-11-28 01:00:00,2024-11-28,4.484239101409912
2024-11,temporal_mlp,2026,3,2024-11-28 00:00:00,2024-11-28 02:00:00,2024-11-28,4.858375549316406
2024-11,temporal_mlp,2026,6,2024-11-28 00:00:00,2024-11-28 05:00:00,2024-11-28,3.735621690750122
2024-11,temporal_mlp,2026,1,2024-11-28 01:00:00,2024-11-28 01:00:00,2024-11-28,4.4366841316223145
2024-11,temporal_mlp,2026,2,2024-11-28 01:00:00,2024-11-28 02:00:00,2024-11-28,4.938911437988281
2024-11,temporal_mlp,2026,3,2024-11-28 01:00:00,2024-11-28 03:00:00,2024-11-28,5.999785423278809
2024-11,temporal_mlp,2026,6,2024-11-28 01:00:00,2024-11-28 06:00:00,2024-11-28,3.3565452098846436
2024-11,temporal_mlp,2026,1,2024-11-28 02:00:00,2024-11-28 02:00:00,2024-11-28,4.613137722015381
2024-11,temporal_mlp,2026,2,2024-11-28 02:00:00,2024-11-28 03:00:00,2024-11-28,5.418741703033447
2024-11,temporal_mlp,2026,3,2024-11-28 02:00:00,2024-11-28 04:00:00,2024-11-28,5.5170440673828125
2024-11,temporal_mlp,2026,6,2024-11-28 02:00:00,2024-11-28 07:00:00,2024-11-28,4.218255996704102
2024-11,temporal_mlp,2026,1,2024-11-28 03:00:00,2024-11-28 03:00:00,2024-11-28,5.424956321716309
2024-11,temporal_mlp,2026,2,2024-11-28 03:00:00,2024-11-28 04:00:00,2024-11-28,5.714001655578613
2024-11,temporal_mlp,2026,3,2024-11-28 03:00:00,2024-11-28 05:00:00,2024-11-28,3.8754043579101562
2024-11,temporal_mlp,2026,6,2024-11-28 03:00:00,2024-11-28 08:00:00,2024-11-28,4.974824905395508
2024-11,temporal_mlp,2026,1,2024-11-28 04:00:00,2024-11-28 04:00:00,2024-11-28,6.196322441101074
2024-11,temporal_mlp,2026,2,2024-11-28 04:00:00,2024-11-28 05:00:00,2024-11-28,3.855788469314575
2024-11,temporal_mlp,2026,3,2024-11-28 04:00:00,2024-11-28 06:00:00,2024-11-28,3.224151134490967
2024-11,temporal_mlp,2026,6,2024-11-28 04:00:00,2024-11-28 09:00:00,2024-11-28,3.3346385955810547
2024-11,temporal_mlp,2026,1,2024-11-28 05:00:00,2024-11-28 05:00:00,2024-11-28,3.7639007568359375
2024-11,temporal_mlp,2026,2,2024-11-28 05:00:00,2024-11-28 06:00:00,2024-11-28,2.951320171356201
2024-11,temporal_mlp,2026,3,2024-11-28 05:00:00,2024-11-28 07:00:00,2024-11-28,4.339707374572754
2024-11,temporal_mlp,2026,6,2024-11-28 05:00:00,2024-11-28 10:00:00,2024-11-28,2.905783176422119
2024-11,temporal_mlp,2026,1,2024-11-28 06:00:00,2024-11-28 06:00:00,2024-11-28,2.898850917816162
2024-11,temporal_mlp,2026,2,2024-11-28 06:00:00,2024-11-28 07:00:00,2024-11-28,4.235442161560059
2024-11,temporal_mlp,2026,3,2024-11-28 06:00:00,2024-11-28 08:00:00,2024-11-28,5.132608413696289
2024-11,temporal_mlp,2026,6,2024-11-28 06:00:00,2024-11-28 11:00:00,2024-11-28,2.7812440395355225
2024-11,temporal_mlp,2026,1,2024-11-28 07:00:00,2024-11-28 07:00:00,2024-11-28,4.2613420486450195
2024-11,temporal_mlp,2026,2,2024-11-28 07:00:00,2024-11-28 08:00:00,2024-11-28,5.1070556640625
2024-11,temporal_mlp,2026,3,2024-11-28 07:00:00,2024-11-28 09:00:00,2024-11-28,3.3978254795074463
2024-11,temporal_mlp,2026,6,2024-11-28 07:00:00,2024-11-28 12:00:00,2024-11-28,2.5786662101745605
2024-11,temporal_mlp,2026,1,2024-11-28 08:00:00,2024-11-28 08:00:00,2024-11-28,4.9069013595581055
2024-11,temporal_mlp,2026,2,2024-11-28 08:00:00,2024-11-28 09:00:00,2024-11-28,3.295224905014038
2024-11,temporal_mlp,2026,3,2024-11-28 08:00:00,2024-11-28 10:00:00,2024-11-28,2.945511817932129
2024-11,temporal_mlp,2026,6,2024-11-28 08:00:00,2024-11-28 13:00:00,2024-11-28,2.430905818939209
2024-11,temporal_mlp,2026,1,2024-11-28 09:00:00,2024-11-28 09:00:00,2024-11-28,3.6454873085021973
2024-11,temporal_mlp,2026,2,2024-11-28 09:00:00,2024-11-28 10:00:00,2024-11-28,2.5737478733062744
2024-11,temporal_mlp,2026,3,2024-11-28 09:00:00,2024-11-28 11:00:00,2024-11-28,2.8084027767181396
2024-11,temporal_mlp,2026,6,2024-11-28 09:00:00,2024-11-28 14:00:00,2024-11-28,2.346254348754883
2024-11,temporal_mlp,2026,1,2024-11-28 10:00:00,2024-11-28 10:00:00,2024-11-28,2.7415528297424316
2024-11,temporal_mlp,2026,2,2024-11-28 10:00:00,2024-11-28 11:00:00,2024-11-28,2.7655558586120605
2024-11,temporal_mlp,2026,3,2024-11-28 10:00:00,2024-11-28 12:00:00,2024-11-28,2.4973011016845703
2024-11,temporal_mlp,2026,6,2024-11-28 10:00:00,2024-11-28 15:00:00,2024-11-28,2.8409228324890137
2024-11,temporal_mlp,2026,1,2024-11-28 11:00:00,2024-11-28 11:00:00,2024-11-28,2.811511516571045
2024-11,temporal_mlp,2026,2,2024-11-28 11:00:00,2024-11-28 12:00:00,2024-11-28,2.4473812580108643
2024-11,temporal_mlp,2026,3,2024-11-28 11:00:00,2024-11-28 13:00:00,2024-11-28,2.807615041732788
2024-11,temporal_mlp,2026,6,2024-11-28 11:00:00,2024-11-28 16:00:00,2024-11-28,3.0791640281677246
2024-11,temporal_mlp,2026,1,2024-11-28 12:00:00,2024-11-28 12:00:00,2024-11-28,2.6582131385803223
2024-11,temporal_mlp,2026,2,2024-11-28 12:00:00,2024-11-28 13:00:00,2024-11-28,2.6576757431030273
2024-11,temporal_mlp,2026,3,2024-11-28 12:00:00,2024-11-28 14:00:00,2024-11-28,2.6568470001220703
2024-11,temporal_mlp,2026,6,2024-11-28 12:00:00,2024-11-28 17:00:00,2024-11-28,4.5788421630859375
2024-11,temporal_mlp,2026,1,2024-11-28 13:00:00,2024-11-28 13:00:00,2024-11-28,2.7134268283843994
2024-11,temporal_mlp,2026,2,2024-11-28 13:00:00,2024-11-28 14:00:00,2024-11-28,2.7182869911193848
2024-11,temporal_mlp,2026,3,2024-11-28 13:00:00,2024-11-28 15:00:00,2024-11-28,2.72114896774292
2024-11,temporal_mlp,2026,6,2024-11-28 13:00:00,2024-11-28 18:00:00,2024-11-28,4.69189453125
2024-11,temporal_mlp,2026,1,2024-11-28 14:00:00,2024-11-28 14:00:00,2024-11-28,2.4743950366973877
2024-11,temporal_mlp,2026,2,2024-11-28 14:00:00,2024-11-28 15:00:00,2024-11-28,2.68161678314209
2024-11,temporal_mlp,2026,3,2024-11-28 14:00:00,2024-11-28 16:00:00,2024-11-28,3.276231050491333
2024-11,temporal_mlp,2026,6,2024-11-28 14:00:00,2024-11-28 19:00:00,2024-11-28,3.247082471847534
2024-11,temporal_mlp,2026,1,2024-11-28 15:00:00,2024-11-28 15:00:00,2024-11-28,2.8144445419311523
2024-11,temporal_mlp,2026,2,2024-11-28 15:00:00,2024-11-28 16:00:00,2024-11-28,3.4567465782165527
2024-11,temporal_mlp,2026,3,2024-11-28 15:00:00,2024-11-28 17:00:00,2024-11-28,4.222299575805664
2024-11,temporal_mlp,2026,6,2024-11-28 15:00:00,2024-11-28 20:00:00,2024-11-28,3.488645553588867
2024-11,temporal_mlp,2026,1,2024-11-28 16:00:00,2024-11-28 16:00:00,2024-11-28,3.4857242107391357
2024-11,temporal_mlp,2026,2,2024-11-28 16:00:00,2024-11-28 17:00:00,2024-11-28,4.3415727615356445
2024-11,temporal_mlp,2026,3,2024-11-28 16:00:00,2024-11-28 18:00:00,2024-11-28,4.633750915527344
2024-11,temporal_mlp,2026,6,2024-11-28 16:00:00,2024-11-28 21:00:00,2024-11-28,3.819581985473633
2024-11,temporal_mlp,2026,1,2024-11-28 17:00:00,2024-11-28 17:00:00,2024-11-28,3.9182701110839844
2024-11,temporal_mlp,2026,2,2024-11-28 17:00:00,2024-11-28 18:00:00,2024-11-28,4.41250467300415
2024-11,temporal_mlp,2026,3,2024-11-28 17:00:00,2024-11-28 19:00:00,2024-11-28,3.2707858085632324
2024-11,temporal_mlp,2026,6,2024-11-28 17:00:00,2024-11-28 22:00:00,2024-11-28,3.2352347373962402
2024-11,temporal_mlp,2026,1,2024-11-28 18:00:00,2024-11-28 18:00:00,2024-11-28,4.320372581481934
2024-11,temporal_mlp,2026,2,2024-11-28 18:00:00,2024-11-28 19:00:00,2024-11-28,3.1526215076446533
2024-11,temporal_mlp,2026,3,2024-11-28 18:00:00,2024-11-28 20:00:00,2024-11-28,3.5609028339385986
2024-11,temporal_mlp,2026,6,2024-11-28 18:00:00,2024-11-28 23:00:00,2024-11-28,3.430056095123291
2024-11,temporal_mlp,2026,1,2024-11-28 19:00:00,2024-11-28 19:00:00,2024-11-28,3.321722984313965
2024-11,temporal_mlp,2026,2,2024-11-28 19:00:00,2024-11-28 20:00:00,2024-11-28,3.68971848487854
2024-11,temporal_mlp,2026,3,2024-11-28 19:00:00,2024-11-28 21:00:00,2024-11-28,4.306318759918213
2024-11,temporal_mlp,2026,6,2024-11-28 19:00:00,2024-11-29 00:00:00,2024-11-29,4.319458484649658
2024-11,temporal_mlp,2026,1,2024-11-28 20:00:00,2024-11-28 20:00:00,2024-11-28,3.4295735359191895
2024-11,temporal_mlp,2026,2,2024-11-28 20:00:00,2024-11-28 21:00:00,2024-11-28,4.106445789337158
2024-11,temporal_mlp,2026,3,2024-11-28 20:00:00,2024-11-28 22:00:00,2024-11-28,3.3962507247924805
2024-11,temporal_mlp,2026,6,2024-11-28 20:00:00,2024-11-29 01:00:00,2024-11-29,4.753119945526123
2024-11,temporal_mlp,2026,1,2024-11-28 21:00:00,2024-11-28 21:00:00,2024-11-28,4.202713966369629
2024-11,temporal_mlp,2026,2,2024-11-28 21:00:00,2024-11-28 22:00:00,2024-11-28,3.068523645401001
2024-11,temporal_mlp,2026,3,2024-11-28 21:00:00,2024-11-28 23:00:00,2024-11-28,3.647128105163574
2024-11,temporal_mlp,2026,6,2024-11-28 21:00:00,2024-11-29 02:00:00,2024-11-29,3.782074213027954
2024-11,temporal_mlp,2026,1,2024-11-28 22:00:00,2024-11-28 22:00:00,2024-11-28,3.302006721496582
2024-11,temporal_mlp,2026,2,2024-11-28 22:00:00,2024-11-28 23:00:00,2024-11-28,3.4089436531066895
2024-11,temporal_mlp,2026,3,2024-11-28 22:00:00,2024-11-29 00:00:00,2024-11-29,4.411669731140137
2024-11,temporal_mlp,2026,6,2024-11-28 22:00:00,2024-11-29 03:00:00,2024-11-29,4.9392805099487305
2024-11,temporal_mlp,2026,1,2024-11-28 23:00:00,2024-11-28 23:00:00,2024-11-28,3.1789615154266357
2024-11,temporal_mlp,2026,2,2024-11-28 23:00:00,2024-11-29 00:00:00,2024-11-29,4.12542200088501
2024-11,temporal_mlp,2026,3,2024-11-28 23:00:00,2024-11-29 01:00:00,2024-11-29,4.60475492477417
2024-11,temporal_mlp,2026,6,2024-11-28 23:00:00,2024-11-29 04:00:00,2024-11-29,5.91252326965332
2024-11,temporal_mlp,2026,1,2024-11-29 00:00:00,2024-11-29 00:00:00,2024-11-29,4.126750946044922
2024-11,temporal_mlp,2026,2,2024-11-29 00:00:00,2024-11-29 01:00:00,2024-11-29,4.415242671966553
2024-11,temporal_mlp,2026,3,2024-11-29 00:00:00,2024-11-29 02:00:00,2024-11-29,3.7810001373291016
2024-11,temporal_mlp,2026,6,2024-11-29 00:00:00,2024-11-29 05:00:00,2024-11-29,4.808178424835205
2024-11,temporal_mlp,2026,1,2024-11-29 01:00:00,2024-11-29 01:00:00,2024-11-29,4.2562713623046875
2024-11,temporal_mlp,2026,2,2024-11-29 01:00:00,2024-11-29 02:00:00,2024-11-29,3.8708701133728027
2024-11,temporal_mlp,2026,3,2024-11-29 01:00:00,2024-11-29 03:00:00,2024-11-29,5.1110029220581055
2024-11,temporal_mlp,2026,6,2024-11-29 01:00:00,2024-11-29 06:00:00,2024-11-29,2.913296699523926
2024-11,temporal_mlp,2026,1,2024-11-29 02:00:00,2024-11-29 02:00:00,2024-11-29,3.813021421432495
2024-11,temporal_mlp,2026,2,2024-11-29 02:00:00,2024-11-29 03:00:00,2024-11-29,5.181094169616699
2024-11,temporal_mlp,2026,3,2024-11-29 02:00:00,2024-11-29 04:00:00,2024-11-29,5.3436970710754395
2024-11,temporal_mlp,2026,6,2024-11-29 02:00:00,2024-11-29 07:00:00,2024-11-29,4.551207542419434
2024-11,temporal_mlp,2026,1,2024-11-29 03:00:00,2024-11-29 03:00:00,2024-11-29,4.964866638183594
2024-11,temporal_mlp,2026,2,2024-11-29 03:00:00,2024-11-29 04:00:00,2024-11-29,5.1088080406188965
2024-11,temporal_mlp,2026,3,2024-11-29 03:00:00,2024-11-29 05:00:00,2024-11-29,5.013577938079834
2024-11,temporal_mlp,2026,6,2024-11-29 03:00:00,2024-11-29 08:00:00,2024-11-29,4.480199813842773
2024-11,temporal_mlp,2026,1,2024-11-29 04:00:00,2024-11-29 04:00:00,2024-11-29,5.3485565185546875
2024-11,temporal_mlp,2026,2,2024-11-29 04:00:00,2024-11-29 05:00:00,2024-11-29,4.87049674987793
2024-11,temporal_mlp,2026,3,2024-11-29 04:00:00,2024-11-29 06:00:00,2024-11-29,3.2401185035705566
2024-11,temporal_mlp,2026,6,2024-11-29 04:00:00,2024-11-29 09:00:00,2024-11-29,3.6643636226654053
2024-11,temporal_mlp,2026,1,2024-11-29 05:00:00,2024-11-29 05:00:00,2024-11-29,4.837195873260498
2024-11,temporal_mlp,2026,2,2024-11-29 05:00:00,2024-11-29 06:00:00,2024-11-29,3.255889654159546
2024-11,temporal_mlp,2026,3,2024-11-29 05:00:00,2024-11-29 07:00:00,2024-11-29,4.819262504577637
2024-11,temporal_mlp,2026,6,2024-11-29 05:00:00,2024-11-29 10:00:00,2024-11-29,3.5267069339752197
2024-11,temporal_mlp,2026,1,2024-11-29 06:00:00,2024-11-29 06:00:00,2024-11-29,3.3311727046966553
2024-11,temporal_mlp,2026,2,2024-11-29 06:00:00,2024-11-29 07:00:00,2024-11-29,4.481344699859619
2024-11,temporal_mlp,2026,3,2024-11-29 06:00:00,2024-11-29 08:00:00,2024-11-29,4.708595275878906
2024-11,temporal_mlp,2026,6,2024-11-29 06:00:00,2024-11-29 11:00:00,2024-11-29,3.0222907066345215
2024-11,temporal_mlp,2026,1,2024-11-29 07:00:00,2024-11-29 07:00:00,2024-11-29,4.322275161743164
2024-11,temporal_mlp,2026,2,2024-11-29 07:00:00,2024-11-29 08:00:00,2024-11-29,4.580009460449219
2024-11,temporal_mlp,2026,3,2024-11-29 07:00:00,2024-11-29 09:00:00,2024-11-29,3.5485002994537354
2024-11,temporal_mlp,2026,6,2024-11-29 07:00:00,2024-11-29 12:00:00,2024-11-29,2.472135066986084
2024-11,temporal_mlp,2026,1,2024-11-29 08:00:00,2024-11-29 08:00:00,2024-11-29,4.493655204772949
2024-11,temporal_mlp,2026,2,2024-11-29 08:00:00,2024-11-29 09:00:00,2024-11-29,3.612051486968994
2024-11,temporal_mlp,2026,3,2024-11-29 08:00:00,2024-11-29 10:00:00,2024-11-29,3.0866904258728027
2024-11,temporal_mlp,2026,6,2024-11-29 08:00:00,2024-11-29 13:00:00,2024-11-29,3.484042167663574
2024-11,temporal_mlp,2026,1,2024-11-29 09:00:00,2024-11-29 09:00:00,2024-11-29,3.4148035049438477
2024-11,temporal_mlp,2026,2,2024-11-29 09:00:00,2024-11-29 10:00:00,2024-11-29,2.991452693939209
2024-11,temporal_mlp,2026,3,2024-11-29 09:00:00,2024-11-29 11:00:00,2024-11-29,3.25020170211792
2024-11,temporal_mlp,2026,6,2024-11-29 09:00:00,2024-11-29 14:00:00,2024-11-29,3.09663724899292
2024-11,temporal_mlp,2026,1,2024-11-29 10:00:00,2024-11-29 10:00:00,2024-11-29,3.0403337478637695
2024-11,temporal_mlp,2026,2,2024-11-29 10:00:00,2024-11-29 11:00:00,2024-11-29,2.963937759399414
2024-11,temporal_mlp,2026,3,2024-11-29 10:00:00,2024-11-29 12:00:00,2024-11-29,2.445730686187744
2024-11,temporal_mlp,2026,6,2024-11-29 10:00:00,2024-11-29 15:00:00,2024-11-29,2.741966724395752
2024-11,temporal_mlp,2026,1,2024-11-29 11:00:00,2024-11-29 11:00:00,2024-11-29,2.751633644104004
2024-11,temporal_mlp,2026,2,2024-11-29 11:00:00,2024-11-29 12:00:00,2024-11-29,2.4562482833862305
2024-11,temporal_mlp,2026,3,2024-11-29 11:00:00,2024-11-29 13:00:00,2024-11-29,3.4351863861083984
2024-11,temporal_mlp,2026,6,2024-11-29 11:00:00,2024-11-29 16:00:00,2024-11-29,2.9808337688446045
2024-11,temporal_mlp,2026,1,2024-11-29 12:00:00,2024-11-29 12:00:00,2024-11-29,2.5016722679138184
2024-11,temporal_mlp,2026,2,2024-11-29 12:00:00,2024-11-29 13:00:00,2024-11-29,3.1456432342529297
2024-11,temporal_mlp,2026,3,2024-11-29 12:00:00,2024-11-29 14:00:00,2024-11-29,2.948131561279297
2024-11,temporal_mlp,2026,6,2024-11-29 12:00:00,2024-11-29 17:00:00,2024-11-29,4.470942497253418
2024-11,temporal_mlp,2026,1,2024-11-29 13:00:00,2024-11-29 13:00:00,2024-11-29,3.0155255794525146
2024-11,temporal_mlp,2026,2,2024-11-29 13:00:00,2024-11-29 14:00:00,2024-11-29,2.986522674560547
2024-11,temporal_mlp,2026,3,2024-11-29 13:00:00,2024-11-29 15:00:00,2024-11-29,2.667545795440674
2024-11,temporal_mlp,2026,6,2024-11-29 13:00:00,2024-11-29 18:00:00,2024-11-29,5.315548896789551
2024-11,temporal_mlp,2026,1,2024-11-29 14:00:00,2024-11-29 14:00:00,2024-11-29,2.952083110809326
2024-11,temporal_mlp,2026,2,2024-11-29 14:00:00,2024-11-29 15:00:00,2024-11-29,2.6796457767486572
2024-11,temporal_mlp,2026,3,2024-11-29 14:00:00,2024-11-29 16:00:00,2024-11-29,3.0133819580078125
2024-11,temporal_mlp,2026,6,2024-11-29 14:00:00,2024-11-29 19:00:00,2024-11-29,5.443445205688477
2024-11,temporal_mlp,2026,1,2024-11-29 15:00:00,2024-11-29 15:00:00,2024-11-29,2.5033750534057617
2024-11,temporal_mlp,2026,2,2024-11-29 15:00:00,2024-11-29 16:00:00,2024-11-29,3.2906579971313477
2024-11,temporal_mlp,2026,3,2024-11-29 15:00:00,2024-11-29 17:00:00,2024-11-29,4.696798801422119
2024-11,temporal_mlp,2026,6,2024-11-29 15:00:00,2024-11-29 20:00:00,2024-11-29,3.85615611076355
2024-11,temporal_mlp,2026,1,2024-11-29 16:00:00,2024-11-29 16:00:00,2024-11-29,3.1092281341552734
2024-11,temporal_mlp,2026,2,2024-11-29 16:00:00,2024-11-29 17:00:00,2024-11-29,4.254396438598633
2024-11,temporal_mlp,2026,3,2024-11-29 16:00:00,2024-11-29 18:00:00,2024-11-29,5.238331317901611
2024-11,temporal_mlp,2026,6,2024-11-29 16:00:00,2024-11-29 21:00:00,2024-11-29,2.495577096939087
2024-11,temporal_mlp,2026,1,2024-11-29 17:00:00,2024-11-29 17:00:00,2024-11-29,3.756014347076416
2024-11,temporal_mlp,2026,2,2024-11-29 17:00:00,2024-11-29 18:00:00,2024-11-29,4.914714813232422
2024-11,temporal_mlp,2026,3,2024-11-29 17:00:00,2024-11-29 19:00:00,2024-11-29,4.891551494598389
2024-11,temporal_mlp,2026,6,2024-11-29 17:00:00,2024-11-29 22:00:00,2024-11-29,3.442074775695801
2024-11,temporal_mlp,2026,1,2024-11-29 18:00:00,2024-11-29 18:00:00,2024-11-29,4.643176078796387
2024-11,temporal_mlp,2026,2,2024-11-29 18:00:00,2024-11-29 19:00:00,2024-11-29,4.861589431762695
2024-11,temporal_mlp,2026,3,2024-11-29 18:00:00,2024-11-29 20:00:00,2024-11-29,3.715195417404175
2024-11,temporal_mlp,2026,6,2024-11-29 18:00:00,2024-11-29 23:00:00,2024-11-29,2.88938570022583
2024-11,temporal_mlp,2026,1,2024-11-29 19:00:00,2024-11-29 19:00:00,2024-11-29,4.9691972732543945
2024-11,temporal_mlp,2026,2,2024-11-29 19:00:00,2024-11-29 20:00:00,2024-11-29,3.7596516609191895
2024-11,temporal_mlp,2026,3,2024-11-29 19:00:00,2024-11-29 21:00:00,2024-11-29,2.639207601547241
2024-11,temporal_mlp,2026,6,2024-11-29 19:00:00,2024-11-30 00:00:00,2024-11-30,4.351254463195801
2024-11,temporal_mlp,2026,1,2024-11-29 20:00:00,2024-11-29 20:00:00,2024-11-29,3.738218307495117
2024-11,temporal_mlp,2026,2,2024-11-29 20:00:00,2024-11-29 21:00:00,2024-11-29,2.6725568771362305
2024-11,temporal_mlp,2026,3,2024-11-29 20:00:00,2024-11-29 22:00:00,2024-11-29,3.4029159545898438
2024-11,temporal_mlp,2026,6,2024-11-29 20:00:00,2024-11-30 01:00:00,2024-11-30,4.89439582824707
2024-11,temporal_mlp,2026,1,2024-11-29 21:00:00,2024-11-29 21:00:00,2024-11-29,2.6552462577819824
2024-11,temporal_mlp,2026,2,2024-11-29 21:00:00,2024-11-29 22:00:00,2024-11-29,3.376708984375
2024-11,temporal_mlp,2026,3,2024-11-29 21:00:00,2024-11-29 23:00:00,2024-11-29,3.000580072402954
2024-11,temporal_mlp,2026,6,2024-11-29 21:00:00,2024-11-30 02:00:00,2024-11-30,7.206313133239746
2024-11,temporal_mlp,2026,1,2024-11-29 22:00:00,2024-11-29 22:00:00,2024-11-29,3.6481170654296875
2024-11,temporal_mlp,2026,2,2024-11-29 22:00:00,2024-11-29 23:00:00,2024-11-29,3.137087106704712
2024-11,temporal_mlp,2026,3,2024-11-29 22:00:00,2024-11-30 00:00:00,2024-11-30,3.970590591430664
2024-11,temporal_mlp,2026,6,2024-11-29 22:00:00,2024-11-30 03:00:00,2024-11-30,4.91187858581543
2024-11,temporal_mlp,2026,1,2024-11-29 23:00:00,2024-11-29 23:00:00,2024-11-29,3.126690626144409
2024-11,temporal_mlp,2026,2,2024-11-29 23:00:00,2024-11-30 00:00:00,2024-11-30,4.253734588623047
2024-11,temporal_mlp,2026,3,2024-11-29 23:00:00,2024-11-30 01:00:00,2024-11-30,4.962541580200195
2024-11,temporal_mlp,2026,6,2024-11-29 23:00:00,2024-11-30 04:00:00,2024-11-30,6.577556133270264
2024-11,temporal_mlp,2026,1,2024-11-30 00:00:00,2024-11-30 00:00:00,2024-11-30,4.52273416519165
2024-11,temporal_mlp,2026,2,2024-11-30 00:00:00,2024-11-30 01:00:00,2024-11-30,5.097220420837402
2024-11,temporal_mlp,2026,3,2024-11-30 00:00:00,2024-11-30 02:00:00,2024-11-30,7.318741798400879
2024-11,temporal_mlp,2026,6,2024-11-30 00:00:00,2024-11-30 05:00:00,2024-11-30,3.2325422763824463
2024-11,temporal_mlp,2026,1,2024-11-30 01:00:00,2024-11-30 01:00:00,2024-11-30,4.494694232940674
2024-11,temporal_mlp,2026,2,2024-11-30 01:00:00,2024-11-30 02:00:00,2024-11-30,6.903285980224609
2024-11,temporal_mlp,2026,3,2024-11-30 01:00:00,2024-11-30 03:00:00,2024-11-30,5.110199928283691
2024-11,temporal_mlp,2026,6,2024-11-30 01:00:00,2024-11-30 06:00:00,2024-11-30,2.8824596405029297
2024-11,temporal_mlp,2026,1,2024-11-30 02:00:00,2024-11-30 02:00:00,2024-11-30,6.442797660827637
2024-11,temporal_mlp,2026,2,2024-11-30 02:00:00,2024-11-30 03:00:00,2024-11-30,4.719060897827148
2024-11,temporal_mlp,2026,3,2024-11-30 02:00:00,2024-11-30 04:00:00,2024-11-30,6.49102783203125
2024-11,temporal_mlp,2026,6,2024-11-30 02:00:00,2024-11-30 07:00:00,2024-11-30,3.134138345718384
2024-11,temporal_mlp,2026,1,2024-11-30 03:00:00,2024-11-30 03:00:00,2024-11-30,4.533133506774902
2024-11,temporal_mlp,2026,2,2024-11-30 03:00:00,2024-11-30 04:00:00,2024-11-30,6.745965480804443
2024-11,temporal_mlp,2026,3,2024-11-30 03:00:00,2024-11-30 05:00:00,2024-11-30,3.8497607707977295
2024-11,temporal_mlp,2026,6,2024-11-30 03:00:00,2024-11-30 08:00:00,2024-11-30,3.5058255195617676
2024-11,temporal_mlp,2026,1,2024-11-30 04:00:00,2024-11-30 04:00:00,2024-11-30,6.674525260925293
2024-11,temporal_mlp,2026,2,2024-11-30 04:00:00,2024-11-30 05:00:00,2024-11-30,3.563061237335205
2024-11,temporal_mlp,2026,3,2024-11-30 04:00:00,2024-11-30 06:00:00,2024-11-30,3.341987133026123
2024-11,temporal_mlp,2026,6,2024-11-30 04:00:00,2024-11-30 09:00:00,2024-11-30,3.526846408843994
2024-11,temporal_mlp,2026,1,2024-11-30 05:00:00,2024-11-30 05:00:00,2024-11-30,3.658923625946045
2024-11,temporal_mlp,2026,2,2024-11-30 05:00:00,2024-11-30 06:00:00,2024-11-30,3.399293899536133
2024-11,temporal_mlp,2026,3,2024-11-30 05:00:00,2024-11-30 07:00:00,2024-11-30,4.103992938995361
2024-11,temporal_mlp,2026,6,2024-11-30 05:00:00,2024-11-30 10:00:00,2024-11-30,3.5298547744750977
2024-11,temporal_mlp,2026,1,2024-11-30 06:00:00,2024-11-30 06:00:00,2024-11-30,3.390496253967285
2024-11,temporal_mlp,2026,2,2024-11-30 06:00:00,2024-11-30 07:00:00,2024-11-30,3.750967025756836
2024-11,temporal_mlp,2026,3,2024-11-30 06:00:00,2024-11-30 08:00:00,2024-11-30,3.3839752674102783
2024-11,temporal_mlp,2026,6,2024-11-30 06:00:00,2024-11-30 11:00:00,2024-11-30,3.106616497039795
2024-11,temporal_mlp,2026,1,2024-11-30 07:00:00,2024-11-30 07:00:00,2024-11-30,3.907210111618042
2024-11,temporal_mlp,2026,2,2024-11-30 07:00:00,2024-11-30 08:00:00,2024-11-30,3.4711103439331055
2024-11,temporal_mlp,2026,3,2024-11-30 07:00:00,2024-11-30 09:00:00,2024-11-30,3.1604247093200684
2024-11,temporal_mlp,2026,6,2024-11-30 07:00:00,2024-11-30 12:00:00,2024-11-30,3.401303291320801
2024-11,temporal_mlp,2026,1,2024-11-30 08:00:00,2024-11-30 08:00:00,2024-11-30,3.4923741817474365
2024-11,temporal_mlp,2026,2,2024-11-30 08:00:00,2024-11-30 09:00:00,2024-11-30,3.370534896850586
2024-11,temporal_mlp,2026,3,2024-11-30 08:00:00,2024-11-30 10:00:00,2024-11-30,3.368159294128418
2024-11,temporal_mlp,2026,6,2024-11-30 08:00:00,2024-11-30 13:00:00,2024-11-30,4.065243721008301
2024-11,temporal_mlp,2026,1,2024-11-30 09:00:00,2024-11-30 09:00:00,2024-11-30,3.213688850402832
2024-11,temporal_mlp,2026,2,2024-11-30 09:00:00,2024-11-30 10:00:00,2024-11-30,3.124086380004883
2024-11,temporal_mlp,2026,3,2024-11-30 09:00:00,2024-11-30 11:00:00,2024-11-30,3.2389919757843018
2024-11,temporal_mlp,2026,6,2024-11-30 09:00:00,2024-11-30 14:00:00,2024-11-30,3.5932910442352295
2024-11,temporal_mlp,2026,1,2024-11-30 10:00:00,2024-11-30 10:00:00,2024-11-30,2.926250696182251
2024-11,temporal_mlp,2026,2,2024-11-30 10:00:00,2024-11-30 11:00:00,2024-11-30,2.51358962059021
2024-11,temporal_mlp,2026,3,2024-11-30 10:00:00,2024-11-30 12:00:00,2024-11-30,3.454974889755249
2024-11,temporal_mlp,2026,6,2024-11-30 10:00:00,2024-11-30 15:00:00,2024-11-30,3.899055004119873
2024-11,temporal_mlp,2026,1,2024-11-30 11:00:00,2024-11-30 11:00:00,2024-11-30,2.523139715194702
2024-11,temporal_mlp,2026,2,2024-11-30 11:00:00,2024-11-30 12:00:00,2024-11-30,3.305361032485962
2024-11,temporal_mlp,2026,3,2024-11-30 11:00:00,2024-11-30 13:00:00,2024-11-30,4.121021270751953
2024-11,temporal_mlp,2026,6,2024-11-30 11:00:00,2024-11-30 16:00:00,2024-11-30,4.398911476135254
2024-11,temporal_mlp,2026,1,2024-11-30 12:00:00,2024-11-30 12:00:00,2024-11-30,3.1293861865997314
2024-11,temporal_mlp,2026,2,2024-11-30 12:00:00,2024-11-30 13:00:00,2024-11-30,3.629030704498291
2024-11,temporal_mlp,2026,3,2024-11-30 12:00:00,2024-11-30 14:00:00,2024-11-30,3.2399168014526367
2024-11,temporal_mlp,2026,6,2024-11-30 12:00:00,2024-11-30 17:00:00,2024-11-30,4.850613594055176
2024-11,temporal_mlp,2026,1,2024-11-30 13:00:00,2024-11-30 13:00:00,2024-11-30,3.7256078720092773
2024-11,temporal_mlp,2026,2,2024-11-30 13:00:00,2024-11-30 14:00:00,2024-11-30,3.2384915351867676
2024-11,temporal_mlp,2026,3,2024-11-30 13:00:00,2024-11-30 15:00:00,2024-11-30,3.7017416954040527
2024-11,temporal_mlp,2026,6,2024-11-30 13:00:00,2024-11-30 18:00:00,2024-11-30,5.32257604598999
2024-11,temporal_mlp,2026,1,2024-11-30 14:00:00,2024-11-30 14:00:00,2024-11-30,2.8352999687194824
2024-11,temporal_mlp,2026,2,2024-11-30 14:00:00,2024-11-30 15:00:00,2024-11-30,3.3517203330993652
2024-11,temporal_mlp,2026,3,2024-11-30 14:00:00,2024-11-30 16:00:00,2024-11-30,4.073315620422363
2024-11,temporal_mlp,2026,6,2024-11-30 14:00:00,2024-11-30 19:00:00,2024-11-30,3.371328353881836
2024-11,temporal_mlp,2026,1,2024-11-30 15:00:00,2024-11-30 15:00:00,2024-11-30,2.9992856979370117
2024-11,temporal_mlp,2026,2,2024-11-30 15:00:00,2024-11-30 16:00:00,2024-11-30,3.898366689682007
2024-11,temporal_mlp,2026,3,2024-11-30 15:00:00,2024-11-30 17:00:00,2024-11-30,4.716338157653809
2024-11,temporal_mlp,2026,6,2024-11-30 15:00:00,2024-11-30 20:00:00,2024-11-30,3.5445659160614014
2024-11,temporal_mlp,2026,1,2024-11-30 16:00:00,2024-11-30 16:00:00,2024-11-30,3.711442470550537
2024-11,temporal_mlp,2026,2,2024-11-30 16:00:00,2024-11-30 17:00:00,2024-11-30,4.569221496582031
2024-11,temporal_mlp,2026,3,2024-11-30 16:00:00,2024-11-30 18:00:00,2024-11-30,5.195444107055664
2024-11,temporal_mlp,2026,6,2024-11-30 16:00:00,2024-11-30 21:00:00,2024-11-30,3.2209959030151367
2024-11,temporal_mlp,2026,1,2024-11-30 17:00:00,2024-11-30 17:00:00,2024-11-30,4.098674774169922
2024-11,temporal_mlp,2026,2,2024-11-30 17:00:00,2024-11-30 18:00:00,2024-11-30,4.73403787612915
2024-11,temporal_mlp,2026,3,2024-11-30 17:00:00,2024-11-30 19:00:00,2024-11-30,3.2160491943359375
2024-11,temporal_mlp,2026,6,2024-11-30 17:00:00,2024-11-30 22:00:00,2024-11-30,3.395376443862915
2024-11,dgt_identity_adaptive,2026,1,2024-11-26 12:00:00,2024-11-26 12:00:00,2024-11-26,2.1474242210388184
2024-11,dgt_identity_adaptive,2026,2,2024-11-26 12:00:00,2024-11-26 13:00:00,2024-11-26,2.9319276809692383
2024-11,dgt_identity_adaptive,2026,3,2024-11-26 12:00:00,2024-11-26 14:00:00,2024-11-26,2.5737452507019043
2024-11,dgt_identity_adaptive,2026,6,2024-11-26 12:00:00,2024-11-26 17:00:00,2024-11-26,5.5313215255737305
2024-11,dgt_identity_adaptive,2026,1,2024-11-26 13:00:00,2024-11-26 13:00:00,2024-11-26,2.80043888092041
2024-11,dgt_identity_adaptive,2026,2,2024-11-26 13:00:00,2024-11-26 14:00:00,2024-11-26,2.647087812423706
2024-11,dgt_identity_adaptive,2026,3,2024-11-26 13:00:00,2024-11-26 15:00:00,2024-11-26,2.755554676055908
2024-11,dgt_identity_adaptive,2026,6,2024-11-26 13:00:00,2024-11-26 18:00:00,2024-11-26,5.784572601318359
2024-11,dgt_identity_adaptive,2026,1,2024-11-26 14:00:00,2024-11-26 14:00:00,2024-11-26,2.5062437057495117
2024-11,dgt_identity_adaptive,2026,2,2024-11-26 14:00:00,2024-11-26 15:00:00,2024-11-26,2.599152088165283
2024-11,dgt_identity_adaptive,2026,3,2024-11-26 14:00:00,2024-11-26 16:00:00,2024-11-26,3.3477654457092285
2024-11,dgt_identity_adaptive,2026,6,2024-11-26 14:00:00,2024-11-26 19:00:00,2024-11-26,3.845292091369629
2024-11,dgt_identity_adaptive,2026,1,2024-11-26 15:00:00,2024-11-26 15:00:00,2024-11-26,2.894099473953247
2024-11,dgt_identity_adaptive,2026,2,2024-11-26 15:00:00,2024-11-26 16:00:00,2024-11-26,3.785275936126709
2024-11,dgt_identity_adaptive,2026,3,2024-11-26 15:00:00,2024-11-26 17:00:00,2024-11-26,5.010405540466309
2024-11,dgt_identity_adaptive,2026,6,2024-11-26 15:00:00,2024-11-26 20:00:00,2024-11-26,3.554037570953369
2024-11,dgt_identity_adaptive,2026,1,2024-11-26 16:00:00,2024-11-26 16:00:00,2024-11-26,3.4622979164123535
2024-11,dgt_identity_adaptive,2026,2,2024-11-26 16:00:00,2024-11-26 17:00:00,2024-11-26,4.708992958068848
2024-11,dgt_identity_adaptive,2026,3,2024-11-26 16:00:00,2024-11-26 18:00:00,2024-11-26,5.421613693237305
2024-11,dgt_identity_adaptive,2026,6,2024-11-26 16:00:00,2024-11-26 21:00:00,2024-11-26,5.63007926940918
2024-11,dgt_identity_adaptive,2026,1,2024-11-26 17:00:00,2024-11-26 17:00:00,2024-11-26,4.289795875549316
2024-11,dgt_identity_adaptive,2026,2,2024-11-26 17:00:00,2024-11-26 18:00:00,2024-11-26,5.861848831176758
2024-11,dgt_identity_adaptive,2026,3,2024-11-26 17:00:00,2024-11-26 19:00:00,2024-11-26,3.921858310699463
2024-11,dgt_identity_adaptive,2026,6,2024-11-26 17:00:00,2024-11-26 22:00:00,2024-11-26,5.157386779785156
2024-11,dgt_identity_adaptive,2026,1,2024-11-26 18:00:00,2024-11-26 18:00:00,2024-11-26,4.736084938049316
2024-11,dgt_identity_adaptive,2026,2,2024-11-26 18:00:00,2024-11-26 19:00:00,2024-11-26,4.16751766204834
2024-11,dgt_identity_adaptive,2026,3,2024-11-26 18:00:00,2024-11-26 20:00:00,2024-11-26,3.8288650512695312
2024-11,dgt_identity_adaptive,2026,6,2024-11-26 18:00:00,2024-11-26 23:00:00,2024-11-26,5.297000408172607
2024-11,dgt_identity_adaptive,2026,1,2024-11-26 19:00:00,2024-11-26 19:00:00,2024-11-26,2.944469451904297
2024-11,dgt_identity_adaptive,2026,2,2024-11-26 19:00:00,2024-11-26 20:00:00,2024-11-26,3.522526741027832
2024-11,dgt_identity_adaptive,2026,3,2024-11-26 19:00:00,2024-11-26 21:00:00,2024-11-26,5.104546546936035
2024-11,dgt_identity_adaptive,2026,6,2024-11-26 19:00:00,2024-11-27 00:00:00,2024-11-27,3.6211562156677246
2024-11,dgt_identity_adaptive,2026,1,2024-11-26 20:00:00,2024-11-26 20:00:00,2024-11-26,3.4514923095703125
2024-11,dgt_identity_adaptive,2026,2,2024-11-26 20:00:00,2024-11-26 21:00:00,2024-11-26,4.6356401443481445
2024-11,dgt_identity_adaptive,2026,3,2024-11-26 20:00:00,2024-11-26 22:00:00,2024-11-26,5.013355255126953
2024-11,dgt_identity_adaptive,2026,6,2024-11-26 20:00:00,2024-11-27 01:00:00,2024-11-27,5.412830829620361
2024-11,dgt_identity_adaptive,2026,1,2024-11-26 21:00:00,2024-11-26 21:00:00,2024-11-26,4.601362228393555
2024-11,dgt_identity_adaptive,2026,2,2024-11-26 21:00:00,2024-11-26 22:00:00,2024-11-26,4.827512741088867
2024-11,dgt_identity_adaptive,2026,3,2024-11-26 21:00:00,2024-11-26 23:00:00,2024-11-26,4.263139724731445
2024-11,dgt_identity_adaptive,2026,6,2024-11-26 21:00:00,2024-11-27 02:00:00,2024-11-27,5.348764419555664
2024-11,dgt_identity_adaptive,2026,1,2024-11-26 22:00:00,2024-11-26 22:00:00,2024-11-26,4.702937602996826
2024-11,dgt_identity_adaptive,2026,2,2024-11-26 22:00:00,2024-11-26 23:00:00,2024-11-26,3.4782700538635254
2024-11,dgt_identity_adaptive,2026,3,2024-11-26 22:00:00,2024-11-27 00:00:00,2024-11-27,3.7207093238830566
2024-11,dgt_identity_adaptive,2026,6,2024-11-26 22:00:00,2024-11-27 03:00:00,2024-11-27,6.330130100250244
2024-11,dgt_identity_adaptive,2026,1,2024-11-26 23:00:00,2024-11-26 23:00:00,2024-11-26,4.449867248535156
2024-11,dgt_identity_adaptive,2026,2,2024-11-26 23:00:00,2024-11-27 00:00:00,2024-11-27,3.7891042232513428
2024-11,dgt_identity_adaptive,2026,3,2024-11-26 23:00:00,2024-11-27 01:00:00,2024-11-27,4.824530124664307
2024-11,dgt_identity_adaptive,2026,6,2024-11-26 23:00:00,2024-11-27 04:00:00,2024-11-27,7.505581378936768
2024-11,dgt_identity_adaptive,2026,1,2024-11-27 00:00:00,2024-11-27 00:00:00,2024-11-27,3.9949634075164795
2024-11,dgt_identity_adaptive,2026,2,2024-11-27 00:00:00,2024-11-27 01:00:00,2024-11-27,5.098889350891113
2024-11,dgt_identity_adaptive,2026,3,2024-11-27 00:00:00,2024-11-27 02:00:00,2024-11-27,4.831888198852539
2024-11,dgt_identity_adaptive,2026,6,2024-11-27 00:00:00,2024-11-27 05:00:00,2024-11-27,4.5887908935546875
2024-11,dgt_identity_adaptive,2026,1,2024-11-27 01:00:00,2024-11-27 01:00:00,2024-11-27,4.746165752410889
2024-11,dgt_identity_adaptive,2026,2,2024-11-27 01:00:00,2024-11-27 02:00:00,2024-11-27,4.899111747741699
2024-11,dgt_identity_adaptive,2026,3,2024-11-27 01:00:00,2024-11-27 03:00:00,2024-11-27,5.576083183288574
2024-11,dgt_identity_adaptive,2026,6,2024-11-27 01:00:00,2024-11-27 06:00:00,2024-11-27,3.483858823776245
2024-11,dgt_identity_adaptive,2026,1,2024-11-27 02:00:00,2024-11-27 02:00:00,2024-11-27,4.622838020324707
2024-11,dgt_identity_adaptive,2026,2,2024-11-27 02:00:00,2024-11-27 03:00:00,2024-11-27,5.929686546325684
2024-11,dgt_identity_adaptive,2026,3,2024-11-27 02:00:00,2024-11-27 04:00:00,2024-11-27,6.850118637084961
2024-11,dgt_identity_adaptive,2026,6,2024-11-27 02:00:00,2024-11-27 07:00:00,2024-11-27,4.2877607345581055
2024-11,dgt_identity_adaptive,2026,1,2024-11-27 03:00:00,2024-11-27 03:00:00,2024-11-27,5.133098602294922
2024-11,dgt_identity_adaptive,2026,2,2024-11-27 03:00:00,2024-11-27 04:00:00,2024-11-27,7.261889934539795
2024-11,dgt_identity_adaptive,2026,3,2024-11-27 03:00:00,2024-11-27 05:00:00,2024-11-27,3.9059948921203613
2024-11,dgt_identity_adaptive,2026,6,2024-11-27 03:00:00,2024-11-27 08:00:00,2024-11-27,4.341433525085449
2024-11,dgt_identity_adaptive,2026,1,2024-11-27 04:00:00,2024-11-27 04:00:00,2024-11-27,7.288918495178223
2024-11,dgt_identity_adaptive,2026,2,2024-11-27 04:00:00,2024-11-27 05:00:00,2024-11-27,4.088794708251953
2024-11,dgt_identity_adaptive,2026,3,2024-11-27 04:00:00,2024-11-27 06:00:00,2024-11-27,2.716639518737793
2024-11,dgt_identity_adaptive,2026,6,2024-11-27 04:00:00,2024-11-27 09:00:00,2024-11-27,3.526211738586426
2024-11,dgt_identity_adaptive,2026,1,2024-11-27 05:00:00,2024-11-27 05:00:00,2024-11-27,3.8153510093688965
2024-11,dgt_identity_adaptive,2026,2,2024-11-27 05:00:00,2024-11-27 06:00:00,2024-11-27,3.245090961456299
2024-11,dgt_identity_adaptive,2026,3,2024-11-27 05:00:00,2024-11-27 07:00:00,2024-11-27,3.2272896766662598
2024-11,dgt_identity_adaptive,2026,6,2024-11-27 05:00:00,2024-11-27 10:00:00,2024-11-27,2.4981720447540283
2024-11,dgt_identity_adaptive,2026,1,2024-11-27 06:00:00,2024-11-27 06:00:00,2024-11-27,3.5329251289367676
2024-11,dgt_identity_adaptive,2026,2,2024-11-27 06:00:00,2024-11-27 07:00:00,2024-11-27,2.7716598510742188
2024-11,dgt_identity_adaptive,2026,3,2024-11-27 06:00:00,2024-11-27 08:00:00,2024-11-27,3.072042465209961
2024-11,dgt_identity_adaptive,2026,6,2024-11-27 06:00:00,2024-11-27 11:00:00,2024-11-27,2.857828140258789
2024-11,dgt_identity_adaptive,2026,1,2024-11-27 07:00:00,2024-11-27 07:00:00,2024-11-27,3.3238914012908936
2024-11,dgt_identity_adaptive,2026,2,2024-11-27 07:00:00,2024-11-27 08:00:00,2024-11-27,3.089402198791504
2024-11,dgt_identity_adaptive,2026,3,2024-11-27 07:00:00,2024-11-27 09:00:00,2024-11-27,2.9533684253692627
2024-11,dgt_identity_adaptive,2026,6,2024-11-27 07:00:00,2024-11-27 12:00:00,2024-11-27,3.494051933288574
2024-11,dgt_identity_adaptive,2026,1,2024-11-27 08:00:00,2024-11-27 08:00:00,2024-11-27,2.9671006202697754
2024-11,dgt_identity_adaptive,2026,2,2024-11-27 08:00:00,2024-11-27 09:00:00,2024-11-27,2.7128355503082275
2024-11,dgt_identity_adaptive,2026,3,2024-11-27 08:00:00,2024-11-27 10:00:00,2024-11-27,1.9804368019104004
2024-11,dgt_identity_adaptive,2026,6,2024-11-27 08:00:00,2024-11-27 13:00:00,2024-11-27,3.8670711517333984
2024-11,dgt_identity_adaptive,2026,1,2024-11-27 09:00:00,2024-11-27 09:00:00,2024-11-27,2.33577299118042
2024-11,dgt_identity_adaptive,2026,2,2024-11-27 09:00:00,2024-11-27 10:00:00,2024-11-27,2.2581121921539307
2024-11,dgt_identity_adaptive,2026,3,2024-11-27 09:00:00,2024-11-27 11:00:00,2024-11-27,2.52994966506958
2024-11,dgt_identity_adaptive,2026,6,2024-11-27 09:00:00,2024-11-27 14:00:00,2024-11-27,3.747318744659424
2024-11,dgt_identity_adaptive,2026,1,2024-11-27 10:00:00,2024-11-27 10:00:00,2024-11-27,2.2627313137054443
2024-11,dgt_identity_adaptive,2026,2,2024-11-27 10:00:00,2024-11-27 11:00:00,2024-11-27,3.10662841796875
2024-11,dgt_identity_adaptive,2026,3,2024-11-27 10:00:00,2024-11-27 12:00:00,2024-11-27,2.9822592735290527
2024-11,dgt_identity_adaptive,2026,6,2024-11-27 10:00:00,2024-11-27 15:00:00,2024-11-27,3.770296096801758
2024-11,dgt_identity_adaptive,2026,1,2024-11-27 11:00:00,2024-11-27 11:00:00,2024-11-27,2.6770339012145996
2024-11,dgt_identity_adaptive,2026,2,2024-11-27 11:00:00,2024-11-27 12:00:00,2024-11-27,3.6956071853637695
2024-11,dgt_identity_adaptive,2026,3,2024-11-27 11:00:00,2024-11-27 13:00:00,2024-11-27,2.9900004863739014
2024-11,dgt_identity_adaptive,2026,6,2024-11-27 11:00:00,2024-11-27 16:00:00,2024-11-27,3.9287524223327637
2024-11,dgt_identity_adaptive,2026,1,2024-11-27 12:00:00,2024-11-27 12:00:00,2024-11-27,2.429596424102783
2024-11,dgt_identity_adaptive,2026,2,2024-11-27 12:00:00,2024-11-27 13:00:00,2024-11-27,3.3066465854644775
2024-11,dgt_identity_adaptive,2026,3,2024-11-27 12:00:00,2024-11-27 14:00:00,2024-11-27,3.046368360519409
2024-11,dgt_identity_adaptive,2026,6,2024-11-27 12:00:00,2024-11-27 17:00:00,2024-11-27,4.974313735961914
2024-11,dgt_identity_adaptive,2026,1,2024-11-27 13:00:00,2024-11-27 13:00:00,2024-11-27,2.6299571990966797
2024-11,dgt_identity_adaptive,2026,2,2024-11-27 13:00:00,2024-11-27 14:00:00,2024-11-27,3.0895237922668457
2024-11,dgt_identity_adaptive,2026,3,2024-11-27 13:00:00,2024-11-27 15:00:00,2024-11-27,3.3228039741516113
2024-11,dgt_identity_adaptive,2026,6,2024-11-27 13:00:00,2024-11-27 18:00:00,2024-11-27,4.867727279663086
2024-11,dgt_identity_adaptive,2026,1,2024-11-27 14:00:00,2024-11-27 14:00:00,2024-11-27,2.7790074348449707
2024-11,dgt_identity_adaptive,2026,2,2024-11-27 14:00:00,2024-11-27 15:00:00,2024-11-27,3.317969560623169
2024-11,dgt_identity_adaptive,2026,3,2024-11-27 14:00:00,2024-11-27 16:00:00,2024-11-27,3.671308994293213
2024-11,dgt_identity_adaptive,2026,6,2024-11-27 14:00:00,2024-11-27 19:00:00,2024-11-27,3.894029140472412
2024-11,dgt_identity_adaptive,2026,1,2024-11-27 15:00:00,2024-11-27 15:00:00,2024-11-27,3.275465726852417
2024-11,dgt_identity_adaptive,2026,2,2024-11-27 15:00:00,2024-11-27 16:00:00,2024-11-27,3.6183366775512695
2024-11,dgt_identity_adaptive,2026,3,2024-11-27 15:00:00,2024-11-27 17:00:00,2024-11-27,4.373227596282959
2024-11,dgt_identity_adaptive,2026,6,2024-11-27 15:00:00,2024-11-27 20:00:00,2024-11-27,3.8731744289398193
2024-11,dgt_identity_adaptive,2026,1,2024-11-27 16:00:00,2024-11-27 16:00:00,2024-11-27,3.7642407417297363
2024-11,dgt_identity_adaptive,2026,2,2024-11-27 16:00:00,2024-11-27 17:00:00,2024-11-27,4.4650139808654785
2024-11,dgt_identity_adaptive,2026,3,2024-11-27 16:00:00,2024-11-27 18:00:00,2024-11-27,4.266754150390625
2024-11,dgt_identity_adaptive,2026,6,2024-11-27 16:00:00,2024-11-27 21:00:00,2024-11-27,5.155085563659668
2024-11,dgt_identity_adaptive,2026,1,2024-11-27 17:00:00,2024-11-27 17:00:00,2024-11-27,4.227959632873535
2024-11,dgt_identity_adaptive,2026,2,2024-11-27 17:00:00,2024-11-27 18:00:00,2024-11-27,3.9734199047088623
2024-11,dgt_identity_adaptive,2026,3,2024-11-27 17:00:00,2024-11-27 19:00:00,2024-11-27,3.33183217048645
2024-11,dgt_identity_adaptive,2026,6,2024-11-27 17:00:00,2024-11-27 22:00:00,2024-11-27,5.892685890197754
2024-11,dgt_identity_adaptive,2026,1,2024-11-27 18:00:00,2024-11-27 18:00:00,2024-11-27,3.8944668769836426
2024-11,dgt_identity_adaptive,2026,2,2024-11-27 18:00:00,2024-11-27 19:00:00,2024-11-27,3.31897234916687
2024-11,dgt_identity_adaptive,2026,3,2024-11-27 18:00:00,2024-11-27 20:00:00,2024-11-27,3.760059356689453
2024-11,dgt_identity_adaptive,2026,6,2024-11-27 18:00:00,2024-11-27 23:00:00,2024-11-27,4.556292533874512
2024-11,dgt_identity_adaptive,2026,1,2024-11-27 19:00:00,2024-11-27 19:00:00,2024-11-27,2.927497148513794
2024-11,dgt_identity_adaptive,2026,2,2024-11-27 19:00:00,2024-11-27 20:00:00,2024-11-27,3.169679641723633
2024-11,dgt_identity_adaptive,2026,3,2024-11-27 19:00:00,2024-11-27 21:00:00,2024-11-27,4.168630599975586
2024-11,dgt_identity_adaptive,2026,6,2024-11-27 19:00:00,2024-11-28 00:00:00,2024-11-28,3.8444807529449463
2024-11,dgt_identity_adaptive,2026,1,2024-11-27 20:00:00,2024-11-27 20:00:00,2024-11-27,3.0295138359069824
2024-11,dgt_identity_adaptive,2026,2,2024-11-27 20:00:00,2024-11-27 21:00:00,2024-11-27,4.150691032409668
2024-11,dgt_identity_adaptive,2026,3,2024-11-27 20:00:00,2024-11-27 22:00:00,2024-11-27,4.788570404052734
2024-11,dgt_identity_adaptive,2026,6,2024-11-27 20:00:00,2024-11-28 01:00:00,2024-11-28,5.99300479888916
2024-11,dgt_identity_adaptive,2026,1,2024-11-27 21:00:00,2024-11-27 21:00:00,2024-11-27,3.6921374797821045
2024-11,dgt_identity_adaptive,2026,2,2024-11-27 21:00:00,2024-11-27 22:00:00,2024-11-27,3.872035503387451
2024-11,dgt_identity_adaptive,2026,3,2024-11-27 21:00:00,2024-11-27 23:00:00,2024-11-27,3.6985726356506348
2024-11,dgt_identity_adaptive,2026,6,2024-11-27 21:00:00,2024-11-28 02:00:00,2024-11-28,5.492772102355957
2024-11,dgt_identity_adaptive,2026,1,2024-11-27 22:00:00,2024-11-27 22:00:00,2024-11-27,4.141745567321777
2024-11,dgt_identity_adaptive,2026,2,2024-11-27 22:00:00,2024-11-27 23:00:00,2024-11-27,3.7269039154052734
2024-11,dgt_identity_adaptive,2026,3,2024-11-27 22:00:00,2024-11-28 00:00:00,2024-11-28,3.318020820617676
2024-11,dgt_identity_adaptive,2026,6,2024-11-27 22:00:00,2024-11-28 03:00:00,2024-11-28,7.069490909576416
2024-11,dgt_identity_adaptive,2026,1,2024-11-27 23:00:00,2024-11-27 23:00:00,2024-11-27,3.546970844268799
2024-11,dgt_identity_adaptive,2026,2,2024-11-27 23:00:00,2024-11-28 00:00:00,2024-11-28,3.983966588973999
2024-11,dgt_identity_adaptive,2026,3,2024-11-27 23:00:00,2024-11-28 01:00:00,2024-11-28,5.055180072784424
2024-11,dgt_identity_adaptive,2026,6,2024-11-27 23:00:00,2024-11-28 04:00:00,2024-11-28,5.76873779296875
2024-11,dgt_identity_adaptive,2026,1,2024-11-28 00:00:00,2024-11-28 00:00:00,2024-11-28,3.0389177799224854
2024-11,dgt_identity_adaptive,2026,2,2024-11-28 00:00:00,2024-11-28 01:00:00,2024-11-28,4.702032089233398
2024-11,dgt_identity_adaptive,2026,3,2024-11-28 00:00:00,2024-11-28 02:00:00,2024-11-28,3.9806830883026123
2024-11,dgt_identity_adaptive,2026,6,2024-11-28 00:00:00,2024-11-28 05:00:00,2024-11-28,4.160340785980225
2024-11,dgt_identity_adaptive,2026,1,2024-11-28 01:00:00,2024-11-28 01:00:00,2024-11-28,4.592741966247559
2024-11,dgt_identity_adaptive,2026,2,2024-11-28 01:00:00,2024-11-28 02:00:00,2024-11-28,4.467401504516602
2024-11,dgt_identity_adaptive,2026,3,2024-11-28 01:00:00,2024-11-28 03:00:00,2024-11-28,6.6558837890625
2024-11,dgt_identity_adaptive,2026,6,2024-11-28 01:00:00,2024-11-28 06:00:00,2024-11-28,3.1861743927001953
2024-11,dgt_identity_adaptive,2026,1,2024-11-28 02:00:00,2024-11-28 02:00:00,2024-11-28,4.43107271194458
2024-11,dgt_identity_adaptive,2026,2,2024-11-28 02:00:00,2024-11-28 03:00:00,2024-11-28,5.919354438781738
2024-11,dgt_identity_adaptive,2026,3,2024-11-28 02:00:00,2024-11-28 04:00:00,2024-11-28,5.715541839599609
2024-11,dgt_identity_adaptive,2026,6,2024-11-28 02:00:00,2024-11-28 07:00:00,2024-11-28,5.4679718017578125
2024-11,dgt_identity_adaptive,2026,1,2024-11-28 03:00:00,2024-11-28 03:00:00,2024-11-28,5.740505695343018
2024-11,dgt_identity_adaptive,2026,2,2024-11-28 03:00:00,2024-11-28 04:00:00,2024-11-28,6.432713031768799
2024-11,dgt_identity_adaptive,2026,3,2024-11-28 03:00:00,2024-11-28 05:00:00,2024-11-28,3.6276988983154297
2024-11,dgt_identity_adaptive,2026,6,2024-11-28 03:00:00,2024-11-28 08:00:00,2024-11-28,6.251506328582764
2024-11,dgt_identity_adaptive,2026,1,2024-11-28 04:00:00,2024-11-28 04:00:00,2024-11-28,6.567776679992676
2024-11,dgt_identity_adaptive,2026,2,2024-11-28 04:00:00,2024-11-28 05:00:00,2024-11-28,3.905747413635254
2024-11,dgt_identity_adaptive,2026,3,2024-11-28 04:00:00,2024-11-28 06:00:00,2024-11-28,3.475487232208252
2024-11,dgt_identity_adaptive,2026,6,2024-11-28 04:00:00,2024-11-28 09:00:00,2024-11-28,3.8345866203308105
2024-11,dgt_identity_adaptive,2026,1,2024-11-28 05:00:00,2024-11-28 05:00:00,2024-11-28,3.7835917472839355
2024-11,dgt_identity_adaptive,2026,2,2024-11-28 05:00:00,2024-11-28 06:00:00,2024-11-28,3.195174217224121
2024-11,dgt_identity_adaptive,2026,3,2024-11-28 05:00:00,2024-11-28 07:00:00,2024-11-28,4.12191104888916
2024-11,dgt_identity_adaptive,2026,6,2024-11-28 05:00:00,2024-11-28 10:00:00,2024-11-28,2.737405300140381
2024-11,dgt_identity_adaptive,2026,1,2024-11-28 06:00:00,2024-11-28 06:00:00,2024-11-28,3.0102310180664062
2024-11,dgt_identity_adaptive,2026,2,2024-11-28 06:00:00,2024-11-28 07:00:00,2024-11-28,4.557291507720947
2024-11,dgt_identity_adaptive,2026,3,2024-11-28 06:00:00,2024-11-28 08:00:00,2024-11-28,4.126697540283203
2024-11,dgt_identity_adaptive,2026,6,2024-11-28 06:00:00,2024-11-28 11:00:00,2024-11-28,3.5114002227783203
2024-11,dgt_identity_adaptive,2026,1,2024-11-28 07:00:00,2024-11-28 07:00:00,2024-11-28,4.36877965927124
2024-11,dgt_identity_adaptive,2026,2,2024-11-28 07:00:00,2024-11-28 08:00:00,2024-11-28,4.274568557739258
2024-11,dgt_identity_adaptive,2026,3,2024-11-28 07:00:00,2024-11-28 09:00:00,2024-11-28,3.3121933937072754
2024-11,dgt_identity_adaptive,2026,6,2024-11-28 07:00:00,2024-11-28 12:00:00,2024-11-28,3.7418575286865234
2024-11,dgt_identity_adaptive,2026,1,2024-11-28 08:00:00,2024-11-28 08:00:00,2024-11-28,3.910691499710083
2024-11,dgt_identity_adaptive,2026,2,2024-11-28 08:00:00,2024-11-28 09:00:00,2024-11-28,3.6574645042419434
2024-11,dgt_identity_adaptive,2026,3,2024-11-28 08:00:00,2024-11-28 10:00:00,2024-11-28,2.796211004257202
2024-11,dgt_identity_adaptive,2026,6,2024-11-28 08:00:00,2024-11-28 13:00:00,2024-11-28,4.597943305969238
2024-11,dgt_identity_adaptive,2026,1,2024-11-28 09:00:00,2024-11-28 09:00:00,2024-11-28,3.466254949569702
2024-11,dgt_identity_adaptive,2026,2,2024-11-28 09:00:00,2024-11-28 10:00:00,2024-11-28,3.125596284866333
2024-11,dgt_identity_adaptive,2026,3,2024-11-28 09:00:00,2024-11-28 11:00:00,2024-11-28,3.325557231903076
2024-11,dgt_identity_adaptive,2026,6,2024-11-28 09:00:00,2024-11-28 14:00:00,2024-11-28,4.492823600769043
2024-11,dgt_identity_adaptive,2026,1,2024-11-28 10:00:00,2024-11-28 10:00:00,2024-11-28,3.0012054443359375
2024-11,dgt_identity_adaptive,2026,2,2024-11-28 10:00:00,2024-11-28 11:00:00,2024-11-28,3.1598873138427734
2024-11,dgt_identity_adaptive,2026,3,2024-11-28 10:00:00,2024-11-28 12:00:00,2024-11-28,2.9888224601745605
2024-11,dgt_identity_adaptive,2026,6,2024-11-28 10:00:00,2024-11-28 15:00:00,2024-11-28,3.6824705600738525
2024-11,dgt_identity_adaptive,2026,1,2024-11-28 11:00:00,2024-11-28 11:00:00,2024-11-28,3.0165855884552
2024-11,dgt_identity_adaptive,2026,2,2024-11-28 11:00:00,2024-11-28 12:00:00,2024-11-28,3.0405611991882324
2024-11,dgt_identity_adaptive,2026,3,2024-11-28 11:00:00,2024-11-28 13:00:00,2024-11-28,2.6380908489227295
2024-11,dgt_identity_adaptive,2026,6,2024-11-28 11:00:00,2024-11-28 16:00:00,2024-11-28,4.104907989501953
2024-11,dgt_identity_adaptive,2026,1,2024-11-28 12:00:00,2024-11-28 12:00:00,2024-11-28,2.6417582035064697
2024-11,dgt_identity_adaptive,2026,2,2024-11-28 12:00:00,2024-11-28 13:00:00,2024-11-28,2.6981616020202637
2024-11,dgt_identity_adaptive,2026,3,2024-11-28 12:00:00,2024-11-28 14:00:00,2024-11-28,2.764648675918579
2024-11,dgt_identity_adaptive,2026,6,2024-11-28 12:00:00,2024-11-28 17:00:00,2024-11-28,5.313516616821289
2024-11,dgt_identity_adaptive,2026,1,2024-11-28 13:00:00,2024-11-28 13:00:00,2024-11-28,2.69484543800354
2024-11,dgt_identity_adaptive,2026,2,2024-11-28 13:00:00,2024-11-28 14:00:00,2024-11-28,2.5315232276916504
2024-11,dgt_identity_adaptive,2026,3,2024-11-28 13:00:00,2024-11-28 15:00:00,2024-11-28,2.630727767944336
2024-11,dgt_identity_adaptive,2026,6,2024-11-28 13:00:00,2024-11-28 18:00:00,2024-11-28,5.443537712097168
2024-11,dgt_identity_adaptive,2026,1,2024-11-28 14:00:00,2024-11-28 14:00:00,2024-11-28,2.524930238723755
2024-11,dgt_identity_adaptive,2026,2,2024-11-28 14:00:00,2024-11-28 15:00:00,2024-11-28,2.848090648651123
2024-11,dgt_identity_adaptive,2026,3,2024-11-28 14:00:00,2024-11-28 16:00:00,2024-11-28,3.3360209465026855
2024-11,dgt_identity_adaptive,2026,6,2024-11-28 14:00:00,2024-11-28 19:00:00,2024-11-28,3.9160757064819336
2024-11,dgt_identity_adaptive,2026,1,2024-11-28 15:00:00,2024-11-28 15:00:00,2024-11-28,3.107419490814209
2024-11,dgt_identity_adaptive,2026,2,2024-11-28 15:00:00,2024-11-28 16:00:00,2024-11-28,3.132424831390381
2024-11,dgt_identity_adaptive,2026,3,2024-11-28 15:00:00,2024-11-28 17:00:00,2024-11-28,4.379047393798828
2024-11,dgt_identity_adaptive,2026,6,2024-11-28 15:00:00,2024-11-28 20:00:00,2024-11-28,4.030184745788574
2024-11,dgt_identity_adaptive,2026,1,2024-11-28 16:00:00,2024-11-28 16:00:00,2024-11-28,3.0538978576660156
2024-11,dgt_identity_adaptive,2026,2,2024-11-28 16:00:00,2024-11-28 17:00:00,2024-11-28,3.8019862174987793
2024-11,dgt_identity_adaptive,2026,3,2024-11-28 16:00:00,2024-11-28 18:00:00,2024-11-28,4.6625823974609375
2024-11,dgt_identity_adaptive,2026,6,2024-11-28 16:00:00,2024-11-28 21:00:00,2024-11-28,5.1959757804870605
2024-11,dgt_identity_adaptive,2026,1,2024-11-28 17:00:00,2024-11-28 17:00:00,2024-11-28,3.713092803955078
2024-11,dgt_identity_adaptive,2026,2,2024-11-28 17:00:00,2024-11-28 18:00:00,2024-11-28,4.801741600036621
2024-11,dgt_identity_adaptive,2026,3,2024-11-28 17:00:00,2024-11-28 19:00:00,2024-11-28,3.6768884658813477
2024-11,dgt_identity_adaptive,2026,6,2024-11-28 17:00:00,2024-11-28 22:00:00,2024-11-28,4.537703514099121
2024-11,dgt_identity_adaptive,2026,1,2024-11-28 18:00:00,2024-11-28 18:00:00,2024-11-28,4.610508441925049
2024-11,dgt_identity_adaptive,2026,2,2024-11-28 18:00:00,2024-11-28 19:00:00,2024-11-28,3.197160243988037
2024-11,dgt_identity_adaptive,2026,3,2024-11-28 18:00:00,2024-11-28 20:00:00,2024-11-28,4.241660118103027
2024-11,dgt_identity_adaptive,2026,6,2024-11-28 18:00:00,2024-11-28 23:00:00,2024-11-28,4.372957229614258
2024-11,dgt_identity_adaptive,2026,1,2024-11-28 19:00:00,2024-11-28 19:00:00,2024-11-28,3.224332332611084
2024-11,dgt_identity_adaptive,2026,2,2024-11-28 19:00:00,2024-11-28 20:00:00,2024-11-28,3.69541597366333
2024-11,dgt_identity_adaptive,2026,3,2024-11-28 19:00:00,2024-11-28 21:00:00,2024-11-28,4.156658172607422
2024-11,dgt_identity_adaptive,2026,6,2024-11-28 19:00:00,2024-11-29 00:00:00,2024-11-29,4.213045120239258
2024-11,dgt_identity_adaptive,2026,1,2024-11-28 20:00:00,2024-11-28 20:00:00,2024-11-28,3.8316781520843506
2024-11,dgt_identity_adaptive,2026,2,2024-11-28 20:00:00,2024-11-28 21:00:00,2024-11-28,3.959681510925293
2024-11,dgt_identity_adaptive,2026,3,2024-11-28 20:00:00,2024-11-28 22:00:00,2024-11-28,3.324455976486206
2024-11,dgt_identity_adaptive,2026,6,2024-11-28 20:00:00,2024-11-29 01:00:00,2024-11-29,4.451567649841309
2024-11,dgt_identity_adaptive,2026,1,2024-11-28 21:00:00,2024-11-28 21:00:00,2024-11-28,3.7967352867126465
2024-11,dgt_identity_adaptive,2026,2,2024-11-28 21:00:00,2024-11-28 22:00:00,2024-11-28,2.8610806465148926
2024-11,dgt_identity_adaptive,2026,3,2024-11-28 21:00:00,2024-11-28 23:00:00,2024-11-28,3.3238487243652344
2024-11,dgt_identity_adaptive,2026,6,2024-11-28 21:00:00,2024-11-29 02:00:00,2024-11-29,3.5470094680786133
2024-11,dgt_identity_adaptive,2026,1,2024-11-28 22:00:00,2024-11-28 22:00:00,2024-11-28,3.438429594039917
2024-11,dgt_identity_adaptive,2026,2,2024-11-28 22:00:00,2024-11-28 23:00:00,2024-11-28,3.5090365409851074
2024-11,dgt_identity_adaptive,2026,3,2024-11-28 22:00:00,2024-11-29 00:00:00,2024-11-29,4.3273539543151855
2024-11,dgt_identity_adaptive,2026,6,2024-11-28 22:00:00,2024-11-29 03:00:00,2024-11-29,5.10518741607666
2024-11,dgt_identity_adaptive,2026,1,2024-11-28 23:00:00,2024-11-28 23:00:00,2024-11-28,3.3571417331695557
2024-11,dgt_identity_adaptive,2026,2,2024-11-28 23:00:00,2024-11-29 00:00:00,2024-11-29,4.567419052124023
2024-11,dgt_identity_adaptive,2026,3,2024-11-28 23:00:00,2024-11-29 01:00:00,2024-11-29,4.419788360595703
2024-11,dgt_identity_adaptive,2026,6,2024-11-28 23:00:00,2024-11-29 04:00:00,2024-11-29,5.988686561584473
2024-11,dgt_identity_adaptive,2026,1,2024-11-29 00:00:00,2024-11-29 00:00:00,2024-11-29,3.808769941329956
2024-11,dgt_identity_adaptive,2026,2,2024-11-29 00:00:00,2024-11-29 01:00:00,2024-11-29,4.229597091674805
2024-11,dgt_identity_adaptive,2026,3,2024-11-29 00:00:00,2024-11-29 02:00:00,2024-11-29,3.8538448810577393
2024-11,dgt_identity_adaptive,2026,6,2024-11-29 00:00:00,2024-11-29 05:00:00,2024-11-29,5.885164260864258
2024-11,dgt_identity_adaptive,2026,1,2024-11-29 01:00:00,2024-11-29 01:00:00,2024-11-29,3.935725212097168
2024-11,dgt_identity_adaptive,2026,2,2024-11-29 01:00:00,2024-11-29 02:00:00,2024-11-29,3.6097984313964844
2024-11,dgt_identity_adaptive,2026,3,2024-11-29 01:00:00,2024-11-29 03:00:00,2024-11-29,5.724223613739014
2024-11,dgt_identity_adaptive,2026,6,2024-11-29 01:00:00,2024-11-29 06:00:00,2024-11-29,3.546736717224121
2024-11,dgt_identity_adaptive,2026,1,2024-11-29 02:00:00,2024-11-29 02:00:00,2024-11-29,3.7227985858917236
2024-11,dgt_identity_adaptive,2026,2,2024-11-29 02:00:00,2024-11-29 03:00:00,2024-11-29,5.323493003845215
2024-11,dgt_identity_adaptive,2026,3,2024-11-29 02:00:00,2024-11-29 04:00:00,2024-11-29,5.257744789123535
2024-11,dgt_identity_adaptive,2026,6,2024-11-29 02:00:00,2024-11-29 07:00:00,2024-11-29,5.11004638671875
2024-11,dgt_identity_adaptive,2026,1,2024-11-29 03:00:00,2024-11-29 03:00:00,2024-11-29,4.812207221984863
2024-11,dgt_identity_adaptive,2026,2,2024-11-29 03:00:00,2024-11-29 04:00:00,2024-11-29,5.478653907775879
2024-11,dgt_identity_adaptive,2026,3,2024-11-29 03:00:00,2024-11-29 05:00:00,2024-11-29,5.265277862548828
2024-11,dgt_identity_adaptive,2026,6,2024-11-29 03:00:00,2024-11-29 08:00:00,2024-11-29,5.608050346374512
2024-11,dgt_identity_adaptive,2026,1,2024-11-29 04:00:00,2024-11-29 04:00:00,2024-11-29,5.567058086395264
2024-11,dgt_identity_adaptive,2026,2,2024-11-29 04:00:00,2024-11-29 05:00:00,2024-11-29,5.661944389343262
2024-11,dgt_identity_adaptive,2026,3,2024-11-29 04:00:00,2024-11-29 06:00:00,2024-11-29,3.5009002685546875
2024-11,dgt_identity_adaptive,2026,6,2024-11-29 04:00:00,2024-11-29 09:00:00,2024-11-29,4.308865547180176
2024-11,dgt_identity_adaptive,2026,1,2024-11-29 05:00:00,2024-11-29 05:00:00,2024-11-29,5.061488151550293
2024-11,dgt_identity_adaptive,2026,2,2024-11-29 05:00:00,2024-11-29 06:00:00,2024-11-29,3.987217426300049
2024-11,dgt_identity_adaptive,2026,3,2024-11-29 05:00:00,2024-11-29 07:00:00,2024-11-29,4.4174604415893555
2024-11,dgt_identity_adaptive,2026,6,2024-11-29 05:00:00,2024-11-29 10:00:00,2024-11-29,3.621689796447754
2024-11,dgt_identity_adaptive,2026,1,2024-11-29 06:00:00,2024-11-29 06:00:00,2024-11-29,3.770118236541748
2024-11,dgt_identity_adaptive,2026,2,2024-11-29 06:00:00,2024-11-29 07:00:00,2024-11-29,4.269997596740723
2024-11,dgt_identity_adaptive,2026,3,2024-11-29 06:00:00,2024-11-29 08:00:00,2024-11-29,3.5803067684173584
2024-11,dgt_identity_adaptive,2026,6,2024-11-29 06:00:00,2024-11-29 11:00:00,2024-11-29,4.016425132751465
2024-11,dgt_identity_adaptive,2026,1,2024-11-29 07:00:00,2024-11-29 07:00:00,2024-11-29,4.286686897277832
2024-11,dgt_identity_adaptive,2026,2,2024-11-29 07:00:00,2024-11-29 08:00:00,2024-11-29,4.339748859405518
2024-11,dgt_identity_adaptive,2026,3,2024-11-29 07:00:00,2024-11-29 09:00:00,2024-11-29,3.732391119003296
2024-11,dgt_identity_adaptive,2026,6,2024-11-29 07:00:00,2024-11-29 12:00:00,2024-11-29,3.7371506690979004
2024-11,dgt_identity_adaptive,2026,1,2024-11-29 08:00:00,2024-11-29 08:00:00,2024-11-29,3.978114604949951
2024-11,dgt_identity_adaptive,2026,2,2024-11-29 08:00:00,2024-11-29 09:00:00,2024-11-29,3.435549259185791
2024-11,dgt_identity_adaptive,2026,3,2024-11-29 08:00:00,2024-11-29 10:00:00,2024-11-29,3.2188215255737305
2024-11,dgt_identity_adaptive,2026,6,2024-11-29 08:00:00,2024-11-29 13:00:00,2024-11-29,4.822972297668457
2024-11,dgt_identity_adaptive,2026,1,2024-11-29 09:00:00,2024-11-29 09:00:00,2024-11-29,2.808263063430786
2024-11,dgt_identity_adaptive,2026,2,2024-11-29 09:00:00,2024-11-29 10:00:00,2024-11-29,3.273810625076294
2024-11,dgt_identity_adaptive,2026,3,2024-11-29 09:00:00,2024-11-29 11:00:00,2024-11-29,2.9098095893859863
2024-11,dgt_identity_adaptive,2026,6,2024-11-29 09:00:00,2024-11-29 14:00:00,2024-11-29,3.5867109298706055
2024-11,dgt_identity_adaptive,2026,1,2024-11-29 10:00:00,2024-11-29 10:00:00,2024-11-29,3.094299793243408
2024-11,dgt_identity_adaptive,2026,2,2024-11-29 10:00:00,2024-11-29 11:00:00,2024-11-29,2.9629831314086914
2024-11,dgt_identity_adaptive,2026,3,2024-11-29 10:00:00,2024-11-29 12:00:00,2024-11-29,3.0053200721740723
2024-11,dgt_identity_adaptive,2026,6,2024-11-29 10:00:00,2024-11-29 15:00:00,2024-11-29,4.015775680541992
2024-11,dgt_identity_adaptive,2026,1,2024-11-29 11:00:00,2024-11-29 11:00:00,2024-11-29,2.914311170578003
2024-11,dgt_identity_adaptive,2026,2,2024-11-29 11:00:00,2024-11-29 12:00:00,2024-11-29,2.6939468383789062
2024-11,dgt_identity_adaptive,2026,3,2024-11-29 11:00:00,2024-11-29 13:00:00,2024-11-29,3.3069026470184326
2024-11,dgt_identity_adaptive,2026,6,2024-11-29 11:00:00,2024-11-29 16:00:00,2024-11-29,3.9204294681549072
2024-11,dgt_identity_adaptive,2026,1,2024-11-29 12:00:00,2024-11-29 12:00:00,2024-11-29,2.419449806213379
2024-11,dgt_identity_adaptive,2026,2,2024-11-29 12:00:00,2024-11-29 13:00:00,2024-11-29,2.999974489212036
2024-11,dgt_identity_adaptive,2026,3,2024-11-29 12:00:00,2024-11-29 14:00:00,2024-11-29,3.605522632598877
2024-11,dgt_identity_adaptive,2026,6,2024-11-29 12:00:00,2024-11-29 17:00:00,2024-11-29,4.660309314727783
2024-11,dgt_identity_adaptive,2026,1,2024-11-29 13:00:00,2024-11-29 13:00:00,2024-11-29,3.098897695541382
2024-11,dgt_identity_adaptive,2026,2,2024-11-29 13:00:00,2024-11-29 14:00:00,2024-11-29,3.026620388031006
2024-11,dgt_identity_adaptive,2026,3,2024-11-29 13:00:00,2024-11-29 15:00:00,2024-11-29,3.0785558223724365
2024-11,dgt_identity_adaptive,2026,6,2024-11-29 13:00:00,2024-11-29 18:00:00,2024-11-29,5.425172328948975
2024-11,dgt_identity_adaptive,2026,1,2024-11-29 14:00:00,2024-11-29 14:00:00,2024-11-29,3.2932214736938477
2024-11,dgt_identity_adaptive,2026,2,2024-11-29 14:00:00,2024-11-29 15:00:00,2024-11-29,2.6420083045959473
2024-11,dgt_identity_adaptive,2026,3,2024-11-29 14:00:00,2024-11-29 16:00:00,2024-11-29,3.1947269439697266
2024-11,dgt_identity_adaptive,2026,6,2024-11-29 14:00:00,2024-11-29 19:00:00,2024-11-29,5.59970760345459
2024-11,dgt_identity_adaptive,2026,1,2024-11-29 15:00:00,2024-11-29 15:00:00,2024-11-29,2.193887233734131
2024-11,dgt_identity_adaptive,2026,2,2024-11-29 15:00:00,2024-11-29 16:00:00,2024-11-29,3.3708343505859375
2024-11,dgt_identity_adaptive,2026,3,2024-11-29 15:00:00,2024-11-29 17:00:00,2024-11-29,4.721987724304199
2024-11,dgt_identity_adaptive,2026,6,2024-11-29 15:00:00,2024-11-29 20:00:00,2024-11-29,4.686042785644531
2024-11,dgt_identity_adaptive,2026,1,2024-11-29 16:00:00,2024-11-29 16:00:00,2024-11-29,3.1681110858917236
2024-11,dgt_identity_adaptive,2026,2,2024-11-29 16:00:00,2024-11-29 17:00:00,2024-11-29,4.174981117248535
2024-11,dgt_identity_adaptive,2026,3,2024-11-29 16:00:00,2024-11-29 18:00:00,2024-11-29,5.387283802032471
2024-11,dgt_identity_adaptive,2026,6,2024-11-29 16:00:00,2024-11-29 21:00:00,2024-11-29,3.395930290222168
2024-11,dgt_identity_adaptive,2026,1,2024-11-29 17:00:00,2024-11-29 17:00:00,2024-11-29,4.121408462524414
2024-11,dgt_identity_adaptive,2026,2,2024-11-29 17:00:00,2024-11-29 18:00:00,2024-11-29,5.177427291870117
2024-11,dgt_identity_adaptive,2026,3,2024-11-29 17:00:00,2024-11-29 19:00:00,2024-11-29,5.033017158508301
2024-11,dgt_identity_adaptive,2026,6,2024-11-29 17:00:00,2024-11-29 22:00:00,2024-11-29,3.710723400115967
2024-11,dgt_identity_adaptive,2026,1,2024-11-29 18:00:00,2024-11-29 18:00:00,2024-11-29,4.609425067901611
2024-11,dgt_identity_adaptive,2026,2,2024-11-29 18:00:00,2024-11-29 19:00:00,2024-11-29,5.206443786621094
2024-11,dgt_identity_adaptive,2026,3,2024-11-29 18:00:00,2024-11-29 20:00:00,2024-11-29,4.364038467407227
2024-11,dgt_identity_adaptive,2026,6,2024-11-29 18:00:00,2024-11-29 23:00:00,2024-11-29,3.303990364074707
2024-11,dgt_identity_adaptive,2026,1,2024-11-29 19:00:00,2024-11-29 19:00:00,2024-11-29,4.6517486572265625
2024-11,dgt_identity_adaptive,2026,2,2024-11-29 19:00:00,2024-11-29 20:00:00,2024-11-29,4.536177158355713
2024-11,dgt_identity_adaptive,2026,3,2024-11-29 19:00:00,2024-11-29 21:00:00,2024-11-29,2.829761028289795
2024-11,dgt_identity_adaptive,2026,6,2024-11-29 19:00:00,2024-11-30 00:00:00,2024-11-30,4.517236709594727
2024-11,dgt_identity_adaptive,2026,1,2024-11-29 20:00:00,2024-11-29 20:00:00,2024-11-29,3.81630539894104
2024-11,dgt_identity_adaptive,2026,2,2024-11-29 20:00:00,2024-11-29 21:00:00,2024-11-29,3.0021750926971436
2024-11,dgt_identity_adaptive,2026,3,2024-11-29 20:00:00,2024-11-29 22:00:00,2024-11-29,3.0556302070617676
2024-11,dgt_identity_adaptive,2026,6,2024-11-29 20:00:00,2024-11-30 01:00:00,2024-11-30,5.014272212982178
2024-11,dgt_identity_adaptive,2026,1,2024-11-29 21:00:00,2024-11-29 21:00:00,2024-11-29,2.870438575744629
2024-11,dgt_identity_adaptive,2026,2,2024-11-29 21:00:00,2024-11-29 22:00:00,2024-11-29,3.3414409160614014
2024-11,dgt_identity_adaptive,2026,3,2024-11-29 21:00:00,2024-11-29 23:00:00,2024-11-29,2.780003786087036
2024-11,dgt_identity_adaptive,2026,6,2024-11-29 21:00:00,2024-11-30 02:00:00,2024-11-30,7.289324760437012
2024-11,dgt_identity_adaptive,2026,1,2024-11-29 22:00:00,2024-11-29 22:00:00,2024-11-29,3.102013111114502
2024-11,dgt_identity_adaptive,2026,2,2024-11-29 22:00:00,2024-11-29 23:00:00,2024-11-29,3.4153995513916016
2024-11,dgt_identity_adaptive,2026,3,2024-11-29 22:00:00,2024-11-30 00:00:00,2024-11-30,4.181835174560547
2024-11,dgt_identity_adaptive,2026,6,2024-11-29 22:00:00,2024-11-30 03:00:00,2024-11-30,6.1438493728637695
2024-11,dgt_identity_adaptive,2026,1,2024-11-29 23:00:00,2024-11-29 23:00:00,2024-11-29,2.779625177383423
2024-11,dgt_identity_adaptive,2026,2,2024-11-29 23:00:00,2024-11-30 00:00:00,2024-11-30,3.627394914627075
2024-11,dgt_identity_adaptive,2026,3,2024-11-29 23:00:00,2024-11-30 01:00:00,2024-11-30,5.57387638092041
2024-11,dgt_identity_adaptive,2026,6,2024-11-29 23:00:00,2024-11-30 04:00:00,2024-11-30,7.522495746612549
2024-11,dgt_identity_adaptive,2026,1,2024-11-30 00:00:00,2024-11-30 00:00:00,2024-11-30,3.967686176300049
2024-11,dgt_identity_adaptive,2026,2,2024-11-30 00:00:00,2024-11-30 01:00:00,2024-11-30,4.723604202270508
2024-11,dgt_identity_adaptive,2026,3,2024-11-30 00:00:00,2024-11-30 02:00:00,2024-11-30,8.046279907226562
2024-11,dgt_identity_adaptive,2026,6,2024-11-30 00:00:00,2024-11-30 05:00:00,2024-11-30,4.05126953125
2024-11,dgt_identity_adaptive,2026,1,2024-11-30 01:00:00,2024-11-30 01:00:00,2024-11-30,4.464289665222168
2024-11,dgt_identity_adaptive,2026,2,2024-11-30 01:00:00,2024-11-30 02:00:00,2024-11-30,6.820089340209961
2024-11,dgt_identity_adaptive,2026,3,2024-11-30 01:00:00,2024-11-30 03:00:00,2024-11-30,6.238502025604248
2024-11,dgt_identity_adaptive,2026,6,2024-11-30 01:00:00,2024-11-30 06:00:00,2024-11-30,3.1930837631225586
2024-11,dgt_identity_adaptive,2026,1,2024-11-30 02:00:00,2024-11-30 02:00:00,2024-11-30,6.574295997619629
2024-11,dgt_identity_adaptive,2026,2,2024-11-30 02:00:00,2024-11-30 03:00:00,2024-11-30,5.189377307891846
2024-11,dgt_identity_adaptive,2026,3,2024-11-30 02:00:00,2024-11-30 04:00:00,2024-11-30,6.453883647918701
2024-11,dgt_identity_adaptive,2026,6,2024-11-30 02:00:00,2024-11-30 07:00:00,2024-11-30,2.8941922187805176
2024-11,dgt_identity_adaptive,2026,1,2024-11-30 03:00:00,2024-11-30 03:00:00,2024-11-30,4.741574287414551
2024-11,dgt_identity_adaptive,2026,2,2024-11-30 03:00:00,2024-11-30 04:00:00,2024-11-30,7.232370853424072
2024-11,dgt_identity_adaptive,2026,3,2024-11-30 03:00:00,2024-11-30 05:00:00,2024-11-30,4.094786643981934
2024-11,dgt_identity_adaptive,2026,6,2024-11-30 03:00:00,2024-11-30 08:00:00,2024-11-30,3.0971434116363525
2024-11,dgt_identity_adaptive,2026,1,2024-11-30 04:00:00,2024-11-30 04:00:00,2024-11-30,6.717584609985352
2024-11,dgt_identity_adaptive,2026,2,2024-11-30 04:00:00,2024-11-30 05:00:00,2024-11-30,4.041412353515625
2024-11,dgt_identity_adaptive,2026,3,2024-11-30 04:00:00,2024-11-30 06:00:00,2024-11-30,3.5259640216827393
2024-11,dgt_identity_adaptive,2026,6,2024-11-30 04:00:00,2024-11-30 09:00:00,2024-11-30,3.561798095703125
2024-11,dgt_identity_adaptive,2026,1,2024-11-30 05:00:00,2024-11-30 05:00:00,2024-11-30,3.89332914352417
2024-11,dgt_identity_adaptive,2026,2,2024-11-30 05:00:00,2024-11-30 06:00:00,2024-11-30,3.2171413898468018
2024-11,dgt_identity_adaptive,2026,3,2024-11-30 05:00:00,2024-11-30 07:00:00,2024-11-30,3.7147324085235596
2024-11,dgt_identity_adaptive,2026,6,2024-11-30 05:00:00,2024-11-30 10:00:00,2024-11-30,3.541950225830078
2024-11,dgt_identity_adaptive,2026,1,2024-11-30 06:00:00,2024-11-30 06:00:00,2024-11-30,3.416099786758423
2024-11,dgt_identity_adaptive,2026,2,2024-11-30 06:00:00,2024-11-30 07:00:00,2024-11-30,3.2191269397735596
2024-11,dgt_identity_adaptive,2026,3,2024-11-30 06:00:00,2024-11-30 08:00:00,2024-11-30,3.202946662902832
2024-11,dgt_identity_adaptive,2026,6,2024-11-30 06:00:00,2024-11-30 11:00:00,2024-11-30,3.053920269012451
2024-11,dgt_identity_adaptive,2026,1,2024-11-30 07:00:00,2024-11-30 07:00:00,2024-11-30,3.635496139526367
2024-11,dgt_identity_adaptive,2026,2,2024-11-30 07:00:00,2024-11-30 08:00:00,2024-11-30,2.998034954071045
2024-11,dgt_identity_adaptive,2026,3,2024-11-30 07:00:00,2024-11-30 09:00:00,2024-11-30,3.1684465408325195
2024-11,dgt_identity_adaptive,2026,6,2024-11-30 07:00:00,2024-11-30 12:00:00,2024-11-30,3.721210479736328
2024-11,dgt_identity_adaptive,2026,1,2024-11-30 08:00:00,2024-11-30 08:00:00,2024-11-30,2.828738212585449
2024-11,dgt_identity_adaptive,2026,2,2024-11-30 08:00:00,2024-11-30 09:00:00,2024-11-30,3.0242652893066406
2024-11,dgt_identity_adaptive,2026,3,2024-11-30 08:00:00,2024-11-30 10:00:00,2024-11-30,3.3839476108551025
2024-11,dgt_identity_adaptive,2026,6,2024-11-30 08:00:00,2024-11-30 13:00:00,2024-11-30,3.9135677814483643
2024-11,dgt_identity_adaptive,2026,1,2024-11-30 09:00:00,2024-11-30 09:00:00,2024-11-30,2.6902215480804443
2024-11,dgt_identity_adaptive,2026,2,2024-11-30 09:00:00,2024-11-30 10:00:00,2024-11-30,3.249734878540039
2024-11,dgt_identity_adaptive,2026,3,2024-11-30 09:00:00,2024-11-30 11:00:00,2024-11-30,2.8461382389068604
2024-11,dgt_identity_adaptive,2026,6,2024-11-30 09:00:00,2024-11-30 14:00:00,2024-11-30,3.5990138053894043
2024-11,dgt_identity_adaptive,2026,1,2024-11-30 10:00:00,2024-11-30 10:00:00,2024-11-30,2.7349767684936523
2024-11,dgt_identity_adaptive,2026,2,2024-11-30 10:00:00,2024-11-30 11:00:00,2024-11-30,3.5723114013671875
2024-11,dgt_identity_adaptive,2026,3,2024-11-30 10:00:00,2024-11-30 12:00:00,2024-11-30,3.9507973194122314
2024-11,dgt_identity_adaptive,2026,6,2024-11-30 10:00:00,2024-11-30 15:00:00,2024-11-30,3.7747559547424316
2024-11,dgt_identity_adaptive,2026,1,2024-11-30 11:00:00,2024-11-30 11:00:00,2024-11-30,2.4437122344970703
2024-11,dgt_identity_adaptive,2026,2,2024-11-30 11:00:00,2024-11-30 12:00:00,2024-11-30,3.894636631011963
2024-11,dgt_identity_adaptive,2026,3,2024-11-30 11:00:00,2024-11-30 13:00:00,2024-11-30,4.554884910583496
2024-11,dgt_identity_adaptive,2026,6,2024-11-30 11:00:00,2024-11-30 16:00:00,2024-11-30,4.263784885406494
2024-11,dgt_identity_adaptive,2026,1,2024-11-30 12:00:00,2024-11-30 12:00:00,2024-11-30,3.257455348968506
2024-11,dgt_identity_adaptive,2026,2,2024-11-30 12:00:00,2024-11-30 13:00:00,2024-11-30,4.40924596786499
2024-11,dgt_identity_adaptive,2026,3,2024-11-30 12:00:00,2024-11-30 14:00:00,2024-11-30,4.169674873352051
2024-11,dgt_identity_adaptive,2026,6,2024-11-30 12:00:00,2024-11-30 17:00:00,2024-11-30,5.36985445022583
2024-11,dgt_identity_adaptive,2026,1,2024-11-30 13:00:00,2024-11-30 13:00:00,2024-11-30,3.747859001159668
2024-11,dgt_identity_adaptive,2026,2,2024-11-30 13:00:00,2024-11-30 14:00:00,2024-11-30,3.381178855895996
2024-11,dgt_identity_adaptive,2026,3,2024-11-30 13:00:00,2024-11-30 15:00:00,2024-11-30,4.156026363372803
2024-11,dgt_identity_adaptive,2026,6,2024-11-30 13:00:00,2024-11-30 18:00:00,2024-11-30,6.323509693145752
2024-11,dgt_identity_adaptive,2026,1,2024-11-30 14:00:00,2024-11-30 14:00:00,2024-11-30,2.8095431327819824
2024-11,dgt_identity_adaptive,2026,2,2024-11-30 14:00:00,2024-11-30 15:00:00,2024-11-30,3.256269693374634
2024-11,dgt_identity_adaptive,2026,3,2024-11-30 14:00:00,2024-11-30 16:00:00,2024-11-30,4.2432684898376465
2024-11,dgt_identity_adaptive,2026,6,2024-11-30 14:00:00,2024-11-30 19:00:00,2024-11-30,2.858690023422241
2024-11,dgt_identity_adaptive,2026,1,2024-11-30 15:00:00,2024-11-30 15:00:00,2024-11-30,3.092233657836914
2024-11,dgt_identity_adaptive,2026,2,2024-11-30 15:00:00,2024-11-30 16:00:00,2024-11-30,3.8530590534210205
2024-11,dgt_identity_adaptive,2026,3,2024-11-30 15:00:00,2024-11-30 17:00:00,2024-11-30,4.914472579956055
2024-11,dgt_identity_adaptive,2026,6,2024-11-30 15:00:00,2024-11-30 20:00:00,2024-11-30,3.7354938983917236
2024-11,dgt_identity_adaptive,2026,1,2024-11-30 16:00:00,2024-11-30 16:00:00,2024-11-30,3.7291746139526367
2024-11,dgt_identity_adaptive,2026,2,2024-11-30 16:00:00,2024-11-30 17:00:00,2024-11-30,4.448281288146973
2024-11,dgt_identity_adaptive,2026,3,2024-11-30 16:00:00,2024-11-30 18:00:00,2024-11-30,5.325984954833984
2024-11,dgt_identity_adaptive,2026,6,2024-11-30 16:00:00,2024-11-30 21:00:00,2024-11-30,3.475822925567627
2024-11,dgt_identity_adaptive,2026,1,2024-11-30 17:00:00,2024-11-30 17:00:00,2024-11-30,3.986538887023926
2024-11,dgt_identity_adaptive,2026,2,2024-11-30 17:00:00,2024-11-30 18:00:00,2024-11-30,4.72601318359375
2024-11,dgt_identity_adaptive,2026,3,2024-11-30 17:00:00,2024-11-30 19:00:00,2024-11-30,2.89904522895813
2024-11,dgt_identity_adaptive,2026,6,2024-11-30 17:00:00,2024-11-30 22:00:00,2024-11-30,3.659061908721924
2024-11,dgt_directed_road_adaptive,2026,1,2024-11-26 12:00:00,2024-11-26 12:00:00,2024-11-26,2.6076865196228027
2024-11,dgt_directed_road_adaptive,2026,2,2024-11-26 12:00:00,2024-11-26 13:00:00,2024-11-26,2.725515365600586
2024-11,dgt_directed_road_adaptive,2026,3,2024-11-26 12:00:00,2024-11-26 14:00:00,2024-11-26,2.484170913696289
2024-11,dgt_directed_road_adaptive,2026,6,2024-11-26 12:00:00,2024-11-26 17:00:00,2024-11-26,5.586460113525391
2024-11,dgt_directed_road_adaptive,2026,1,2024-11-26 13:00:00,2024-11-26 13:00:00,2024-11-26,3.484236717224121
2024-11,dgt_directed_road_adaptive,2026,2,2024-11-26 13:00:00,2024-11-26 14:00:00,2024-11-26,2.7829296588897705
2024-11,dgt_directed_road_adaptive,2026,3,2024-11-26 13:00:00,2024-11-26 15:00:00,2024-11-26,2.6137914657592773
2024-11,dgt_directed_road_adaptive,2026,6,2024-11-26 13:00:00,2024-11-26 18:00:00,2024-11-26,5.929806709289551
2024-11,dgt_directed_road_adaptive,2026,1,2024-11-26 14:00:00,2024-11-26 14:00:00,2024-11-26,2.88775634765625
2024-11,dgt_directed_road_adaptive,2026,2,2024-11-26 14:00:00,2024-11-26 15:00:00,2024-11-26,3.0191071033477783
2024-11,dgt_directed_road_adaptive,2026,3,2024-11-26 14:00:00,2024-11-26 16:00:00,2024-11-26,3.3850293159484863
2024-11,dgt_directed_road_adaptive,2026,6,2024-11-26 14:00:00,2024-11-26 19:00:00,2024-11-26,3.8715944290161133
2024-11,dgt_directed_road_adaptive,2026,1,2024-11-26 15:00:00,2024-11-26 15:00:00,2024-11-26,2.7914915084838867
2024-11,dgt_directed_road_adaptive,2026,2,2024-11-26 15:00:00,2024-11-26 16:00:00,2024-11-26,4.139290809631348
2024-11,dgt_directed_road_adaptive,2026,3,2024-11-26 15:00:00,2024-11-26 17:00:00,2024-11-26,4.9787092208862305
2024-11,dgt_directed_road_adaptive,2026,6,2024-11-26 15:00:00,2024-11-26 20:00:00,2024-11-26,3.444385290145874
2024-11,dgt_directed_road_adaptive,2026,1,2024-11-26 16:00:00,2024-11-26 16:00:00,2024-11-26,3.3610756397247314
2024-11,dgt_directed_road_adaptive,2026,2,2024-11-26 16:00:00,2024-11-26 17:00:00,2024-11-26,4.778158187866211
2024-11,dgt_directed_road_adaptive,2026,3,2024-11-26 16:00:00,2024-11-26 18:00:00,2024-11-26,5.426429748535156
2024-11,dgt_directed_road_adaptive,2026,6,2024-11-26 16:00:00,2024-11-26 21:00:00,2024-11-26,5.552295684814453
2024-11,dgt_directed_road_adaptive,2026,1,2024-11-26 17:00:00,2024-11-26 17:00:00,2024-11-26,4.896425247192383
2024-11,dgt_directed_road_adaptive,2026,2,2024-11-26 17:00:00,2024-11-26 18:00:00,2024-11-26,5.917618274688721
2024-11,dgt_directed_road_adaptive,2026,3,2024-11-26 17:00:00,2024-11-26 19:00:00,2024-11-26,4.054113388061523
2024-11,dgt_directed_road_adaptive,2026,6,2024-11-26 17:00:00,2024-11-26 22:00:00,2024-11-26,5.204832077026367
2024-11,dgt_directed_road_adaptive,2026,1,2024-11-26 18:00:00,2024-11-26 18:00:00,2024-11-26,4.604450225830078
2024-11,dgt_directed_road_adaptive,2026,2,2024-11-26 18:00:00,2024-11-26 19:00:00,2024-11-26,4.197957992553711
2024-11,dgt_directed_road_adaptive,2026,3,2024-11-26 18:00:00,2024-11-26 20:00:00,2024-11-26,4.201236724853516
2024-11,dgt_directed_road_adaptive,2026,6,2024-11-26 18:00:00,2024-11-26 23:00:00,2024-11-26,4.837569713592529
2024-11,dgt_directed_road_adaptive,2026,1,2024-11-26 19:00:00,2024-11-26 19:00:00,2024-11-26,2.7525224685668945
2024-11,dgt_directed_road_adaptive,2026,2,2024-11-26 19:00:00,2024-11-26 20:00:00,2024-11-26,3.466093063354492
2024-11,dgt_directed_road_adaptive,2026,3,2024-11-26 19:00:00,2024-11-26 21:00:00,2024-11-26,5.576115608215332
2024-11,dgt_directed_road_adaptive,2026,6,2024-11-26 19:00:00,2024-11-27 00:00:00,2024-11-27,3.6724438667297363
2024-11,dgt_directed_road_adaptive,2026,1,2024-11-26 20:00:00,2024-11-26 20:00:00,2024-11-26,3.2755680084228516
2024-11,dgt_directed_road_adaptive,2026,2,2024-11-26 20:00:00,2024-11-26 21:00:00,2024-11-26,4.841156959533691
2024-11,dgt_directed_road_adaptive,2026,3,2024-11-26 20:00:00,2024-11-26 22:00:00,2024-11-26,5.263763427734375
2024-11,dgt_directed_road_adaptive,2026,6,2024-11-26 20:00:00,2024-11-27 01:00:00,2024-11-27,5.265170574188232
2024-11,dgt_directed_road_adaptive,2026,1,2024-11-26 21:00:00,2024-11-26 21:00:00,2024-11-26,4.688624382019043
2024-11,dgt_directed_road_adaptive,2026,2,2024-11-26 21:00:00,2024-11-26 22:00:00,2024-11-26,4.881384372711182
2024-11,dgt_directed_road_adaptive,2026,3,2024-11-26 21:00:00,2024-11-26 23:00:00,2024-11-26,4.639403820037842
2024-11,dgt_directed_road_adaptive,2026,6,2024-11-26 21:00:00,2024-11-27 02:00:00,2024-11-27,5.090970993041992
2024-11,dgt_directed_road_adaptive,2026,1,2024-11-26 22:00:00,2024-11-26 22:00:00,2024-11-26,4.679957866668701
2024-11,dgt_directed_road_adaptive,2026,2,2024-11-26 22:00:00,2024-11-26 23:00:00,2024-11-26,4.0148773193359375
2024-11,dgt_directed_road_adaptive,2026,3,2024-11-26 22:00:00,2024-11-27 00:00:00,2024-11-27,3.703092098236084
2024-11,dgt_directed_road_adaptive,2026,6,2024-11-26 22:00:00,2024-11-27 03:00:00,2024-11-27,6.127979755401611
2024-11,dgt_directed_road_adaptive,2026,1,2024-11-26 23:00:00,2024-11-26 23:00:00,2024-11-26,4.123591423034668
2024-11,dgt_directed_road_adaptive,2026,2,2024-11-26 23:00:00,2024-11-27 00:00:00,2024-11-27,3.8862593173980713
2024-11,dgt_directed_road_adaptive,2026,3,2024-11-26 23:00:00,2024-11-27 01:00:00,2024-11-27,4.960268020629883
2024-11,dgt_directed_road_adaptive,2026,6,2024-11-26 23:00:00,2024-11-27 04:00:00,2024-11-27,7.383030414581299
2024-11,dgt_directed_road_adaptive,2026,1,2024-11-27 00:00:00,2024-11-27 00:00:00,2024-11-27,4.145329475402832
2024-11,dgt_directed_road_adaptive,2026,2,2024-11-27 00:00:00,2024-11-27 01:00:00,2024-11-27,5.7475690841674805
2024-11,dgt_directed_road_adaptive,2026,3,2024-11-27 00:00:00,2024-11-27 02:00:00,2024-11-27,4.702813625335693
2024-11,dgt_directed_road_adaptive,2026,6,2024-11-27 00:00:00,2024-11-27 05:00:00,2024-11-27,4.539147853851318
2024-11,dgt_directed_road_adaptive,2026,1,2024-11-27 01:00:00,2024-11-27 01:00:00,2024-11-27,4.780027389526367
2024-11,dgt_directed_road_adaptive,2026,2,2024-11-27 01:00:00,2024-11-27 02:00:00,2024-11-27,5.453444480895996
2024-11,dgt_directed_road_adaptive,2026,3,2024-11-27 01:00:00,2024-11-27 03:00:00,2024-11-27,5.532679557800293
2024-11,dgt_directed_road_adaptive,2026,6,2024-11-27 01:00:00,2024-11-27 06:00:00,2024-11-27,3.4115190505981445
2024-11,dgt_directed_road_adaptive,2026,1,2024-11-27 02:00:00,2024-11-27 02:00:00,2024-11-27,4.683611869812012
2024-11,dgt_directed_road_adaptive,2026,2,2024-11-27 02:00:00,2024-11-27 03:00:00,2024-11-27,6.288360595703125
2024-11,dgt_directed_road_adaptive,2026,3,2024-11-27 02:00:00,2024-11-27 04:00:00,2024-11-27,6.840651035308838
2024-11,dgt_directed_road_adaptive,2026,6,2024-11-27 02:00:00,2024-11-27 07:00:00,2024-11-27,4.366861343383789
2024-11,dgt_directed_road_adaptive,2026,1,2024-11-27 03:00:00,2024-11-27 03:00:00,2024-11-27,5.118553638458252
2024-11,dgt_directed_road_adaptive,2026,2,2024-11-27 03:00:00,2024-11-27 04:00:00,2024-11-27,7.7306437492370605
2024-11,dgt_directed_road_adaptive,2026,3,2024-11-27 03:00:00,2024-11-27 05:00:00,2024-11-27,3.9750497341156006
2024-11,dgt_directed_road_adaptive,2026,6,2024-11-27 03:00:00,2024-11-27 08:00:00,2024-11-27,4.415961265563965
2024-11,dgt_directed_road_adaptive,2026,1,2024-11-27 04:00:00,2024-11-27 04:00:00,2024-11-27,7.444354057312012
2024-11,dgt_directed_road_adaptive,2026,2,2024-11-27 04:00:00,2024-11-27 05:00:00,2024-11-27,4.414318561553955
2024-11,dgt_directed_road_adaptive,2026,3,2024-11-27 04:00:00,2024-11-27 06:00:00,2024-11-27,2.634100914001465
2024-11,dgt_directed_road_adaptive,2026,6,2024-11-27 04:00:00,2024-11-27 09:00:00,2024-11-27,3.4615800380706787
2024-11,dgt_directed_road_adaptive,2026,1,2024-11-27 05:00:00,2024-11-27 05:00:00,2024-11-27,3.8833863735198975
2024-11,dgt_directed_road_adaptive,2026,2,2024-11-27 05:00:00,2024-11-27 06:00:00,2024-11-27,3.3269500732421875
2024-11,dgt_directed_road_adaptive,2026,3,2024-11-27 05:00:00,2024-11-27 07:00:00,2024-11-27,3.3781094551086426
2024-11,dgt_directed_road_adaptive,2026,6,2024-11-27 05:00:00,2024-11-27 10:00:00,2024-11-27,3.085139274597168
2024-11,dgt_directed_road_adaptive,2026,1,2024-11-27 06:00:00,2024-11-27 06:00:00,2024-11-27,3.80625057220459
2024-11,dgt_directed_road_adaptive,2026,2,2024-11-27 06:00:00,2024-11-27 07:00:00,2024-11-27,2.716832160949707
2024-11,dgt_directed_road_adaptive,2026,3,2024-11-27 06:00:00,2024-11-27 08:00:00,2024-11-27,3.541238784790039
2024-11,dgt_directed_road_adaptive,2026,6,2024-11-27 06:00:00,2024-11-27 11:00:00,2024-11-27,3.237075090408325
2024-11,dgt_directed_road_adaptive,2026,1,2024-11-27 07:00:00,2024-11-27 07:00:00,2024-11-27,3.186225175857544
2024-11,dgt_directed_road_adaptive,2026,2,2024-11-27 07:00:00,2024-11-27 08:00:00,2024-11-27,3.0819289684295654
2024-11,dgt_directed_road_adaptive,2026,3,2024-11-27 07:00:00,2024-11-27 09:00:00,2024-11-27,3.074423313140869
2024-11,dgt_directed_road_adaptive,2026,6,2024-11-27 07:00:00,2024-11-27 12:00:00,2024-11-27,3.26601505279541
2024-11,dgt_directed_road_adaptive,2026,1,2024-11-27 08:00:00,2024-11-27 08:00:00,2024-11-27,2.9781484603881836
2024-11,dgt_directed_road_adaptive,2026,2,2024-11-27 08:00:00,2024-11-27 09:00:00,2024-11-27,2.8810763359069824
2024-11,dgt_directed_road_adaptive,2026,3,2024-11-27 08:00:00,2024-11-27 10:00:00,2024-11-27,2.3271031379699707
2024-11,dgt_directed_road_adaptive,2026,6,2024-11-27 08:00:00,2024-11-27 13:00:00,2024-11-27,3.2638721466064453
2024-11,dgt_directed_road_adaptive,2026,1,2024-11-27 09:00:00,2024-11-27 09:00:00,2024-11-27,2.70560884475708
2024-11,dgt_directed_road_adaptive,2026,2,2024-11-27 09:00:00,2024-11-27 10:00:00,2024-11-27,2.417746067047119
2024-11,dgt_directed_road_adaptive,2026,3,2024-11-27 09:00:00,2024-11-27 11:00:00,2024-11-27,2.653099536895752
2024-11,dgt_directed_road_adaptive,2026,6,2024-11-27 09:00:00,2024-11-27 14:00:00,2024-11-27,3.3258183002471924
2024-11,dgt_directed_road_adaptive,2026,1,2024-11-27 10:00:00,2024-11-27 10:00:00,2024-11-27,2.5671324729919434
2024-11,dgt_directed_road_adaptive,2026,2,2024-11-27 10:00:00,2024-11-27 11:00:00,2024-11-27,3.0166280269622803
2024-11,dgt_directed_road_adaptive,2026,3,2024-11-27 10:00:00,2024-11-27 12:00:00,2024-11-27,3.0799503326416016
2024-11,dgt_directed_road_adaptive,2026,6,2024-11-27 10:00:00,2024-11-27 15:00:00,2024-11-27,3.381296396255493
2024-11,dgt_directed_road_adaptive,2026,1,2024-11-27 11:00:00,2024-11-27 11:00:00,2024-11-27,3.1955885887145996
2024-11,dgt_directed_road_adaptive,2026,2,2024-11-27 11:00:00,2024-11-27 12:00:00,2024-11-27,3.0363352298736572
2024-11,dgt_directed_road_adaptive,2026,3,2024-11-27 11:00:00,2024-11-27 13:00:00,2024-11-27,2.99279522895813
2024-11,dgt_directed_road_adaptive,2026,6,2024-11-27 11:00:00,2024-11-27 16:00:00,2024-11-27,3.611067295074463
2024-11,dgt_directed_road_adaptive,2026,1,2024-11-27 12:00:00,2024-11-27 12:00:00,2024-11-27,3.2740612030029297
2024-11,dgt_directed_road_adaptive,2026,2,2024-11-27 12:00:00,2024-11-27 13:00:00,2024-11-27,2.866377830505371
2024-11,dgt_directed_road_adaptive,2026,3,2024-11-27 12:00:00,2024-11-27 14:00:00,2024-11-27,2.8810627460479736
2024-11,dgt_directed_road_adaptive,2026,6,2024-11-27 12:00:00,2024-11-27 17:00:00,2024-11-27,5.039841651916504
2024-11,dgt_directed_road_adaptive,2026,1,2024-11-27 13:00:00,2024-11-27 13:00:00,2024-11-27,2.9146664142608643
2024-11,dgt_directed_road_adaptive,2026,2,2024-11-27 13:00:00,2024-11-27 14:00:00,2024-11-27,2.7755661010742188
2024-11,dgt_directed_road_adaptive,2026,3,2024-11-27 13:00:00,2024-11-27 15:00:00,2024-11-27,3.176490306854248
2024-11,dgt_directed_road_adaptive,2026,6,2024-11-27 13:00:00,2024-11-27 18:00:00,2024-11-27,4.91806697845459
2024-11,dgt_directed_road_adaptive,2026,1,2024-11-27 14:00:00,2024-11-27 14:00:00,2024-11-27,3.5915729999542236
2024-11,dgt_directed_road_adaptive,2026,2,2024-11-27 14:00:00,2024-11-27 15:00:00,2024-11-27,3.110779047012329
2024-11,dgt_directed_road_adaptive,2026,3,2024-11-27 14:00:00,2024-11-27 16:00:00,2024-11-27,3.5664029121398926
2024-11,dgt_directed_road_adaptive,2026,6,2024-11-27 14:00:00,2024-11-27 19:00:00,2024-11-27,3.8451924324035645
2024-11,dgt_directed_road_adaptive,2026,1,2024-11-27 15:00:00,2024-11-27 15:00:00,2024-11-27,3.707362413406372
2024-11,dgt_directed_road_adaptive,2026,2,2024-11-27 15:00:00,2024-11-27 16:00:00,2024-11-27,3.5965962409973145
2024-11,dgt_directed_road_adaptive,2026,3,2024-11-27 15:00:00,2024-11-27 17:00:00,2024-11-27,4.526105880737305
2024-11,dgt_directed_road_adaptive,2026,6,2024-11-27 15:00:00,2024-11-27 20:00:00,2024-11-27,3.7283740043640137
2024-11,dgt_directed_road_adaptive,2026,1,2024-11-27 16:00:00,2024-11-27 16:00:00,2024-11-27,4.269148826599121
2024-11,dgt_directed_road_adaptive,2026,2,2024-11-27 16:00:00,2024-11-27 17:00:00,2024-11-27,4.674985885620117
2024-11,dgt_directed_road_adaptive,2026,3,2024-11-27 16:00:00,2024-11-27 18:00:00,2024-11-27,3.9712576866149902
2024-11,dgt_directed_road_adaptive,2026,6,2024-11-27 16:00:00,2024-11-27 21:00:00,2024-11-27,5.088039875030518
2024-11,dgt_directed_road_adaptive,2026,1,2024-11-27 17:00:00,2024-11-27 17:00:00,2024-11-27,4.135647773742676
2024-11,dgt_directed_road_adaptive,2026,2,2024-11-27 17:00:00,2024-11-27 18:00:00,2024-11-27,3.9628896713256836
2024-11,dgt_directed_road_adaptive,2026,3,2024-11-27 17:00:00,2024-11-27 19:00:00,2024-11-27,3.7762410640716553
2024-11,dgt_directed_road_adaptive,2026,6,2024-11-27 17:00:00,2024-11-27 22:00:00,2024-11-27,5.9757537841796875
2024-11,dgt_directed_road_adaptive,2026,1,2024-11-27 18:00:00,2024-11-27 18:00:00,2024-11-27,3.622209072113037
2024-11,dgt_directed_road_adaptive,2026,2,2024-11-27 18:00:00,2024-11-27 19:00:00,2024-11-27,3.5589489936828613
2024-11,dgt_directed_road_adaptive,2026,3,2024-11-27 18:00:00,2024-11-27 20:00:00,2024-11-27,4.260706901550293
2024-11,dgt_directed_road_adaptive,2026,6,2024-11-27 18:00:00,2024-11-27 23:00:00,2024-11-27,4.430607795715332
2024-11,dgt_directed_road_adaptive,2026,1,2024-11-27 19:00:00,2024-11-27 19:00:00,2024-11-27,3.0114593505859375
2024-11,dgt_directed_road_adaptive,2026,2,2024-11-27 19:00:00,2024-11-27 20:00:00,2024-11-27,3.3791987895965576
2024-11,dgt_directed_road_adaptive,2026,3,2024-11-27 19:00:00,2024-11-27 21:00:00,2024-11-27,4.530543327331543
2024-11,dgt_directed_road_adaptive,2026,6,2024-11-27 19:00:00,2024-11-28 00:00:00,2024-11-28,3.8405933380126953
2024-11,dgt_directed_road_adaptive,2026,1,2024-11-27 20:00:00,2024-11-27 20:00:00,2024-11-27,3.539722442626953
2024-11,dgt_directed_road_adaptive,2026,2,2024-11-27 20:00:00,2024-11-27 21:00:00,2024-11-27,4.276747703552246
2024-11,dgt_directed_road_adaptive,2026,3,2024-11-27 20:00:00,2024-11-27 22:00:00,2024-11-27,5.504715919494629
2024-11,dgt_directed_road_adaptive,2026,6,2024-11-27 20:00:00,2024-11-28 01:00:00,2024-11-28,6.076511859893799
2024-11,dgt_directed_road_adaptive,2026,1,2024-11-27 21:00:00,2024-11-27 21:00:00,2024-11-27,3.9066519737243652
2024-11,dgt_directed_road_adaptive,2026,2,2024-11-27 21:00:00,2024-11-27 22:00:00,2024-11-27,4.073187828063965
2024-11,dgt_directed_road_adaptive,2026,3,2024-11-27 21:00:00,2024-11-27 23:00:00,2024-11-27,3.9269819259643555
2024-11,dgt_directed_road_adaptive,2026,6,2024-11-27 21:00:00,2024-11-28 02:00:00,2024-11-28,5.510805130004883
2024-11,dgt_directed_road_adaptive,2026,1,2024-11-27 22:00:00,2024-11-27 22:00:00,2024-11-27,4.12941312789917
2024-11,dgt_directed_road_adaptive,2026,2,2024-11-27 22:00:00,2024-11-27 23:00:00,2024-11-27,3.6738390922546387
2024-11,dgt_directed_road_adaptive,2026,3,2024-11-27 22:00:00,2024-11-28 00:00:00,2024-11-28,3.3749728202819824
2024-11,dgt_directed_road_adaptive,2026,6,2024-11-27 22:00:00,2024-11-28 03:00:00,2024-11-28,7.05724573135376
2024-11,dgt_directed_road_adaptive,2026,1,2024-11-27 23:00:00,2024-11-27 23:00:00,2024-11-27,3.4694268703460693
2024-11,dgt_directed_road_adaptive,2026,2,2024-11-27 23:00:00,2024-11-28 00:00:00,2024-11-28,3.2200217247009277
2024-11,dgt_directed_road_adaptive,2026,3,2024-11-27 23:00:00,2024-11-28 01:00:00,2024-11-28,5.323816299438477
2024-11,dgt_directed_road_adaptive,2026,6,2024-11-27 23:00:00,2024-11-28 04:00:00,2024-11-28,5.70434045791626
2024-11,dgt_directed_road_adaptive,2026,1,2024-11-28 00:00:00,2024-11-28 00:00:00,2024-11-28,3.205449342727661
2024-11,dgt_directed_road_adaptive,2026,2,2024-11-28 00:00:00,2024-11-28 01:00:00,2024-11-28,4.735538482666016
2024-11,dgt_directed_road_adaptive,2026,3,2024-11-28 00:00:00,2024-11-28 02:00:00,2024-11-28,4.381996154785156
2024-11,dgt_directed_road_adaptive,2026,6,2024-11-28 00:00:00,2024-11-28 05:00:00,2024-11-28,4.190872669219971
2024-11,dgt_directed_road_adaptive,2026,1,2024-11-28 01:00:00,2024-11-28 01:00:00,2024-11-28,4.814027309417725
2024-11,dgt_directed_road_adaptive,2026,2,2024-11-28 01:00:00,2024-11-28 02:00:00,2024-11-28,5.050652027130127
2024-11,dgt_directed_road_adaptive,2026,3,2024-11-28 01:00:00,2024-11-28 03:00:00,2024-11-28,6.530100345611572
2024-11,dgt_directed_road_adaptive,2026,6,2024-11-28 01:00:00,2024-11-28 06:00:00,2024-11-28,3.230652332305908
2024-11,dgt_directed_road_adaptive,2026,1,2024-11-28 02:00:00,2024-11-28 02:00:00,2024-11-28,4.161787509918213
2024-11,dgt_directed_road_adaptive,2026,2,2024-11-28 02:00:00,2024-11-28 03:00:00,2024-11-28,6.112579822540283
2024-11,dgt_directed_road_adaptive,2026,3,2024-11-28 02:00:00,2024-11-28 04:00:00,2024-11-28,5.785501956939697
2024-11,dgt_directed_road_adaptive,2026,6,2024-11-28 02:00:00,2024-11-28 07:00:00,2024-11-28,5.384852409362793
2024-11,dgt_directed_road_adaptive,2026,1,2024-11-28 03:00:00,2024-11-28 03:00:00,2024-11-28,5.87668514251709
2024-11,dgt_directed_road_adaptive,2026,2,2024-11-28 03:00:00,2024-11-28 04:00:00,2024-11-28,6.525075912475586
2024-11,dgt_directed_road_adaptive,2026,3,2024-11-28 03:00:00,2024-11-28 05:00:00,2024-11-28,3.717010021209717
2024-11,dgt_directed_road_adaptive,2026,6,2024-11-28 03:00:00,2024-11-28 08:00:00,2024-11-28,6.05203104019165
2024-11,dgt_directed_road_adaptive,2026,1,2024-11-28 04:00:00,2024-11-28 04:00:00,2024-11-28,6.349852561950684
2024-11,dgt_directed_road_adaptive,2026,2,2024-11-28 04:00:00,2024-11-28 05:00:00,2024-11-28,4.233720302581787
2024-11,dgt_directed_road_adaptive,2026,3,2024-11-28 04:00:00,2024-11-28 06:00:00,2024-11-28,3.3829777240753174
2024-11,dgt_directed_road_adaptive,2026,6,2024-11-28 04:00:00,2024-11-28 09:00:00,2024-11-28,4.239683151245117
2024-11,dgt_directed_road_adaptive,2026,1,2024-11-28 05:00:00,2024-11-28 05:00:00,2024-11-28,4.1618170738220215
2024-11,dgt_directed_road_adaptive,2026,2,2024-11-28 05:00:00,2024-11-28 06:00:00,2024-11-28,3.3694100379943848
2024-11,dgt_directed_road_adaptive,2026,3,2024-11-28 05:00:00,2024-11-28 07:00:00,2024-11-28,3.904247760772705
2024-11,dgt_directed_road_adaptive,2026,6,2024-11-28 05:00:00,2024-11-28 10:00:00,2024-11-28,3.4539451599121094
2024-11,dgt_directed_road_adaptive,2026,1,2024-11-28 06:00:00,2024-11-28 06:00:00,2024-11-28,3.329578399658203
2024-11,dgt_directed_road_adaptive,2026,2,2024-11-28 06:00:00,2024-11-28 07:00:00,2024-11-28,4.278759479522705
2024-11,dgt_directed_road_adaptive,2026,3,2024-11-28 06:00:00,2024-11-28 08:00:00,2024-11-28,4.029915809631348
2024-11,dgt_directed_road_adaptive,2026,6,2024-11-28 06:00:00,2024-11-28 11:00:00,2024-11-28,3.363189697265625
2024-11,dgt_directed_road_adaptive,2026,1,2024-11-28 07:00:00,2024-11-28 07:00:00,2024-11-28,4.251974582672119
2024-11,dgt_directed_road_adaptive,2026,2,2024-11-28 07:00:00,2024-11-28 08:00:00,2024-11-28,4.1207709312438965
2024-11,dgt_directed_road_adaptive,2026,3,2024-11-28 07:00:00,2024-11-28 09:00:00,2024-11-28,3.677163600921631
2024-11,dgt_directed_road_adaptive,2026,6,2024-11-28 07:00:00,2024-11-28 12:00:00,2024-11-28,3.2893452644348145
2024-11,dgt_directed_road_adaptive,2026,1,2024-11-28 08:00:00,2024-11-28 08:00:00,2024-11-28,3.781269073486328
2024-11,dgt_directed_road_adaptive,2026,2,2024-11-28 08:00:00,2024-11-28 09:00:00,2024-11-28,3.653804302215576
2024-11,dgt_directed_road_adaptive,2026,3,2024-11-28 08:00:00,2024-11-28 10:00:00,2024-11-28,3.106877088546753
2024-11,dgt_directed_road_adaptive,2026,6,2024-11-28 08:00:00,2024-11-28 13:00:00,2024-11-28,3.0080814361572266
2024-11,dgt_directed_road_adaptive,2026,1,2024-11-28 09:00:00,2024-11-28 09:00:00,2024-11-28,3.414233684539795
2024-11,dgt_directed_road_adaptive,2026,2,2024-11-28 09:00:00,2024-11-28 10:00:00,2024-11-28,2.9296467304229736
2024-11,dgt_directed_road_adaptive,2026,3,2024-11-28 09:00:00,2024-11-28 11:00:00,2024-11-28,3.2790963649749756
2024-11,dgt_directed_road_adaptive,2026,6,2024-11-28 09:00:00,2024-11-28 14:00:00,2024-11-28,2.8464064598083496
2024-11,dgt_directed_road_adaptive,2026,1,2024-11-28 10:00:00,2024-11-28 10:00:00,2024-11-28,3.1582517623901367
2024-11,dgt_directed_road_adaptive,2026,2,2024-11-28 10:00:00,2024-11-28 11:00:00,2024-11-28,3.181687593460083
2024-11,dgt_directed_road_adaptive,2026,3,2024-11-28 10:00:00,2024-11-28 12:00:00,2024-11-28,3.077101707458496
2024-11,dgt_directed_road_adaptive,2026,6,2024-11-28 10:00:00,2024-11-28 15:00:00,2024-11-28,2.835279941558838
2024-11,dgt_directed_road_adaptive,2026,1,2024-11-28 11:00:00,2024-11-28 11:00:00,2024-11-28,3.764265537261963
2024-11,dgt_directed_road_adaptive,2026,2,2024-11-28 11:00:00,2024-11-28 12:00:00,2024-11-28,2.953921318054199
2024-11,dgt_directed_road_adaptive,2026,3,2024-11-28 11:00:00,2024-11-28 13:00:00,2024-11-28,2.291583299636841
2024-11,dgt_directed_road_adaptive,2026,6,2024-11-28 11:00:00,2024-11-28 16:00:00,2024-11-28,3.2191154956817627
2024-11,dgt_directed_road_adaptive,2026,1,2024-11-28 12:00:00,2024-11-28 12:00:00,2024-11-28,3.047313690185547
2024-11,dgt_directed_road_adaptive,2026,2,2024-11-28 12:00:00,2024-11-28 13:00:00,2024-11-28,2.2552459239959717
2024-11,dgt_directed_road_adaptive,2026,3,2024-11-28 12:00:00,2024-11-28 14:00:00,2024-11-28,2.561532974243164
2024-11,dgt_directed_road_adaptive,2026,6,2024-11-28 12:00:00,2024-11-28 17:00:00,2024-11-28,4.547165870666504
2024-11,dgt_directed_road_adaptive,2026,1,2024-11-28 13:00:00,2024-11-28 13:00:00,2024-11-28,3.598494052886963
2024-11,dgt_directed_road_adaptive,2026,2,2024-11-28 13:00:00,2024-11-28 14:00:00,2024-11-28,2.4836857318878174
2024-11,dgt_directed_road_adaptive,2026,3,2024-11-28 13:00:00,2024-11-28 15:00:00,2024-11-28,2.7606282234191895
2024-11,dgt_directed_road_adaptive,2026,6,2024-11-28 13:00:00,2024-11-28 18:00:00,2024-11-28,5.172595977783203
2024-11,dgt_directed_road_adaptive,2026,1,2024-11-28 14:00:00,2024-11-28 14:00:00,2024-11-28,3.4456424713134766
2024-11,dgt_directed_road_adaptive,2026,2,2024-11-28 14:00:00,2024-11-28 15:00:00,2024-11-28,3.248030185699463
2024-11,dgt_directed_road_adaptive,2026,3,2024-11-28 14:00:00,2024-11-28 16:00:00,2024-11-28,3.2563412189483643
2024-11,dgt_directed_road_adaptive,2026,6,2024-11-28 14:00:00,2024-11-28 19:00:00,2024-11-28,3.7366044521331787
2024-11,dgt_directed_road_adaptive,2026,1,2024-11-28 15:00:00,2024-11-28 15:00:00,2024-11-28,3.3348398208618164
2024-11,dgt_directed_road_adaptive,2026,2,2024-11-28 15:00:00,2024-11-28 16:00:00,2024-11-28,3.42372989654541
2024-11,dgt_directed_road_adaptive,2026,3,2024-11-28 15:00:00,2024-11-28 17:00:00,2024-11-28,4.140226364135742
2024-11,dgt_directed_road_adaptive,2026,6,2024-11-28 15:00:00,2024-11-28 20:00:00,2024-11-28,3.845395565032959
2024-11,dgt_directed_road_adaptive,2026,1,2024-11-28 16:00:00,2024-11-28 16:00:00,2024-11-28,3.5938405990600586
2024-11,dgt_directed_road_adaptive,2026,2,2024-11-28 16:00:00,2024-11-28 17:00:00,2024-11-28,3.7216382026672363
2024-11,dgt_directed_road_adaptive,2026,3,2024-11-28 16:00:00,2024-11-28 18:00:00,2024-11-28,4.451680660247803
2024-11,dgt_directed_road_adaptive,2026,6,2024-11-28 16:00:00,2024-11-28 21:00:00,2024-11-28,5.080543518066406
2024-11,dgt_directed_road_adaptive,2026,1,2024-11-28 17:00:00,2024-11-28 17:00:00,2024-11-28,4.350196838378906
2024-11,dgt_directed_road_adaptive,2026,2,2024-11-28 17:00:00,2024-11-28 18:00:00,2024-11-28,4.796072006225586
2024-11,dgt_directed_road_adaptive,2026,3,2024-11-28 17:00:00,2024-11-28 19:00:00,2024-11-28,3.700211524963379
2024-11,dgt_directed_road_adaptive,2026,6,2024-11-28 17:00:00,2024-11-28 22:00:00,2024-11-28,4.645089626312256
2024-11,dgt_directed_road_adaptive,2026,1,2024-11-28 18:00:00,2024-11-28 18:00:00,2024-11-28,4.1685686111450195
2024-11,dgt_directed_road_adaptive,2026,2,2024-11-28 18:00:00,2024-11-28 19:00:00,2024-11-28,3.581671714782715
2024-11,dgt_directed_road_adaptive,2026,3,2024-11-28 18:00:00,2024-11-28 20:00:00,2024-11-28,4.592708110809326
2024-11,dgt_directed_road_adaptive,2026,6,2024-11-28 18:00:00,2024-11-28 23:00:00,2024-11-28,4.402562141418457
2024-11,dgt_directed_road_adaptive,2026,1,2024-11-28 19:00:00,2024-11-28 19:00:00,2024-11-28,3.276163101196289
2024-11,dgt_directed_road_adaptive,2026,2,2024-11-28 19:00:00,2024-11-28 20:00:00,2024-11-28,3.994701862335205
2024-11,dgt_directed_road_adaptive,2026,3,2024-11-28 19:00:00,2024-11-28 21:00:00,2024-11-28,4.196413516998291
2024-11,dgt_directed_road_adaptive,2026,6,2024-11-28 19:00:00,2024-11-29 00:00:00,2024-11-29,4.210550308227539
2024-11,dgt_directed_road_adaptive,2026,1,2024-11-28 20:00:00,2024-11-28 20:00:00,2024-11-28,4.2855916023254395
2024-11,dgt_directed_road_adaptive,2026,2,2024-11-28 20:00:00,2024-11-28 21:00:00,2024-11-28,4.109840393066406
2024-11,dgt_directed_road_adaptive,2026,3,2024-11-28 20:00:00,2024-11-28 22:00:00,2024-11-28,3.978811502456665
2024-11,dgt_directed_road_adaptive,2026,6,2024-11-28 20:00:00,2024-11-29 01:00:00,2024-11-29,4.6198344230651855
2024-11,dgt_directed_road_adaptive,2026,1,2024-11-28 21:00:00,2024-11-28 21:00:00,2024-11-28,4.066280841827393
2024-11,dgt_directed_road_adaptive,2026,2,2024-11-28 21:00:00,2024-11-28 22:00:00,2024-11-28,2.96628737449646
2024-11,dgt_directed_road_adaptive,2026,3,2024-11-28 21:00:00,2024-11-28 23:00:00,2024-11-28,3.951580762863159
2024-11,dgt_directed_road_adaptive,2026,6,2024-11-28 21:00:00,2024-11-29 02:00:00,2024-11-29,3.5858445167541504
2024-11,dgt_directed_road_adaptive,2026,1,2024-11-28 22:00:00,2024-11-28 22:00:00,2024-11-28,3.3129730224609375
2024-11,dgt_directed_road_adaptive,2026,2,2024-11-28 22:00:00,2024-11-28 23:00:00,2024-11-28,3.34810209274292
2024-11,dgt_directed_road_adaptive,2026,3,2024-11-28 22:00:00,2024-11-29 00:00:00,2024-11-29,4.60938835144043
2024-11,dgt_directed_road_adaptive,2026,6,2024-11-28 22:00:00,2024-11-29 03:00:00,2024-11-29,5.146916389465332
2024-11,dgt_directed_road_adaptive,2026,1,2024-11-28 23:00:00,2024-11-28 23:00:00,2024-11-28,3.347907543182373
2024-11,dgt_directed_road_adaptive,2026,2,2024-11-28 23:00:00,2024-11-29 00:00:00,2024-11-29,4.286803245544434
2024-11,dgt_directed_road_adaptive,2026,3,2024-11-28 23:00:00,2024-11-29 01:00:00,2024-11-29,4.717226982116699
2024-11,dgt_directed_road_adaptive,2026,6,2024-11-28 23:00:00,2024-11-29 04:00:00,2024-11-29,5.936635971069336
2024-11,dgt_directed_road_adaptive,2026,1,2024-11-29 00:00:00,2024-11-29 00:00:00,2024-11-29,3.804248809814453
2024-11,dgt_directed_road_adaptive,2026,2,2024-11-29 00:00:00,2024-11-29 01:00:00,2024-11-29,4.63273811340332
2024-11,dgt_directed_road_adaptive,2026,3,2024-11-29 00:00:00,2024-11-29 02:00:00,2024-11-29,3.7739453315734863
2024-11,dgt_directed_road_adaptive,2026,6,2024-11-29 00:00:00,2024-11-29 05:00:00,2024-11-29,5.946494102478027
2024-11,dgt_directed_road_adaptive,2026,1,2024-11-29 01:00:00,2024-11-29 01:00:00,2024-11-29,4.15272331237793
2024-11,dgt_directed_road_adaptive,2026,2,2024-11-29 01:00:00,2024-11-29 02:00:00,2024-11-29,4.153502464294434
2024-11,dgt_directed_road_adaptive,2026,3,2024-11-29 01:00:00,2024-11-29 03:00:00,2024-11-29,5.417487621307373
2024-11,dgt_directed_road_adaptive,2026,6,2024-11-29 01:00:00,2024-11-29 06:00:00,2024-11-29,3.417971134185791
2024-11,dgt_directed_road_adaptive,2026,1,2024-11-29 02:00:00,2024-11-29 02:00:00,2024-11-29,3.938509702682495
2024-11,dgt_directed_road_adaptive,2026,2,2024-11-29 02:00:00,2024-11-29 03:00:00,2024-11-29,5.159209251403809
2024-11,dgt_directed_road_adaptive,2026,3,2024-11-29 02:00:00,2024-11-29 04:00:00,2024-11-29,5.418344497680664
2024-11,dgt_directed_road_adaptive,2026,6,2024-11-29 02:00:00,2024-11-29 07:00:00,2024-11-29,4.956334114074707
2024-11,dgt_directed_road_adaptive,2026,1,2024-11-29 03:00:00,2024-11-29 03:00:00,2024-11-29,5.145725250244141
2024-11,dgt_directed_road_adaptive,2026,2,2024-11-29 03:00:00,2024-11-29 04:00:00,2024-11-29,5.450178623199463
2024-11,dgt_directed_road_adaptive,2026,3,2024-11-29 03:00:00,2024-11-29 05:00:00,2024-11-29,5.3393025398254395
2024-11,dgt_directed_road_adaptive,2026,6,2024-11-29 03:00:00,2024-11-29 08:00:00,2024-11-29,5.504203796386719
2024-11,dgt_directed_road_adaptive,2026,1,2024-11-29 04:00:00,2024-11-29 04:00:00,2024-11-29,5.493938446044922
2024-11,dgt_directed_road_adaptive,2026,2,2024-11-29 04:00:00,2024-11-29 05:00:00,2024-11-29,5.914152145385742
2024-11,dgt_directed_road_adaptive,2026,3,2024-11-29 04:00:00,2024-11-29 06:00:00,2024-11-29,3.2536981105804443
2024-11,dgt_directed_road_adaptive,2026,6,2024-11-29 04:00:00,2024-11-29 09:00:00,2024-11-29,4.130876541137695
2024-11,dgt_directed_road_adaptive,2026,1,2024-11-29 05:00:00,2024-11-29 05:00:00,2024-11-29,5.2195892333984375
2024-11,dgt_directed_road_adaptive,2026,2,2024-11-29 05:00:00,2024-11-29 06:00:00,2024-11-29,4.205995559692383
2024-11,dgt_directed_road_adaptive,2026,3,2024-11-29 05:00:00,2024-11-29 07:00:00,2024-11-29,4.046666145324707
2024-11,dgt_directed_road_adaptive,2026,6,2024-11-29 05:00:00,2024-11-29 10:00:00,2024-11-29,3.67258358001709
2024-11,dgt_directed_road_adaptive,2026,1,2024-11-29 06:00:00,2024-11-29 06:00:00,2024-11-29,3.8395769596099854
2024-11,dgt_directed_road_adaptive,2026,2,2024-11-29 06:00:00,2024-11-29 07:00:00,2024-11-29,4.103084564208984
2024-11,dgt_directed_road_adaptive,2026,3,2024-11-29 06:00:00,2024-11-29 08:00:00,2024-11-29,3.6134345531463623
2024-11,dgt_directed_road_adaptive,2026,6,2024-11-29 06:00:00,2024-11-29 11:00:00,2024-11-29,3.39790415763855
2024-11,dgt_directed_road_adaptive,2026,1,2024-11-29 07:00:00,2024-11-29 07:00:00,2024-11-29,4.011435031890869
2024-11,dgt_directed_road_adaptive,2026,2,2024-11-29 07:00:00,2024-11-29 08:00:00,2024-11-29,4.164769172668457
2024-11,dgt_directed_road_adaptive,2026,3,2024-11-29 07:00:00,2024-11-29 09:00:00,2024-11-29,3.6215336322784424
2024-11,dgt_directed_road_adaptive,2026,6,2024-11-29 07:00:00,2024-11-29 12:00:00,2024-11-29,3.0298969745635986
2024-11,dgt_directed_road_adaptive,2026,1,2024-11-29 08:00:00,2024-11-29 08:00:00,2024-11-29,3.8192527294158936
2024-11,dgt_directed_road_adaptive,2026,2,2024-11-29 08:00:00,2024-11-29 09:00:00,2024-11-29,3.4131369590759277
2024-11,dgt_directed_road_adaptive,2026,3,2024-11-29 08:00:00,2024-11-29 10:00:00,2024-11-29,3.2016611099243164
2024-11,dgt_directed_road_adaptive,2026,6,2024-11-29 08:00:00,2024-11-29 13:00:00,2024-11-29,3.738447904586792
2024-11,dgt_directed_road_adaptive,2026,1,2024-11-29 09:00:00,2024-11-29 09:00:00,2024-11-29,3.181286573410034
2024-11,dgt_directed_road_adaptive,2026,2,2024-11-29 09:00:00,2024-11-29 10:00:00,2024-11-29,3.3816709518432617
2024-11,dgt_directed_road_adaptive,2026,3,2024-11-29 09:00:00,2024-11-29 11:00:00,2024-11-29,2.8235325813293457
2024-11,dgt_directed_road_adaptive,2026,6,2024-11-29 09:00:00,2024-11-29 14:00:00,2024-11-29,3.0802230834960938
2024-11,dgt_directed_road_adaptive,2026,1,2024-11-29 10:00:00,2024-11-29 10:00:00,2024-11-29,3.4013500213623047
2024-11,dgt_directed_road_adaptive,2026,2,2024-11-29 10:00:00,2024-11-29 11:00:00,2024-11-29,3.183654308319092
2024-11,dgt_directed_road_adaptive,2026,3,2024-11-29 10:00:00,2024-11-29 12:00:00,2024-11-29,2.9386744499206543
2024-11,dgt_directed_road_adaptive,2026,6,2024-11-29 10:00:00,2024-11-29 15:00:00,2024-11-29,3.2185378074645996
2024-11,dgt_directed_road_adaptive,2026,1,2024-11-29 11:00:00,2024-11-29 11:00:00,2024-11-29,3.5583271980285645
2024-11,dgt_directed_road_adaptive,2026,2,2024-11-29 11:00:00,2024-11-29 12:00:00,2024-11-29,2.753801107406616
2024-11,dgt_directed_road_adaptive,2026,3,2024-11-29 11:00:00,2024-11-29 13:00:00,2024-11-29,3.2451908588409424
2024-11,dgt_directed_road_adaptive,2026,6,2024-11-29 11:00:00,2024-11-29 16:00:00,2024-11-29,3.0652520656585693
2024-11,dgt_directed_road_adaptive,2026,1,2024-11-29 12:00:00,2024-11-29 12:00:00,2024-11-29,2.9143543243408203
2024-11,dgt_directed_road_adaptive,2026,2,2024-11-29 12:00:00,2024-11-29 13:00:00,2024-11-29,3.417843818664551
2024-11,dgt_directed_road_adaptive,2026,3,2024-11-29 12:00:00,2024-11-29 14:00:00,2024-11-29,3.6699862480163574
2024-11,dgt_directed_road_adaptive,2026,6,2024-11-29 12:00:00,2024-11-29 17:00:00,2024-11-29,4.238340377807617
2024-11,dgt_directed_road_adaptive,2026,1,2024-11-29 13:00:00,2024-11-29 13:00:00,2024-11-29,3.5866894721984863
2024-11,dgt_directed_road_adaptive,2026,2,2024-11-29 13:00:00,2024-11-29 14:00:00,2024-11-29,3.0226001739501953
2024-11,dgt_directed_road_adaptive,2026,3,2024-11-29 13:00:00,2024-11-29 15:00:00,2024-11-29,3.1082956790924072
2024-11,dgt_directed_road_adaptive,2026,6,2024-11-29 13:00:00,2024-11-29 18:00:00,2024-11-29,5.358377456665039
2024-11,dgt_directed_road_adaptive,2026,1,2024-11-29 14:00:00,2024-11-29 14:00:00,2024-11-29,3.0255613327026367
2024-11,dgt_directed_road_adaptive,2026,2,2024-11-29 14:00:00,2024-11-29 15:00:00,2024-11-29,2.974006175994873
2024-11,dgt_directed_road_adaptive,2026,3,2024-11-29 14:00:00,2024-11-29 16:00:00,2024-11-29,3.081664800643921
2024-11,dgt_directed_road_adaptive,2026,6,2024-11-29 14:00:00,2024-11-29 19:00:00,2024-11-29,5.325809478759766
2024-11,dgt_directed_road_adaptive,2026,1,2024-11-29 15:00:00,2024-11-29 15:00:00,2024-11-29,3.1302762031555176
2024-11,dgt_directed_road_adaptive,2026,2,2024-11-29 15:00:00,2024-11-29 16:00:00,2024-11-29,3.5086746215820312
2024-11,dgt_directed_road_adaptive,2026,3,2024-11-29 15:00:00,2024-11-29 17:00:00,2024-11-29,4.428861618041992
2024-11,dgt_directed_road_adaptive,2026,6,2024-11-29 15:00:00,2024-11-29 20:00:00,2024-11-29,3.9881134033203125
2024-11,dgt_directed_road_adaptive,2026,1,2024-11-29 16:00:00,2024-11-29 16:00:00,2024-11-29,3.4370551109313965
2024-11,dgt_directed_road_adaptive,2026,2,2024-11-29 16:00:00,2024-11-29 17:00:00,2024-11-29,4.0268988609313965
2024-11,dgt_directed_road_adaptive,2026,3,2024-11-29 16:00:00,2024-11-29 18:00:00,2024-11-29,5.0725860595703125
2024-11,dgt_directed_road_adaptive,2026,6,2024-11-29 16:00:00,2024-11-29 21:00:00,2024-11-29,3.086709976196289
2024-11,dgt_directed_road_adaptive,2026,1,2024-11-29 17:00:00,2024-11-29 17:00:00,2024-11-29,3.8088877201080322
2024-11,dgt_directed_road_adaptive,2026,2,2024-11-29 17:00:00,2024-11-29 18:00:00,2024-11-29,4.795848846435547
2024-11,dgt_directed_road_adaptive,2026,3,2024-11-29 17:00:00,2024-11-29 19:00:00,2024-11-29,4.754547119140625
2024-11,dgt_directed_road_adaptive,2026,6,2024-11-29 17:00:00,2024-11-29 22:00:00,2024-11-29,3.387768268585205
2024-11,dgt_directed_road_adaptive,2026,1,2024-11-29 18:00:00,2024-11-29 18:00:00,2024-11-29,4.47671365737915
2024-11,dgt_directed_road_adaptive,2026,2,2024-11-29 18:00:00,2024-11-29 19:00:00,2024-11-29,4.779672622680664
2024-11,dgt_directed_road_adaptive,2026,3,2024-11-29 18:00:00,2024-11-29 20:00:00,2024-11-29,3.9877893924713135
2024-11,dgt_directed_road_adaptive,2026,6,2024-11-29 18:00:00,2024-11-29 23:00:00,2024-11-29,3.1130928993225098
2024-11,dgt_directed_road_adaptive,2026,1,2024-11-29 19:00:00,2024-11-29 19:00:00,2024-11-29,4.9383745193481445
2024-11,dgt_directed_road_adaptive,2026,2,2024-11-29 19:00:00,2024-11-29 20:00:00,2024-11-29,3.9348864555358887
2024-11,dgt_directed_road_adaptive,2026,3,2024-11-29 19:00:00,2024-11-29 21:00:00,2024-11-29,2.8611419200897217
2024-11,dgt_directed_road_adaptive,2026,6,2024-11-29 19:00:00,2024-11-30 00:00:00,2024-11-30,4.310286521911621
2024-11,dgt_directed_road_adaptive,2026,1,2024-11-29 20:00:00,2024-11-29 20:00:00,2024-11-29,4.4873809814453125
2024-11,dgt_directed_road_adaptive,2026,2,2024-11-29 20:00:00,2024-11-29 21:00:00,2024-11-29,2.9565000534057617
2024-11,dgt_directed_road_adaptive,2026,3,2024-11-29 20:00:00,2024-11-29 22:00:00,2024-11-29,3.5870978832244873
2024-11,dgt_directed_road_adaptive,2026,6,2024-11-29 20:00:00,2024-11-30 01:00:00,2024-11-30,4.731822967529297
2024-11,dgt_directed_road_adaptive,2026,1,2024-11-29 21:00:00,2024-11-29 21:00:00,2024-11-29,2.993253231048584
2024-11,dgt_directed_road_adaptive,2026,2,2024-11-29 21:00:00,2024-11-29 22:00:00,2024-11-29,3.887723207473755
2024-11,dgt_directed_road_adaptive,2026,3,2024-11-29 21:00:00,2024-11-29 23:00:00,2024-11-29,3.4965012073516846
2024-11,dgt_directed_road_adaptive,2026,6,2024-11-29 21:00:00,2024-11-30 02:00:00,2024-11-30,7.11008358001709
2024-11,dgt_directed_road_adaptive,2026,1,2024-11-29 22:00:00,2024-11-29 22:00:00,2024-11-29,3.1416015625
2024-11,dgt_directed_road_adaptive,2026,2,2024-11-29 22:00:00,2024-11-29 23:00:00,2024-11-29,3.6959848403930664
2024-11,dgt_directed_road_adaptive,2026,3,2024-11-29 22:00:00,2024-11-30 00:00:00,2024-11-30,3.808824062347412
2024-11,dgt_directed_road_adaptive,2026,6,2024-11-29 22:00:00,2024-11-30 03:00:00,2024-11-30,5.823853492736816
2024-11,dgt_directed_road_adaptive,2026,1,2024-11-29 23:00:00,2024-11-29 23:00:00,2024-11-29,2.847179412841797
2024-11,dgt_directed_road_adaptive,2026,2,2024-11-29 23:00:00,2024-11-30 00:00:00,2024-11-30,3.5346486568450928
2024-11,dgt_directed_road_adaptive,2026,3,2024-11-29 23:00:00,2024-11-30 01:00:00,2024-11-30,4.634967803955078
2024-11,dgt_directed_road_adaptive,2026,6,2024-11-29 23:00:00,2024-11-30 04:00:00,2024-11-30,7.535635948181152
2024-11,dgt_directed_road_adaptive,2026,1,2024-11-30 00:00:00,2024-11-30 00:00:00,2024-11-30,3.9416556358337402
2024-11,dgt_directed_road_adaptive,2026,2,2024-11-30 00:00:00,2024-11-30 01:00:00,2024-11-30,4.947634220123291
2024-11,dgt_directed_road_adaptive,2026,3,2024-11-30 00:00:00,2024-11-30 02:00:00,2024-11-30,6.983174800872803
2024-11,dgt_directed_road_adaptive,2026,6,2024-11-30 00:00:00,2024-11-30 05:00:00,2024-11-30,4.030275344848633
2024-11,dgt_directed_road_adaptive,2026,1,2024-11-30 01:00:00,2024-11-30 01:00:00,2024-11-30,4.5582122802734375
2024-11,dgt_directed_road_adaptive,2026,2,2024-11-30 01:00:00,2024-11-30 02:00:00,2024-11-30,7.071527481079102
2024-11,dgt_directed_road_adaptive,2026,3,2024-11-30 01:00:00,2024-11-30 03:00:00,2024-11-30,5.363129615783691
2024-11,dgt_directed_road_adaptive,2026,6,2024-11-30 01:00:00,2024-11-30 06:00:00,2024-11-30,3.1679201126098633
2024-11,dgt_directed_road_adaptive,2026,1,2024-11-30 02:00:00,2024-11-30 02:00:00,2024-11-30,6.603343486785889
2024-11,dgt_directed_road_adaptive,2026,2,2024-11-30 02:00:00,2024-11-30 03:00:00,2024-11-30,5.444247722625732
2024-11,dgt_directed_road_adaptive,2026,3,2024-11-30 02:00:00,2024-11-30 04:00:00,2024-11-30,6.656635284423828
2024-11,dgt_directed_road_adaptive,2026,6,2024-11-30 02:00:00,2024-11-30 07:00:00,2024-11-30,2.9227890968322754
2024-11,dgt_directed_road_adaptive,2026,1,2024-11-30 03:00:00,2024-11-30 03:00:00,2024-11-30,4.835012435913086
2024-11,dgt_directed_road_adaptive,2026,2,2024-11-30 03:00:00,2024-11-30 04:00:00,2024-11-30,7.202844619750977
2024-11,dgt_directed_road_adaptive,2026,3,2024-11-30 03:00:00,2024-11-30 05:00:00,2024-11-30,3.9625730514526367
2024-11,dgt_directed_road_adaptive,2026,6,2024-11-30 03:00:00,2024-11-30 08:00:00,2024-11-30,3.1216318607330322
2024-11,dgt_directed_road_adaptive,2026,1,2024-11-30 04:00:00,2024-11-30 04:00:00,2024-11-30,6.866644859313965
2024-11,dgt_directed_road_adaptive,2026,2,2024-11-30 04:00:00,2024-11-30 05:00:00,2024-11-30,3.7703139781951904
2024-11,dgt_directed_road_adaptive,2026,3,2024-11-30 04:00:00,2024-11-30 06:00:00,2024-11-30,3.4018802642822266
2024-11,dgt_directed_road_adaptive,2026,6,2024-11-30 04:00:00,2024-11-30 09:00:00,2024-11-30,3.675523042678833
2024-11,dgt_directed_road_adaptive,2026,1,2024-11-30 05:00:00,2024-11-30 05:00:00,2024-11-30,3.88620662689209
2024-11,dgt_directed_road_adaptive,2026,2,2024-11-30 05:00:00,2024-11-30 06:00:00,2024-11-30,3.1728734970092773
2024-11,dgt_directed_road_adaptive,2026,3,2024-11-30 05:00:00,2024-11-30 07:00:00,2024-11-30,3.5114521980285645
2024-11,dgt_directed_road_adaptive,2026,6,2024-11-30 05:00:00,2024-11-30 10:00:00,2024-11-30,3.558393716812134
2024-11,dgt_directed_road_adaptive,2026,1,2024-11-30 06:00:00,2024-11-30 06:00:00,2024-11-30,3.5551066398620605
2024-11,dgt_directed_road_adaptive,2026,2,2024-11-30 06:00:00,2024-11-30 07:00:00,2024-11-30,3.281769037246704
2024-11,dgt_directed_road_adaptive,2026,3,2024-11-30 06:00:00,2024-11-30 08:00:00,2024-11-30,3.2777609825134277
2024-11,dgt_directed_road_adaptive,2026,6,2024-11-30 06:00:00,2024-11-30 11:00:00,2024-11-30,3.2973947525024414
2024-11,dgt_directed_road_adaptive,2026,1,2024-11-30 07:00:00,2024-11-30 07:00:00,2024-11-30,3.8050265312194824
2024-11,dgt_directed_road_adaptive,2026,2,2024-11-30 07:00:00,2024-11-30 08:00:00,2024-11-30,2.9759521484375
2024-11,dgt_directed_road_adaptive,2026,3,2024-11-30 07:00:00,2024-11-30 09:00:00,2024-11-30,3.3229894638061523
2024-11,dgt_directed_road_adaptive,2026,6,2024-11-30 07:00:00,2024-11-30 12:00:00,2024-11-30,3.8183696269989014
2024-11,dgt_directed_road_adaptive,2026,1,2024-11-30 08:00:00,2024-11-30 08:00:00,2024-11-30,3.001549243927002
2024-11,dgt_directed_road_adaptive,2026,2,2024-11-30 08:00:00,2024-11-30 09:00:00,2024-11-30,3.0856704711914062
2024-11,dgt_directed_road_adaptive,2026,3,2024-11-30 08:00:00,2024-11-30 10:00:00,2024-11-30,3.3455488681793213
2024-11,dgt_directed_road_adaptive,2026,6,2024-11-30 08:00:00,2024-11-30 13:00:00,2024-11-30,4.51280403137207
2024-11,dgt_directed_road_adaptive,2026,1,2024-11-30 09:00:00,2024-11-30 09:00:00,2024-11-30,2.7859013080596924
2024-11,dgt_directed_road_adaptive,2026,2,2024-11-30 09:00:00,2024-11-30 10:00:00,2024-11-30,3.3187296390533447
2024-11,dgt_directed_road_adaptive,2026,3,2024-11-30 09:00:00,2024-11-30 11:00:00,2024-11-30,2.7505640983581543
2024-11,dgt_directed_road_adaptive,2026,6,2024-11-30 09:00:00,2024-11-30 14:00:00,2024-11-30,3.9720616340637207
2024-11,dgt_directed_road_adaptive,2026,1,2024-11-30 10:00:00,2024-11-30 10:00:00,2024-11-30,2.521965265274048
2024-11,dgt_directed_road_adaptive,2026,2,2024-11-30 10:00:00,2024-11-30 11:00:00,2024-11-30,3.5354604721069336
2024-11,dgt_directed_road_adaptive,2026,3,2024-11-30 10:00:00,2024-11-30 12:00:00,2024-11-30,3.879295825958252
2024-11,dgt_directed_road_adaptive,2026,6,2024-11-30 10:00:00,2024-11-30 15:00:00,2024-11-30,4.168776035308838
2024-11,dgt_directed_road_adaptive,2026,1,2024-11-30 11:00:00,2024-11-30 11:00:00,2024-11-30,2.3699333667755127
2024-11,dgt_directed_road_adaptive,2026,2,2024-11-30 11:00:00,2024-11-30 12:00:00,2024-11-30,3.3432109355926514
2024-11,dgt_directed_road_adaptive,2026,3,2024-11-30 11:00:00,2024-11-30 13:00:00,2024-11-30,4.396435737609863
2024-11,dgt_directed_road_adaptive,2026,6,2024-11-30 11:00:00,2024-11-30 16:00:00,2024-11-30,4.549189567565918
2024-11,dgt_directed_road_adaptive,2026,1,2024-11-30 12:00:00,2024-11-30 12:00:00,2024-11-30,3.621293067932129
2024-11,dgt_directed_road_adaptive,2026,2,2024-11-30 12:00:00,2024-11-30 13:00:00,2024-11-30,3.725179672241211
2024-11,dgt_directed_road_adaptive,2026,3,2024-11-30 12:00:00,2024-11-30 14:00:00,2024-11-30,4.14162540435791
2024-11,dgt_directed_road_adaptive,2026,6,2024-11-30 12:00:00,2024-11-30 17:00:00,2024-11-30,5.519802093505859
2024-11,dgt_directed_road_adaptive,2026,1,2024-11-30 13:00:00,2024-11-30 13:00:00,2024-11-30,3.4250855445861816
2024-11,dgt_directed_road_adaptive,2026,2,2024-11-30 13:00:00,2024-11-30 14:00:00,2024-11-30,3.2648112773895264
2024-11,dgt_directed_road_adaptive,2026,3,2024-11-30 13:00:00,2024-11-30 15:00:00,2024-11-30,4.15634298324585
2024-11,dgt_directed_road_adaptive,2026,6,2024-11-30 13:00:00,2024-11-30 18:00:00,2024-11-30,6.503111839294434
2024-11,dgt_directed_road_adaptive,2026,1,2024-11-30 14:00:00,2024-11-30 14:00:00,2024-11-30,3.028233528137207
2024-11,dgt_directed_road_adaptive,2026,2,2024-11-30 14:00:00,2024-11-30 15:00:00,2024-11-30,3.3645620346069336
2024-11,dgt_directed_road_adaptive,2026,3,2024-11-30 14:00:00,2024-11-30 16:00:00,2024-11-30,4.326033115386963
2024-11,dgt_directed_road_adaptive,2026,6,2024-11-30 14:00:00,2024-11-30 19:00:00,2024-11-30,2.874795436859131
2024-11,dgt_directed_road_adaptive,2026,1,2024-11-30 15:00:00,2024-11-30 15:00:00,2024-11-30,3.3812899589538574
2024-11,dgt_directed_road_adaptive,2026,2,2024-11-30 15:00:00,2024-11-30 16:00:00,2024-11-30,4.135385513305664
2024-11,dgt_directed_road_adaptive,2026,3,2024-11-30 15:00:00,2024-11-30 17:00:00,2024-11-30,4.973004341125488
2024-11,dgt_directed_road_adaptive,2026,6,2024-11-30 15:00:00,2024-11-30 20:00:00,2024-11-30,3.6940689086914062
2024-11,dgt_directed_road_adaptive,2026,1,2024-11-30 16:00:00,2024-11-30 16:00:00,2024-11-30,4.084589004516602
2024-11,dgt_directed_road_adaptive,2026,2,2024-11-30 16:00:00,2024-11-30 17:00:00,2024-11-30,4.541375160217285
2024-11,dgt_directed_road_adaptive,2026,3,2024-11-30 16:00:00,2024-11-30 18:00:00,2024-11-30,5.342588424682617
2024-11,dgt_directed_road_adaptive,2026,6,2024-11-30 16:00:00,2024-11-30 21:00:00,2024-11-30,3.3936753273010254
2024-11,dgt_directed_road_adaptive,2026,1,2024-11-30 17:00:00,2024-11-30 17:00:00,2024-11-30,4.474432945251465
2024-11,dgt_directed_road_adaptive,2026,2,2024-11-30 17:00:00,2024-11-30 18:00:00,2024-11-30,4.645594120025635
2024-11,dgt_directed_road_adaptive,2026,3,2024-11-30 17:00:00,2024-11-30 19:00:00,2024-11-30,3.0205063819885254
2024-11,dgt_directed_road_adaptive,2026,6,2024-11-30 17:00:00,2024-11-30 22:00:00,2024-11-30,3.5115768909454346
2024-11,temporal_mlp,2027,1,2024-11-26 12:00:00,2024-11-26 12:00:00,2024-11-26,2.3204383850097656
2024-11,temporal_mlp,2027,2,2024-11-26 12:00:00,2024-11-26 13:00:00,2024-11-26,3.0664892196655273
2024-11,temporal_mlp,2027,3,2024-11-26 12:00:00,2024-11-26 14:00:00,2024-11-26,3.424854278564453
2024-11,temporal_mlp,2027,6,2024-11-26 12:00:00,2024-11-26 17:00:00,2024-11-26,6.111764907836914
2024-11,temporal_mlp,2027,1,2024-11-26 13:00:00,2024-11-26 13:00:00,2024-11-26,2.928161382675171
2024-11,temporal_mlp,2027,2,2024-11-26 13:00:00,2024-11-26 14:00:00,2024-11-26,2.922046661376953
2024-11,temporal_mlp,2027,3,2024-11-26 13:00:00,2024-11-26 15:00:00,2024-11-26,3.3894662857055664
2024-11,temporal_mlp,2027,6,2024-11-26 13:00:00,2024-11-26 18:00:00,2024-11-26,6.097765922546387
2024-11,temporal_mlp,2027,1,2024-11-26 14:00:00,2024-11-26 14:00:00,2024-11-26,2.6905877590179443
2024-11,temporal_mlp,2027,2,2024-11-26 14:00:00,2024-11-26 15:00:00,2024-11-26,3.122217893600464
2024-11,temporal_mlp,2027,3,2024-11-26 14:00:00,2024-11-26 16:00:00,2024-11-26,3.665343999862671
2024-11,temporal_mlp,2027,6,2024-11-26 14:00:00,2024-11-26 19:00:00,2024-11-26,3.9407713413238525
2024-11,temporal_mlp,2027,1,2024-11-26 15:00:00,2024-11-26 15:00:00,2024-11-26,2.7681963443756104
2024-11,temporal_mlp,2027,2,2024-11-26 15:00:00,2024-11-26 16:00:00,2024-11-26,3.501333713531494
2024-11,temporal_mlp,2027,3,2024-11-26 15:00:00,2024-11-26 17:00:00,2024-11-26,5.832640647888184
2024-11,temporal_mlp,2027,6,2024-11-26 15:00:00,2024-11-26 20:00:00,2024-11-26,3.669280767440796
2024-11,temporal_mlp,2027,1,2024-11-26 16:00:00,2024-11-26 16:00:00,2024-11-26,3.190613031387329
2024-11,temporal_mlp,2027,2,2024-11-26 16:00:00,2024-11-26 17:00:00,2024-11-26,5.042279243469238
2024-11,temporal_mlp,2027,3,2024-11-26 16:00:00,2024-11-26 18:00:00,2024-11-26,5.957940578460693
2024-11,temporal_mlp,2027,6,2024-11-26 16:00:00,2024-11-26 21:00:00,2024-11-26,4.907496929168701
2024-11,temporal_mlp,2027,1,2024-11-26 17:00:00,2024-11-26 17:00:00,2024-11-26,4.683544158935547
2024-11,temporal_mlp,2027,2,2024-11-26 17:00:00,2024-11-26 18:00:00,2024-11-26,5.432301998138428
2024-11,temporal_mlp,2027,3,2024-11-26 17:00:00,2024-11-26 19:00:00,2024-11-26,3.8450183868408203
2024-11,temporal_mlp,2027,6,2024-11-26 17:00:00,2024-11-26 22:00:00,2024-11-26,4.696959495544434
2024-11,temporal_mlp,2027,1,2024-11-26 18:00:00,2024-11-26 18:00:00,2024-11-26,5.087364673614502
2024-11,temporal_mlp,2027,2,2024-11-26 18:00:00,2024-11-26 19:00:00,2024-11-26,3.3968310356140137
2024-11,temporal_mlp,2027,3,2024-11-26 18:00:00,2024-11-26 20:00:00,2024-11-26,3.507032632827759
2024-11,temporal_mlp,2027,6,2024-11-26 18:00:00,2024-11-26 23:00:00,2024-11-26,4.4236979484558105
2024-11,temporal_mlp,2027,1,2024-11-26 19:00:00,2024-11-26 19:00:00,2024-11-26,3.1436636447906494
2024-11,temporal_mlp,2027,2,2024-11-26 19:00:00,2024-11-26 20:00:00,2024-11-26,3.5486948490142822
2024-11,temporal_mlp,2027,3,2024-11-26 19:00:00,2024-11-26 21:00:00,2024-11-26,4.872017860412598
2024-11,temporal_mlp,2027,6,2024-11-26 19:00:00,2024-11-27 00:00:00,2024-11-27,3.514465093612671
2024-11,temporal_mlp,2027,1,2024-11-26 20:00:00,2024-11-26 20:00:00,2024-11-26,3.283411979675293
2024-11,temporal_mlp,2027,2,2024-11-26 20:00:00,2024-11-26 21:00:00,2024-11-26,4.800174713134766
2024-11,temporal_mlp,2027,3,2024-11-26 20:00:00,2024-11-26 22:00:00,2024-11-26,4.84633207321167
2024-11,temporal_mlp,2027,6,2024-11-26 20:00:00,2024-11-27 01:00:00,2024-11-27,5.125936508178711
2024-11,temporal_mlp,2027,1,2024-11-26 21:00:00,2024-11-26 21:00:00,2024-11-26,4.451321601867676
2024-11,temporal_mlp,2027,2,2024-11-26 21:00:00,2024-11-26 22:00:00,2024-11-26,4.642658233642578
2024-11,temporal_mlp,2027,3,2024-11-26 21:00:00,2024-11-26 23:00:00,2024-11-26,4.0555100440979
2024-11,temporal_mlp,2027,6,2024-11-26 21:00:00,2024-11-27 02:00:00,2024-11-27,4.548376560211182
2024-11,temporal_mlp,2027,1,2024-11-26 22:00:00,2024-11-26 22:00:00,2024-11-26,4.688022613525391
2024-11,temporal_mlp,2027,2,2024-11-26 22:00:00,2024-11-26 23:00:00,2024-11-26,3.582401990890503
2024-11,temporal_mlp,2027,3,2024-11-26 22:00:00,2024-11-27 00:00:00,2024-11-27,3.8395509719848633
2024-11,temporal_mlp,2027,6,2024-11-26 22:00:00,2024-11-27 03:00:00,2024-11-27,5.259420394897461
2024-11,temporal_mlp,2027,1,2024-11-26 23:00:00,2024-11-26 23:00:00,2024-11-26,4.052330493927002
2024-11,temporal_mlp,2027,2,2024-11-26 23:00:00,2024-11-27 00:00:00,2024-11-27,3.8070363998413086
2024-11,temporal_mlp,2027,3,2024-11-26 23:00:00,2024-11-27 01:00:00,2024-11-27,4.941242694854736
2024-11,temporal_mlp,2027,6,2024-11-26 23:00:00,2024-11-27 04:00:00,2024-11-27,6.941271781921387
2024-11,temporal_mlp,2027,1,2024-11-27 00:00:00,2024-11-27 00:00:00,2024-11-27,4.07494592666626
2024-11,temporal_mlp,2027,2,2024-11-27 00:00:00,2024-11-27 01:00:00,2024-11-27,4.704683303833008
2024-11,temporal_mlp,2027,3,2024-11-27 00:00:00,2024-11-27 02:00:00,2024-11-27,4.4932861328125
2024-11,temporal_mlp,2027,6,2024-11-27 00:00:00,2024-11-27 05:00:00,2024-11-27,3.8261656761169434
2024-11,temporal_mlp,2027,1,2024-11-27 01:00:00,2024-11-27 01:00:00,2024-11-27,4.824284076690674
2024-11,temporal_mlp,2027,2,2024-11-27 01:00:00,2024-11-27 02:00:00,2024-11-27,4.471240043640137
2024-11,temporal_mlp,2027,3,2024-11-27 01:00:00,2024-11-27 03:00:00,2024-11-27,5.640325546264648
2024-11,temporal_mlp,2027,6,2024-11-27 01:00:00,2024-11-27 06:00:00,2024-11-27,2.93650484085083
2024-11,temporal_mlp,2027,1,2024-11-27 02:00:00,2024-11-27 02:00:00,2024-11-27,4.468414306640625
2024-11,temporal_mlp,2027,2,2024-11-27 02:00:00,2024-11-27 03:00:00,2024-11-27,5.473784923553467
2024-11,temporal_mlp,2027,3,2024-11-27 02:00:00,2024-11-27 04:00:00,2024-11-27,6.969875335693359
2024-11,temporal_mlp,2027,6,2024-11-27 02:00:00,2024-11-27 07:00:00,2024-11-27,4.251034736633301
2024-11,temporal_mlp,2027,1,2024-11-27 03:00:00,2024-11-27 03:00:00,2024-11-27,5.511241912841797
2024-11,temporal_mlp,2027,2,2024-11-27 03:00:00,2024-11-27 04:00:00,2024-11-27,6.937183380126953
2024-11,temporal_mlp,2027,3,2024-11-27 03:00:00,2024-11-27 05:00:00,2024-11-27,3.8570947647094727
2024-11,temporal_mlp,2027,6,2024-11-27 03:00:00,2024-11-27 08:00:00,2024-11-27,4.864241600036621
2024-11,temporal_mlp,2027,1,2024-11-27 04:00:00,2024-11-27 04:00:00,2024-11-27,7.134725093841553
2024-11,temporal_mlp,2027,2,2024-11-27 04:00:00,2024-11-27 05:00:00,2024-11-27,3.788639545440674
2024-11,temporal_mlp,2027,3,2024-11-27 04:00:00,2024-11-27 06:00:00,2024-11-27,2.9674627780914307
2024-11,temporal_mlp,2027,6,2024-11-27 04:00:00,2024-11-27 09:00:00,2024-11-27,3.4744133949279785
2024-11,temporal_mlp,2027,1,2024-11-27 05:00:00,2024-11-27 05:00:00,2024-11-27,3.690075635910034
2024-11,temporal_mlp,2027,2,2024-11-27 05:00:00,2024-11-27 06:00:00,2024-11-27,3.369844675064087
2024-11,temporal_mlp,2027,3,2024-11-27 05:00:00,2024-11-27 07:00:00,2024-11-27,4.222847938537598
2024-11,temporal_mlp,2027,6,2024-11-27 05:00:00,2024-11-27 10:00:00,2024-11-27,2.183408737182617
2024-11,temporal_mlp,2027,1,2024-11-27 06:00:00,2024-11-27 06:00:00,2024-11-27,3.3195676803588867
2024-11,temporal_mlp,2027,2,2024-11-27 06:00:00,2024-11-27 07:00:00,2024-11-27,3.942945957183838
2024-11,temporal_mlp,2027,3,2024-11-27 06:00:00,2024-11-27 08:00:00,2024-11-27,4.448269844055176
2024-11,temporal_mlp,2027,6,2024-11-27 06:00:00,2024-11-27 11:00:00,2024-11-27,2.6147961616516113
2024-11,temporal_mlp,2027,1,2024-11-27 07:00:00,2024-11-27 07:00:00,2024-11-27,3.3148794174194336
2024-11,temporal_mlp,2027,2,2024-11-27 07:00:00,2024-11-27 08:00:00,2024-11-27,3.9140233993530273
2024-11,temporal_mlp,2027,3,2024-11-27 07:00:00,2024-11-27 09:00:00,2024-11-27,3.2753021717071533
2024-11,temporal_mlp,2027,6,2024-11-27 07:00:00,2024-11-27 12:00:00,2024-11-27,3.1027956008911133
2024-11,temporal_mlp,2027,1,2024-11-27 08:00:00,2024-11-27 08:00:00,2024-11-27,3.950620412826538
2024-11,temporal_mlp,2027,2,2024-11-27 08:00:00,2024-11-27 09:00:00,2024-11-27,2.8483076095581055
2024-11,temporal_mlp,2027,3,2024-11-27 08:00:00,2024-11-27 10:00:00,2024-11-27,2.1217784881591797
2024-11,temporal_mlp,2027,6,2024-11-27 08:00:00,2024-11-27 13:00:00,2024-11-27,2.850314140319824
2024-11,temporal_mlp,2027,1,2024-11-27 09:00:00,2024-11-27 09:00:00,2024-11-27,2.9602322578430176
2024-11,temporal_mlp,2027,2,2024-11-27 09:00:00,2024-11-27 10:00:00,2024-11-27,1.917274832725525
2024-11,temporal_mlp,2027,3,2024-11-27 09:00:00,2024-11-27 11:00:00,2024-11-27,2.806830644607544
2024-11,temporal_mlp,2027,6,2024-11-27 09:00:00,2024-11-27 14:00:00,2024-11-27,3.2680110931396484
2024-11,temporal_mlp,2027,1,2024-11-27 10:00:00,2024-11-27 10:00:00,2024-11-27,1.9603643417358398
2024-11,temporal_mlp,2027,2,2024-11-27 10:00:00,2024-11-27 11:00:00,2024-11-27,2.556246757507324
2024-11,temporal_mlp,2027,3,2024-11-27 10:00:00,2024-11-27 12:00:00,2024-11-27,2.7290139198303223
2024-11,temporal_mlp,2027,6,2024-11-27 10:00:00,2024-11-27 15:00:00,2024-11-27,3.7453651428222656
2024-11,temporal_mlp,2027,1,2024-11-27 11:00:00,2024-11-27 11:00:00,2024-11-27,2.306826591491699
2024-11,temporal_mlp,2027,2,2024-11-27 11:00:00,2024-11-27 12:00:00,2024-11-27,2.5880637168884277
2024-11,temporal_mlp,2027,3,2024-11-27 11:00:00,2024-11-27 13:00:00,2024-11-27,2.9690279960632324
2024-11,temporal_mlp,2027,6,2024-11-27 11:00:00,2024-11-27 16:00:00,2024-11-27,3.7985029220581055
2024-11,temporal_mlp,2027,1,2024-11-27 12:00:00,2024-11-27 12:00:00,2024-11-27,2.4852914810180664
2024-11,temporal_mlp,2027,2,2024-11-27 12:00:00,2024-11-27 13:00:00,2024-11-27,3.0538055896759033
2024-11,temporal_mlp,2027,3,2024-11-27 12:00:00,2024-11-27 14:00:00,2024-11-27,3.2869365215301514
2024-11,temporal_mlp,2027,6,2024-11-27 12:00:00,2024-11-27 17:00:00,2024-11-27,4.517077922821045
2024-11,temporal_mlp,2027,1,2024-11-27 13:00:00,2024-11-27 13:00:00,2024-11-27,2.8221068382263184
2024-11,temporal_mlp,2027,2,2024-11-27 13:00:00,2024-11-27 14:00:00,2024-11-27,3.0054147243499756
2024-11,temporal_mlp,2027,3,2024-11-27 13:00:00,2024-11-27 15:00:00,2024-11-27,3.8730502128601074
2024-11,temporal_mlp,2027,6,2024-11-27 13:00:00,2024-11-27 18:00:00,2024-11-27,4.34287166595459
2024-11,temporal_mlp,2027,1,2024-11-27 14:00:00,2024-11-27 14:00:00,2024-11-27,2.9945409297943115
2024-11,temporal_mlp,2027,2,2024-11-27 14:00:00,2024-11-27 15:00:00,2024-11-27,3.6339268684387207
2024-11,temporal_mlp,2027,3,2024-11-27 14:00:00,2024-11-27 16:00:00,2024-11-27,3.606123208999634
2024-11,temporal_mlp,2027,6,2024-11-27 14:00:00,2024-11-27 19:00:00,2024-11-27,3.395857095718384
2024-11,temporal_mlp,2027,1,2024-11-27 15:00:00,2024-11-27 15:00:00,2024-11-27,3.6181890964508057
2024-11,temporal_mlp,2027,2,2024-11-27 15:00:00,2024-11-27 16:00:00,2024-11-27,3.4488987922668457
2024-11,temporal_mlp,2027,3,2024-11-27 15:00:00,2024-11-27 17:00:00,2024-11-27,4.327645778656006
2024-11,temporal_mlp,2027,6,2024-11-27 15:00:00,2024-11-27 20:00:00,2024-11-27,3.4614620208740234
2024-11,temporal_mlp,2027,1,2024-11-27 16:00:00,2024-11-27 16:00:00,2024-11-27,3.620093822479248
2024-11,temporal_mlp,2027,2,2024-11-27 16:00:00,2024-11-27 17:00:00,2024-11-27,3.9386062622070312
2024-11,temporal_mlp,2027,3,2024-11-27 16:00:00,2024-11-27 18:00:00,2024-11-27,4.169219493865967
2024-11,temporal_mlp,2027,6,2024-11-27 16:00:00,2024-11-27 21:00:00,2024-11-27,4.729464054107666
2024-11,temporal_mlp,2027,1,2024-11-27 17:00:00,2024-11-27 17:00:00,2024-11-27,3.8945398330688477
2024-11,temporal_mlp,2027,2,2024-11-27 17:00:00,2024-11-27 18:00:00,2024-11-27,3.7378737926483154
2024-11,temporal_mlp,2027,3,2024-11-27 17:00:00,2024-11-27 19:00:00,2024-11-27,3.492684841156006
2024-11,temporal_mlp,2027,6,2024-11-27 17:00:00,2024-11-27 22:00:00,2024-11-27,4.051761627197266
2024-11,temporal_mlp,2027,1,2024-11-27 18:00:00,2024-11-27 18:00:00,2024-11-27,3.7537097930908203
2024-11,temporal_mlp,2027,2,2024-11-27 18:00:00,2024-11-27 19:00:00,2024-11-27,3.428584575653076
2024-11,temporal_mlp,2027,3,2024-11-27 18:00:00,2024-11-27 20:00:00,2024-11-27,3.595095157623291
2024-11,temporal_mlp,2027,6,2024-11-27 18:00:00,2024-11-27 23:00:00,2024-11-27,3.7761082649230957
2024-11,temporal_mlp,2027,1,2024-11-27 19:00:00,2024-11-27 19:00:00,2024-11-27,3.0919606685638428
2024-11,temporal_mlp,2027,2,2024-11-27 19:00:00,2024-11-27 20:00:00,2024-11-27,3.7052862644195557
2024-11,temporal_mlp,2027,3,2024-11-27 19:00:00,2024-11-27 21:00:00,2024-11-27,4.473772048950195
2024-11,temporal_mlp,2027,6,2024-11-27 19:00:00,2024-11-28 00:00:00,2024-11-28,3.1815128326416016
2024-11,temporal_mlp,2027,1,2024-11-27 20:00:00,2024-11-27 20:00:00,2024-11-27,3.296225070953369
2024-11,temporal_mlp,2027,2,2024-11-27 20:00:00,2024-11-27 21:00:00,2024-11-27,4.571905612945557
2024-11,temporal_mlp,2027,3,2024-11-27 20:00:00,2024-11-27 22:00:00,2024-11-27,3.777352809906006
2024-11,temporal_mlp,2027,6,2024-11-27 20:00:00,2024-11-28 01:00:00,2024-11-28,5.077553749084473
2024-11,temporal_mlp,2027,1,2024-11-27 21:00:00,2024-11-27 21:00:00,2024-11-27,3.945180654525757
2024-11,temporal_mlp,2027,2,2024-11-27 21:00:00,2024-11-27 22:00:00,2024-11-27,3.8579022884368896
2024-11,temporal_mlp,2027,3,2024-11-27 21:00:00,2024-11-27 23:00:00,2024-11-27,3.6209206581115723
2024-11,temporal_mlp,2027,6,2024-11-27 21:00:00,2024-11-28 02:00:00,2024-11-28,5.22974967956543
2024-11,temporal_mlp,2027,1,2024-11-27 22:00:00,2024-11-27 22:00:00,2024-11-27,3.8830552101135254
2024-11,temporal_mlp,2027,2,2024-11-27 22:00:00,2024-11-27 23:00:00,2024-11-27,3.344010353088379
2024-11,temporal_mlp,2027,3,2024-11-27 22:00:00,2024-11-28 00:00:00,2024-11-28,3.2897491455078125
2024-11,temporal_mlp,2027,6,2024-11-27 22:00:00,2024-11-28 03:00:00,2024-11-28,6.022870063781738
2024-11,temporal_mlp,2027,1,2024-11-27 23:00:00,2024-11-27 23:00:00,2024-11-27,3.4738845825195312
2024-11,temporal_mlp,2027,2,2024-11-27 23:00:00,2024-11-28 00:00:00,2024-11-28,3.2685234546661377
2024-11,temporal_mlp,2027,3,2024-11-27 23:00:00,2024-11-28 01:00:00,2024-11-28,4.642717361450195
2024-11,temporal_mlp,2027,6,2024-11-27 23:00:00,2024-11-28 04:00:00,2024-11-28,5.6413044929504395
2024-11,temporal_mlp,2027,1,2024-11-28 00:00:00,2024-11-28 00:00:00,2024-11-28,2.841094970703125
2024-11,temporal_mlp,2027,2,2024-11-28 00:00:00,2024-11-28 01:00:00,2024-11-28,4.571979522705078
2024-11,temporal_mlp,2027,3,2024-11-28 00:00:00,2024-11-28 02:00:00,2024-11-28,4.4905009269714355
2024-11,temporal_mlp,2027,6,2024-11-28 00:00:00,2024-11-28 05:00:00,2024-11-28,3.38466215133667
2024-11,temporal_mlp,2027,1,2024-11-28 01:00:00,2024-11-28 01:00:00,2024-11-28,4.625302791595459
2024-11,temporal_mlp,2027,2,2024-11-28 01:00:00,2024-11-28 02:00:00,2024-11-28,4.582259178161621
2024-11,temporal_mlp,2027,3,2024-11-28 01:00:00,2024-11-28 03:00:00,2024-11-28,5.969494342803955
2024-11,temporal_mlp,2027,6,2024-11-28 01:00:00,2024-11-28 06:00:00,2024-11-28,3.536013603210449
2024-11,temporal_mlp,2027,1,2024-11-28 02:00:00,2024-11-28 02:00:00,2024-11-28,4.4557952880859375
2024-11,temporal_mlp,2027,2,2024-11-28 02:00:00,2024-11-28 03:00:00,2024-11-28,5.45124626159668
2024-11,temporal_mlp,2027,3,2024-11-28 02:00:00,2024-11-28 04:00:00,2024-11-28,5.757327556610107
2024-11,temporal_mlp,2027,6,2024-11-28 02:00:00,2024-11-28 07:00:00,2024-11-28,5.663503646850586
2024-11,temporal_mlp,2027,1,2024-11-28 03:00:00,2024-11-28 03:00:00,2024-11-28,5.583137512207031
2024-11,temporal_mlp,2027,2,2024-11-28 03:00:00,2024-11-28 04:00:00,2024-11-28,5.889334201812744
2024-11,temporal_mlp,2027,3,2024-11-28 03:00:00,2024-11-28 05:00:00,2024-11-28,3.7351505756378174
2024-11,temporal_mlp,2027,6,2024-11-28 03:00:00,2024-11-28 08:00:00,2024-11-28,6.72243070602417
2024-11,temporal_mlp,2027,1,2024-11-28 04:00:00,2024-11-28 04:00:00,2024-11-28,6.054351806640625
2024-11,temporal_mlp,2027,2,2024-11-28 04:00:00,2024-11-28 05:00:00,2024-11-28,3.564391613006592
2024-11,temporal_mlp,2027,3,2024-11-28 04:00:00,2024-11-28 06:00:00,2024-11-28,3.295474052429199
2024-11,temporal_mlp,2027,6,2024-11-28 04:00:00,2024-11-28 09:00:00,2024-11-28,4.076456546783447
2024-11,temporal_mlp,2027,1,2024-11-28 05:00:00,2024-11-28 05:00:00,2024-11-28,3.9753339290618896
2024-11,temporal_mlp,2027,2,2024-11-28 05:00:00,2024-11-28 06:00:00,2024-11-28,2.8208510875701904
2024-11,temporal_mlp,2027,3,2024-11-28 05:00:00,2024-11-28 07:00:00,2024-11-28,4.879807472229004
2024-11,temporal_mlp,2027,6,2024-11-28 05:00:00,2024-11-28 10:00:00,2024-11-28,3.010756492614746
2024-11,temporal_mlp,2027,1,2024-11-28 06:00:00,2024-11-28 06:00:00,2024-11-28,3.001037120819092
2024-11,temporal_mlp,2027,2,2024-11-28 06:00:00,2024-11-28 07:00:00,2024-11-28,4.945220947265625
2024-11,temporal_mlp,2027,3,2024-11-28 06:00:00,2024-11-28 08:00:00,2024-11-28,6.147170543670654
2024-11,temporal_mlp,2027,6,2024-11-28 06:00:00,2024-11-28 11:00:00,2024-11-28,2.8067524433135986
2024-11,temporal_mlp,2027,1,2024-11-28 07:00:00,2024-11-28 07:00:00,2024-11-28,4.398146152496338
2024-11,temporal_mlp,2027,2,2024-11-28 07:00:00,2024-11-28 08:00:00,2024-11-28,5.518309593200684
2024-11,temporal_mlp,2027,3,2024-11-28 07:00:00,2024-11-28 09:00:00,2024-11-28,3.4293317794799805
2024-11,temporal_mlp,2027,6,2024-11-28 07:00:00,2024-11-28 12:00:00,2024-11-28,2.90086030960083
2024-11,temporal_mlp,2027,1,2024-11-28 08:00:00,2024-11-28 08:00:00,2024-11-28,5.171460151672363
2024-11,temporal_mlp,2027,2,2024-11-28 08:00:00,2024-11-28 09:00:00,2024-11-28,3.487929344177246
2024-11,temporal_mlp,2027,3,2024-11-28 08:00:00,2024-11-28 10:00:00,2024-11-28,2.921116828918457
2024-11,temporal_mlp,2027,6,2024-11-28 08:00:00,2024-11-28 13:00:00,2024-11-28,2.610523223876953
2024-11,temporal_mlp,2027,1,2024-11-28 09:00:00,2024-11-28 09:00:00,2024-11-28,3.3524422645568848
2024-11,temporal_mlp,2027,2,2024-11-28 09:00:00,2024-11-28 10:00:00,2024-11-28,2.594407081604004
2024-11,temporal_mlp,2027,3,2024-11-28 09:00:00,2024-11-28 11:00:00,2024-11-28,3.0125958919525146
2024-11,temporal_mlp,2027,6,2024-11-28 09:00:00,2024-11-28 14:00:00,2024-11-28,2.8131675720214844
2024-11,temporal_mlp,2027,1,2024-11-28 10:00:00,2024-11-28 10:00:00,2024-11-28,2.557559013366699
2024-11,temporal_mlp,2027,2,2024-11-28 10:00:00,2024-11-28 11:00:00,2024-11-28,2.592744827270508
2024-11,temporal_mlp,2027,3,2024-11-28 10:00:00,2024-11-28 12:00:00,2024-11-28,2.6560604572296143
2024-11,temporal_mlp,2027,6,2024-11-28 10:00:00,2024-11-28 15:00:00,2024-11-28,2.668043375015259
2024-11,temporal_mlp,2027,1,2024-11-28 11:00:00,2024-11-28 11:00:00,2024-11-28,2.7887234687805176
2024-11,temporal_mlp,2027,2,2024-11-28 11:00:00,2024-11-28 12:00:00,2024-11-28,2.5634026527404785
2024-11,temporal_mlp,2027,3,2024-11-28 11:00:00,2024-11-28 13:00:00,2024-11-28,2.8271055221557617
2024-11,temporal_mlp,2027,6,2024-11-28 11:00:00,2024-11-28 16:00:00,2024-11-28,3.467986583709717
2024-11,temporal_mlp,2027,1,2024-11-28 12:00:00,2024-11-28 12:00:00,2024-11-28,2.5702102184295654
2024-11,temporal_mlp,2027,2,2024-11-28 12:00:00,2024-11-28 13:00:00,2024-11-28,2.5044567584991455
2024-11,temporal_mlp,2027,3,2024-11-28 12:00:00,2024-11-28 14:00:00,2024-11-28,2.6325602531433105
2024-11,temporal_mlp,2027,6,2024-11-28 12:00:00,2024-11-28 17:00:00,2024-11-28,4.9213128089904785
2024-11,temporal_mlp,2027,1,2024-11-28 13:00:00,2024-11-28 13:00:00,2024-11-28,2.549640417098999
2024-11,temporal_mlp,2027,2,2024-11-28 13:00:00,2024-11-28 14:00:00,2024-11-28,2.4731903076171875
2024-11,temporal_mlp,2027,3,2024-11-28 13:00:00,2024-11-28 15:00:00,2024-11-28,2.611417531967163
2024-11,temporal_mlp,2027,6,2024-11-28 13:00:00,2024-11-28 18:00:00,2024-11-28,4.9870405197143555
2024-11,temporal_mlp,2027,1,2024-11-28 14:00:00,2024-11-28 14:00:00,2024-11-28,2.5579710006713867
2024-11,temporal_mlp,2027,2,2024-11-28 14:00:00,2024-11-28 15:00:00,2024-11-28,2.8617165088653564
2024-11,temporal_mlp,2027,3,2024-11-28 14:00:00,2024-11-28 16:00:00,2024-11-28,3.2681407928466797
2024-11,temporal_mlp,2027,6,2024-11-28 14:00:00,2024-11-28 19:00:00,2024-11-28,3.5890297889709473
2024-11,temporal_mlp,2027,1,2024-11-28 15:00:00,2024-11-28 15:00:00,2024-11-28,3.021925449371338
2024-11,temporal_mlp,2027,2,2024-11-28 15:00:00,2024-11-28 16:00:00,2024-11-28,3.030636787414551
2024-11,temporal_mlp,2027,3,2024-11-28 15:00:00,2024-11-28 17:00:00,2024-11-28,4.112098693847656
2024-11,temporal_mlp,2027,6,2024-11-28 15:00:00,2024-11-28 20:00:00,2024-11-28,3.622332811355591
2024-11,temporal_mlp,2027,1,2024-11-28 16:00:00,2024-11-28 16:00:00,2024-11-28,3.3324334621429443
2024-11,temporal_mlp,2027,2,2024-11-28 16:00:00,2024-11-28 17:00:00,2024-11-28,3.9663357734680176
2024-11,temporal_mlp,2027,3,2024-11-28 16:00:00,2024-11-28 18:00:00,2024-11-28,4.817811965942383
2024-11,temporal_mlp,2027,6,2024-11-28 16:00:00,2024-11-28 21:00:00,2024-11-28,4.062783241271973
2024-11,temporal_mlp,2027,1,2024-11-28 17:00:00,2024-11-28 17:00:00,2024-11-28,3.972001075744629
2024-11,temporal_mlp,2027,2,2024-11-28 17:00:00,2024-11-28 18:00:00,2024-11-28,4.593648433685303
2024-11,temporal_mlp,2027,3,2024-11-28 17:00:00,2024-11-28 19:00:00,2024-11-28,3.5894603729248047
2024-11,temporal_mlp,2027,6,2024-11-28 17:00:00,2024-11-28 22:00:00,2024-11-28,3.2981059551239014
2024-11,temporal_mlp,2027,1,2024-11-28 18:00:00,2024-11-28 18:00:00,2024-11-28,4.403802871704102
2024-11,temporal_mlp,2027,2,2024-11-28 18:00:00,2024-11-28 19:00:00,2024-11-28,3.3217225074768066
2024-11,temporal_mlp,2027,3,2024-11-28 18:00:00,2024-11-28 20:00:00,2024-11-28,3.6348729133605957
2024-11,temporal_mlp,2027,6,2024-11-28 18:00:00,2024-11-28 23:00:00,2024-11-28,3.5255367755889893
2024-11,temporal_mlp,2027,1,2024-11-28 19:00:00,2024-11-28 19:00:00,2024-11-28,3.187281608581543
2024-11,temporal_mlp,2027,2,2024-11-28 19:00:00,2024-11-28 20:00:00,2024-11-28,3.592217206954956
2024-11,temporal_mlp,2027,3,2024-11-28 19:00:00,2024-11-28 21:00:00,2024-11-28,3.9793388843536377
2024-11,temporal_mlp,2027,6,2024-11-28 19:00:00,2024-11-29 00:00:00,2024-11-29,4.260741233825684
2024-11,temporal_mlp,2027,1,2024-11-28 20:00:00,2024-11-28 20:00:00,2024-11-28,3.391040325164795
2024-11,temporal_mlp,2027,2,2024-11-28 20:00:00,2024-11-28 21:00:00,2024-11-28,4.193629264831543
2024-11,temporal_mlp,2027,3,2024-11-28 20:00:00,2024-11-28 22:00:00,2024-11-28,3.3726463317871094
2024-11,temporal_mlp,2027,6,2024-11-28 20:00:00,2024-11-29 01:00:00,2024-11-29,4.706150054931641
2024-11,temporal_mlp,2027,1,2024-11-28 21:00:00,2024-11-28 21:00:00,2024-11-28,4.0789690017700195
2024-11,temporal_mlp,2027,2,2024-11-28 21:00:00,2024-11-28 22:00:00,2024-11-28,3.2747998237609863
2024-11,temporal_mlp,2027,3,2024-11-28 21:00:00,2024-11-28 23:00:00,2024-11-28,3.6866440773010254
2024-11,temporal_mlp,2027,6,2024-11-28 21:00:00,2024-11-29 02:00:00,2024-11-29,3.747572898864746
2024-11,temporal_mlp,2027,1,2024-11-28 22:00:00,2024-11-28 22:00:00,2024-11-28,3.3910298347473145
2024-11,temporal_mlp,2027,2,2024-11-28 22:00:00,2024-11-28 23:00:00,2024-11-28,3.6071791648864746
2024-11,temporal_mlp,2027,3,2024-11-28 22:00:00,2024-11-29 00:00:00,2024-11-29,4.5027570724487305
2024-11,temporal_mlp,2027,6,2024-11-28 22:00:00,2024-11-29 03:00:00,2024-11-29,4.801449298858643
2024-11,temporal_mlp,2027,1,2024-11-28 23:00:00,2024-11-28 23:00:00,2024-11-28,3.216330051422119
2024-11,temporal_mlp,2027,2,2024-11-28 23:00:00,2024-11-29 00:00:00,2024-11-29,4.37346076965332
2024-11,temporal_mlp,2027,3,2024-11-28 23:00:00,2024-11-29 01:00:00,2024-11-29,4.668087959289551
2024-11,temporal_mlp,2027,6,2024-11-28 23:00:00,2024-11-29 04:00:00,2024-11-29,5.467343807220459
2024-11,temporal_mlp,2027,1,2024-11-29 00:00:00,2024-11-29 00:00:00,2024-11-29,3.9559507369995117
2024-11,temporal_mlp,2027,2,2024-11-29 00:00:00,2024-11-29 01:00:00,2024-11-29,4.520590782165527
2024-11,temporal_mlp,2027,3,2024-11-29 00:00:00,2024-11-29 02:00:00,2024-11-29,3.874061107635498
2024-11,temporal_mlp,2027,6,2024-11-29 00:00:00,2024-11-29 05:00:00,2024-11-29,5.0086774826049805
2024-11,temporal_mlp,2027,1,2024-11-29 01:00:00,2024-11-29 01:00:00,2024-11-29,4.117500305175781
2024-11,temporal_mlp,2027,2,2024-11-29 01:00:00,2024-11-29 02:00:00,2024-11-29,3.7836382389068604
2024-11,temporal_mlp,2027,3,2024-11-29 01:00:00,2024-11-29 03:00:00,2024-11-29,5.090306282043457
2024-11,temporal_mlp,2027,6,2024-11-29 01:00:00,2024-11-29 06:00:00,2024-11-29,3.110480785369873
2024-11,temporal_mlp,2027,1,2024-11-29 02:00:00,2024-11-29 02:00:00,2024-11-29,3.890451669692993
2024-11,temporal_mlp,2027,2,2024-11-29 02:00:00,2024-11-29 03:00:00,2024-11-29,5.261744499206543
2024-11,temporal_mlp,2027,3,2024-11-29 02:00:00,2024-11-29 04:00:00,2024-11-29,5.246728897094727
2024-11,temporal_mlp,2027,6,2024-11-29 02:00:00,2024-11-29 07:00:00,2024-11-29,5.614721298217773
2024-11,temporal_mlp,2027,1,2024-11-29 03:00:00,2024-11-29 03:00:00,2024-11-29,5.020082950592041
2024-11,temporal_mlp,2027,2,2024-11-29 03:00:00,2024-11-29 04:00:00,2024-11-29,4.933657646179199
2024-11,temporal_mlp,2027,3,2024-11-29 03:00:00,2024-11-29 05:00:00,2024-11-29,4.922036647796631
2024-11,temporal_mlp,2027,6,2024-11-29 03:00:00,2024-11-29 08:00:00,2024-11-29,5.979351043701172
2024-11,temporal_mlp,2027,1,2024-11-29 04:00:00,2024-11-29 04:00:00,2024-11-29,5.38547420501709
2024-11,temporal_mlp,2027,2,2024-11-29 04:00:00,2024-11-29 05:00:00,2024-11-29,4.752635955810547
2024-11,temporal_mlp,2027,3,2024-11-29 04:00:00,2024-11-29 06:00:00,2024-11-29,3.154395818710327
2024-11,temporal_mlp,2027,6,2024-11-29 04:00:00,2024-11-29 09:00:00,2024-11-29,4.464221954345703
2024-11,temporal_mlp,2027,1,2024-11-29 05:00:00,2024-11-29 05:00:00,2024-11-29,5.079634666442871
2024-11,temporal_mlp,2027,2,2024-11-29 05:00:00,2024-11-29 06:00:00,2024-11-29,3.224982500076294
2024-11,temporal_mlp,2027,3,2024-11-29 05:00:00,2024-11-29 07:00:00,2024-11-29,5.081596851348877
2024-11,temporal_mlp,2027,6,2024-11-29 05:00:00,2024-11-29 10:00:00,2024-11-29,3.737122058868408
2024-11,temporal_mlp,2027,1,2024-11-29 06:00:00,2024-11-29 06:00:00,2024-11-29,3.4955878257751465
2024-11,temporal_mlp,2027,2,2024-11-29 06:00:00,2024-11-29 07:00:00,2024-11-29,4.992435455322266
2024-11,temporal_mlp,2027,3,2024-11-29 06:00:00,2024-11-29 08:00:00,2024-11-29,5.352330207824707
2024-11,temporal_mlp,2027,6,2024-11-29 06:00:00,2024-11-29 11:00:00,2024-11-29,3.2634496688842773
2024-11,temporal_mlp,2027,1,2024-11-29 07:00:00,2024-11-29 07:00:00,2024-11-29,4.352088928222656
2024-11,temporal_mlp,2027,2,2024-11-29 07:00:00,2024-11-29 08:00:00,2024-11-29,5.03387451171875
2024-11,temporal_mlp,2027,3,2024-11-29 07:00:00,2024-11-29 09:00:00,2024-11-29,3.955388307571411
2024-11,temporal_mlp,2027,6,2024-11-29 07:00:00,2024-11-29 12:00:00,2024-11-29,2.740200996398926
2024-11,temporal_mlp,2027,1,2024-11-29 08:00:00,2024-11-29 08:00:00,2024-11-29,4.528676986694336
2024-11,temporal_mlp,2027,2,2024-11-29 08:00:00,2024-11-29 09:00:00,2024-11-29,3.70771861076355
2024-11,temporal_mlp,2027,3,2024-11-29 08:00:00,2024-11-29 10:00:00,2024-11-29,3.4540343284606934
2024-11,temporal_mlp,2027,6,2024-11-29 08:00:00,2024-11-29 13:00:00,2024-11-29,3.5052971839904785
2024-11,temporal_mlp,2027,1,2024-11-29 09:00:00,2024-11-29 09:00:00,2024-11-29,3.624113082885742
2024-11,temporal_mlp,2027,2,2024-11-29 09:00:00,2024-11-29 10:00:00,2024-11-29,2.987804412841797
2024-11,temporal_mlp,2027,3,2024-11-29 09:00:00,2024-11-29 11:00:00,2024-11-29,3.266488552093506
2024-11,temporal_mlp,2027,6,2024-11-29 09:00:00,2024-11-29 14:00:00,2024-11-29,3.0236754417419434
2024-11,temporal_mlp,2027,1,2024-11-29 10:00:00,2024-11-29 10:00:00,2024-11-29,3.2011849880218506
2024-11,temporal_mlp,2027,2,2024-11-29 10:00:00,2024-11-29 11:00:00,2024-11-29,2.93277645111084
2024-11,temporal_mlp,2027,3,2024-11-29 10:00:00,2024-11-29 12:00:00,2024-11-29,2.6401894092559814
2024-11,temporal_mlp,2027,6,2024-11-29 10:00:00,2024-11-29 15:00:00,2024-11-29,3.0014796257019043
2024-11,temporal_mlp,2027,1,2024-11-29 11:00:00,2024-11-29 11:00:00,2024-11-29,2.946959972381592
2024-11,temporal_mlp,2027,2,2024-11-29 11:00:00,2024-11-29 12:00:00,2024-11-29,2.2843775749206543
2024-11,temporal_mlp,2027,3,2024-11-29 11:00:00,2024-11-29 13:00:00,2024-11-29,3.5237817764282227
2024-11,temporal_mlp,2027,6,2024-11-29 11:00:00,2024-11-29 16:00:00,2024-11-29,3.116222620010376
2024-11,temporal_mlp,2027,1,2024-11-29 12:00:00,2024-11-29 12:00:00,2024-11-29,2.3261756896972656
2024-11,temporal_mlp,2027,2,2024-11-29 12:00:00,2024-11-29 13:00:00,2024-11-29,2.857128143310547
2024-11,temporal_mlp,2027,3,2024-11-29 12:00:00,2024-11-29 14:00:00,2024-11-29,2.9714765548706055
2024-11,temporal_mlp,2027,6,2024-11-29 12:00:00,2024-11-29 17:00:00,2024-11-29,4.506049156188965
2024-11,temporal_mlp,2027,1,2024-11-29 13:00:00,2024-11-29 13:00:00,2024-11-29,3.0949625968933105
2024-11,temporal_mlp,2027,2,2024-11-29 13:00:00,2024-11-29 14:00:00,2024-11-29,3.305495262145996
2024-11,temporal_mlp,2027,3,2024-11-29 13:00:00,2024-11-29 15:00:00,2024-11-29,2.8295793533325195
2024-11,temporal_mlp,2027,6,2024-11-29 13:00:00,2024-11-29 18:00:00,2024-11-29,5.292389869689941
2024-11,temporal_mlp,2027,1,2024-11-29 14:00:00,2024-11-29 14:00:00,2024-11-29,2.9173381328582764
2024-11,temporal_mlp,2027,2,2024-11-29 14:00:00,2024-11-29 15:00:00,2024-11-29,2.4369874000549316
2024-11,temporal_mlp,2027,3,2024-11-29 14:00:00,2024-11-29 16:00:00,2024-11-29,2.925748825073242
2024-11,temporal_mlp,2027,6,2024-11-29 14:00:00,2024-11-29 19:00:00,2024-11-29,5.385466575622559
2024-11,temporal_mlp,2027,1,2024-11-29 15:00:00,2024-11-29 15:00:00,2024-11-29,2.3280892372131348
2024-11,temporal_mlp,2027,2,2024-11-29 15:00:00,2024-11-29 16:00:00,2024-11-29,2.8528265953063965
2024-11,temporal_mlp,2027,3,2024-11-29 15:00:00,2024-11-29 17:00:00,2024-11-29,4.144990921020508
2024-11,temporal_mlp,2027,6,2024-11-29 15:00:00,2024-11-29 20:00:00,2024-11-29,3.6441292762756348
2024-11,temporal_mlp,2027,1,2024-11-29 16:00:00,2024-11-29 16:00:00,2024-11-29,3.0092320442199707
2024-11,temporal_mlp,2027,2,2024-11-29 16:00:00,2024-11-29 17:00:00,2024-11-29,4.480937957763672
2024-11,temporal_mlp,2027,3,2024-11-29 16:00:00,2024-11-29 18:00:00,2024-11-29,5.266847133636475
2024-11,temporal_mlp,2027,6,2024-11-29 16:00:00,2024-11-29 21:00:00,2024-11-29,2.5587830543518066
2024-11,temporal_mlp,2027,1,2024-11-29 17:00:00,2024-11-29 17:00:00,2024-11-29,3.872962236404419
2024-11,temporal_mlp,2027,2,2024-11-29 17:00:00,2024-11-29 18:00:00,2024-11-29,5.314665794372559
2024-11,temporal_mlp,2027,3,2024-11-29 17:00:00,2024-11-29 19:00:00,2024-11-29,5.096764087677002
2024-11,temporal_mlp,2027,6,2024-11-29 17:00:00,2024-11-29 22:00:00,2024-11-29,3.280303955078125
2024-11,temporal_mlp,2027,1,2024-11-29 18:00:00,2024-11-29 18:00:00,2024-11-29,4.698939323425293
2024-11,temporal_mlp,2027,2,2024-11-29 18:00:00,2024-11-29 19:00:00,2024-11-29,4.719407081604004
2024-11,temporal_mlp,2027,3,2024-11-29 18:00:00,2024-11-29 20:00:00,2024-11-29,3.6440253257751465
2024-11,temporal_mlp,2027,6,2024-11-29 18:00:00,2024-11-29 23:00:00,2024-11-29,3.029808282852173
2024-11,temporal_mlp,2027,1,2024-11-29 19:00:00,2024-11-29 19:00:00,2024-11-29,4.6737260818481445
2024-11,temporal_mlp,2027,2,2024-11-29 19:00:00,2024-11-29 20:00:00,2024-11-29,3.5987982749938965
2024-11,temporal_mlp,2027,3,2024-11-29 19:00:00,2024-11-29 21:00:00,2024-11-29,2.52412486076355
2024-11,temporal_mlp,2027,6,2024-11-29 19:00:00,2024-11-30 00:00:00,2024-11-30,4.316683292388916
2024-11,temporal_mlp,2027,1,2024-11-29 20:00:00,2024-11-29 20:00:00,2024-11-29,3.5224387645721436
2024-11,temporal_mlp,2027,2,2024-11-29 20:00:00,2024-11-29 21:00:00,2024-11-29,2.838871955871582
2024-11,temporal_mlp,2027,3,2024-11-29 20:00:00,2024-11-29 22:00:00,2024-11-29,3.168652057647705
2024-11,temporal_mlp,2027,6,2024-11-29 20:00:00,2024-11-30 01:00:00,2024-11-30,5.023449897766113
2024-11,temporal_mlp,2027,1,2024-11-29 21:00:00,2024-11-29 21:00:00,2024-11-29,2.73089861869812
2024-11,temporal_mlp,2027,2,2024-11-29 21:00:00,2024-11-29 22:00:00,2024-11-29,3.3240151405334473
2024-11,temporal_mlp,2027,3,2024-11-29 21:00:00,2024-11-29 23:00:00,2024-11-29,2.9569218158721924
2024-11,temporal_mlp,2027,6,2024-11-29 21:00:00,2024-11-30 02:00:00,2024-11-30,6.9733476638793945
2024-11,temporal_mlp,2027,1,2024-11-29 22:00:00,2024-11-29 22:00:00,2024-11-29,3.604769468307495
2024-11,temporal_mlp,2027,2,2024-11-29 22:00:00,2024-11-29 23:00:00,2024-11-29,3.1078310012817383
2024-11,temporal_mlp,2027,3,2024-11-29 22:00:00,2024-11-30 00:00:00,2024-11-30,3.8482513427734375
2024-11,temporal_mlp,2027,6,2024-11-29 22:00:00,2024-11-30 03:00:00,2024-11-30,5.394864559173584
2024-11,temporal_mlp,2027,1,2024-11-29 23:00:00,2024-11-29 23:00:00,2024-11-29,3.1463541984558105
2024-11,temporal_mlp,2027,2,2024-11-29 23:00:00,2024-11-30 00:00:00,2024-11-30,4.069490432739258
2024-11,temporal_mlp,2027,3,2024-11-29 23:00:00,2024-11-30 01:00:00,2024-11-30,4.845475196838379
2024-11,temporal_mlp,2027,6,2024-11-29 23:00:00,2024-11-30 04:00:00,2024-11-30,6.878878593444824
2024-11,temporal_mlp,2027,1,2024-11-30 00:00:00,2024-11-30 00:00:00,2024-11-30,4.096795082092285
2024-11,temporal_mlp,2027,2,2024-11-30 00:00:00,2024-11-30 01:00:00,2024-11-30,4.587438583374023
2024-11,temporal_mlp,2027,3,2024-11-30 00:00:00,2024-11-30 02:00:00,2024-11-30,7.030797004699707
2024-11,temporal_mlp,2027,6,2024-11-30 00:00:00,2024-11-30 05:00:00,2024-11-30,3.417249917984009
2024-11,temporal_mlp,2027,1,2024-11-30 01:00:00,2024-11-30 01:00:00,2024-11-30,4.189339637756348
2024-11,temporal_mlp,2027,2,2024-11-30 01:00:00,2024-11-30 02:00:00,2024-11-30,6.713637351989746
2024-11,temporal_mlp,2027,3,2024-11-30 01:00:00,2024-11-30 03:00:00,2024-11-30,4.997042655944824
2024-11,temporal_mlp,2027,6,2024-11-30 01:00:00,2024-11-30 06:00:00,2024-11-30,3.016176462173462
2024-11,temporal_mlp,2027,1,2024-11-30 02:00:00,2024-11-30 02:00:00,2024-11-30,6.266315460205078
2024-11,temporal_mlp,2027,2,2024-11-30 02:00:00,2024-11-30 03:00:00,2024-11-30,4.564992904663086
2024-11,temporal_mlp,2027,3,2024-11-30 02:00:00,2024-11-30 04:00:00,2024-11-30,6.58961296081543
2024-11,temporal_mlp,2027,6,2024-11-30 02:00:00,2024-11-30 07:00:00,2024-11-30,3.3385791778564453
2024-11,temporal_mlp,2027,1,2024-11-30 03:00:00,2024-11-30 03:00:00,2024-11-30,4.545971393585205
2024-11,temporal_mlp,2027,2,2024-11-30 03:00:00,2024-11-30 04:00:00,2024-11-30,6.727643966674805
2024-11,temporal_mlp,2027,3,2024-11-30 03:00:00,2024-11-30 05:00:00,2024-11-30,3.9071707725524902
2024-11,temporal_mlp,2027,6,2024-11-30 03:00:00,2024-11-30 08:00:00,2024-11-30,3.40840482711792
2024-11,temporal_mlp,2027,1,2024-11-30 04:00:00,2024-11-30 04:00:00,2024-11-30,6.987590789794922
2024-11,temporal_mlp,2027,2,2024-11-30 04:00:00,2024-11-30 05:00:00,2024-11-30,3.737952709197998
2024-11,temporal_mlp,2027,3,2024-11-30 04:00:00,2024-11-30 06:00:00,2024-11-30,3.4153971672058105
2024-11,temporal_mlp,2027,6,2024-11-30 04:00:00,2024-11-30 09:00:00,2024-11-30,3.270474910736084
2024-11,temporal_mlp,2027,1,2024-11-30 05:00:00,2024-11-30 05:00:00,2024-11-30,3.4174628257751465
2024-11,temporal_mlp,2027,2,2024-11-30 05:00:00,2024-11-30 06:00:00,2024-11-30,3.124035358428955
2024-11,temporal_mlp,2027,3,2024-11-30 05:00:00,2024-11-30 07:00:00,2024-11-30,3.7945399284362793
2024-11,temporal_mlp,2027,6,2024-11-30 05:00:00,2024-11-30 10:00:00,2024-11-30,3.564398765563965
2024-11,temporal_mlp,2027,1,2024-11-30 06:00:00,2024-11-30 06:00:00,2024-11-30,3.3973824977874756
2024-11,temporal_mlp,2027,2,2024-11-30 06:00:00,2024-11-30 07:00:00,2024-11-30,3.7793023586273193
2024-11,temporal_mlp,2027,3,2024-11-30 06:00:00,2024-11-30 08:00:00,2024-11-30,3.3256030082702637
2024-11,temporal_mlp,2027,6,2024-11-30 06:00:00,2024-11-30 11:00:00,2024-11-30,3.0070228576660156
2024-11,temporal_mlp,2027,1,2024-11-30 07:00:00,2024-11-30 07:00:00,2024-11-30,3.9381911754608154
2024-11,temporal_mlp,2027,2,2024-11-30 07:00:00,2024-11-30 08:00:00,2024-11-30,3.4483299255371094
2024-11,temporal_mlp,2027,3,2024-11-30 07:00:00,2024-11-30 09:00:00,2024-11-30,3.121795177459717
2024-11,temporal_mlp,2027,6,2024-11-30 07:00:00,2024-11-30 12:00:00,2024-11-30,3.44884991645813
2024-11,temporal_mlp,2027,1,2024-11-30 08:00:00,2024-11-30 08:00:00,2024-11-30,3.251976251602173
2024-11,temporal_mlp,2027,2,2024-11-30 08:00:00,2024-11-30 09:00:00,2024-11-30,3.201138496398926
2024-11,temporal_mlp,2027,3,2024-11-30 08:00:00,2024-11-30 10:00:00,2024-11-30,3.272595167160034
2024-11,temporal_mlp,2027,6,2024-11-30 08:00:00,2024-11-30 13:00:00,2024-11-30,4.007056713104248
2024-11,temporal_mlp,2027,1,2024-11-30 09:00:00,2024-11-30 09:00:00,2024-11-30,2.8805718421936035
2024-11,temporal_mlp,2027,2,2024-11-30 09:00:00,2024-11-30 10:00:00,2024-11-30,3.380552291870117
2024-11,temporal_mlp,2027,3,2024-11-30 09:00:00,2024-11-30 11:00:00,2024-11-30,3.2050702571868896
2024-11,temporal_mlp,2027,6,2024-11-30 09:00:00,2024-11-30 14:00:00,2024-11-30,3.5407891273498535
2024-11,temporal_mlp,2027,1,2024-11-30 10:00:00,2024-11-30 10:00:00,2024-11-30,2.6676387786865234
2024-11,temporal_mlp,2027,2,2024-11-30 10:00:00,2024-11-30 11:00:00,2024-11-30,3.0106260776519775
2024-11,temporal_mlp,2027,3,2024-11-30 10:00:00,2024-11-30 12:00:00,2024-11-30,3.4736552238464355
2024-11,temporal_mlp,2027,6,2024-11-30 10:00:00,2024-11-30 15:00:00,2024-11-30,3.642836570739746
2024-11,temporal_mlp,2027,1,2024-11-30 11:00:00,2024-11-30 11:00:00,2024-11-30,2.5942764282226562
2024-11,temporal_mlp,2027,2,2024-11-30 11:00:00,2024-11-30 12:00:00,2024-11-30,3.4781317710876465
2024-11,temporal_mlp,2027,3,2024-11-30 11:00:00,2024-11-30 13:00:00,2024-11-30,4.836576461791992
2024-11,temporal_mlp,2027,6,2024-11-30 11:00:00,2024-11-30 16:00:00,2024-11-30,4.4129252433776855
2024-11,temporal_mlp,2027,1,2024-11-30 12:00:00,2024-11-30 12:00:00,2024-11-30,3.110549211502075
2024-11,temporal_mlp,2027,2,2024-11-30 12:00:00,2024-11-30 13:00:00,2024-11-30,4.349214553833008
2024-11,temporal_mlp,2027,3,2024-11-30 12:00:00,2024-11-30 14:00:00,2024-11-30,3.310912609100342
2024-11,temporal_mlp,2027,6,2024-11-30 12:00:00,2024-11-30 17:00:00,2024-11-30,4.8662614822387695
2024-11,temporal_mlp,2027,1,2024-11-30 13:00:00,2024-11-30 13:00:00,2024-11-30,3.9678237438201904
2024-11,temporal_mlp,2027,2,2024-11-30 13:00:00,2024-11-30 14:00:00,2024-11-30,3.2769341468811035
2024-11,temporal_mlp,2027,3,2024-11-30 13:00:00,2024-11-30 15:00:00,2024-11-30,3.5216574668884277
2024-11,temporal_mlp,2027,6,2024-11-30 13:00:00,2024-11-30 18:00:00,2024-11-30,5.681723117828369
2024-11,temporal_mlp,2027,1,2024-11-30 14:00:00,2024-11-30 14:00:00,2024-11-30,2.757993221282959
2024-11,temporal_mlp,2027,2,2024-11-30 14:00:00,2024-11-30 15:00:00,2024-11-30,3.594977855682373
2024-11,temporal_mlp,2027,3,2024-11-30 14:00:00,2024-11-30 16:00:00,2024-11-30,4.132101535797119
2024-11,temporal_mlp,2027,6,2024-11-30 14:00:00,2024-11-30 19:00:00,2024-11-30,3.124911308288574
2024-11,temporal_mlp,2027,1,2024-11-30 15:00:00,2024-11-30 15:00:00,2024-11-30,3.006913661956787
2024-11,temporal_mlp,2027,2,2024-11-30 15:00:00,2024-11-30 16:00:00,2024-11-30,3.942483901977539
2024-11,temporal_mlp,2027,3,2024-11-30 15:00:00,2024-11-30 17:00:00,2024-11-30,4.612064838409424
2024-11,temporal_mlp,2027,6,2024-11-30 15:00:00,2024-11-30 20:00:00,2024-11-30,3.5335617065429688
2024-11,temporal_mlp,2027,1,2024-11-30 16:00:00,2024-11-30 16:00:00,2024-11-30,3.8269407749176025
2024-11,temporal_mlp,2027,2,2024-11-30 16:00:00,2024-11-30 17:00:00,2024-11-30,4.431885719299316
2024-11,temporal_mlp,2027,3,2024-11-30 16:00:00,2024-11-30 18:00:00,2024-11-30,5.4139509201049805
2024-11,temporal_mlp,2027,6,2024-11-30 16:00:00,2024-11-30 21:00:00,2024-11-30,3.448014259338379
2024-11,temporal_mlp,2027,1,2024-11-30 17:00:00,2024-11-30 17:00:00,2024-11-30,4.257323265075684
2024-11,temporal_mlp,2027,2,2024-11-30 17:00:00,2024-11-30 18:00:00,2024-11-30,5.424741744995117
2024-11,temporal_mlp,2027,3,2024-11-30 17:00:00,2024-11-30 19:00:00,2024-11-30,3.2249183654785156
2024-11,temporal_mlp,2027,6,2024-11-30 17:00:00,2024-11-30 22:00:00,2024-11-30,3.780036449432373
2024-11,dgt_identity_adaptive,2027,1,2024-11-26 12:00:00,2024-11-26 12:00:00,2024-11-26,2.336409091949463
2024-11,dgt_identity_adaptive,2027,2,2024-11-26 12:00:00,2024-11-26 13:00:00,2024-11-26,2.818030834197998
2024-11,dgt_identity_adaptive,2027,3,2024-11-26 12:00:00,2024-11-26 14:00:00,2024-11-26,2.537947654724121
2024-11,dgt_identity_adaptive,2027,6,2024-11-26 12:00:00,2024-11-26 17:00:00,2024-11-26,6.00726842880249
2024-11,dgt_identity_adaptive,2027,1,2024-11-26 13:00:00,2024-11-26 13:00:00,2024-11-26,2.9056265354156494
2024-11,dgt_identity_adaptive,2027,2,2024-11-26 13:00:00,2024-11-26 14:00:00,2024-11-26,2.676969528198242
2024-11,dgt_identity_adaptive,2027,3,2024-11-26 13:00:00,2024-11-26 15:00:00,2024-11-26,3.0756802558898926
2024-11,dgt_identity_adaptive,2027,6,2024-11-26 13:00:00,2024-11-26 18:00:00,2024-11-26,5.87881326675415
2024-11,dgt_identity_adaptive,2027,1,2024-11-26 14:00:00,2024-11-26 14:00:00,2024-11-26,2.5356993675231934
2024-11,dgt_identity_adaptive,2027,2,2024-11-26 14:00:00,2024-11-26 15:00:00,2024-11-26,2.876666784286499
2024-11,dgt_identity_adaptive,2027,3,2024-11-26 14:00:00,2024-11-26 16:00:00,2024-11-26,3.6444385051727295
2024-11,dgt_identity_adaptive,2027,6,2024-11-26 14:00:00,2024-11-26 19:00:00,2024-11-26,3.575416326522827
2024-11,dgt_identity_adaptive,2027,1,2024-11-26 15:00:00,2024-11-26 15:00:00,2024-11-26,2.7091612815856934
2024-11,dgt_identity_adaptive,2027,2,2024-11-26 15:00:00,2024-11-26 16:00:00,2024-11-26,3.5607755184173584
2024-11,dgt_identity_adaptive,2027,3,2024-11-26 15:00:00,2024-11-26 17:00:00,2024-11-26,5.448517799377441
2024-11,dgt_identity_adaptive,2027,6,2024-11-26 15:00:00,2024-11-26 20:00:00,2024-11-26,3.442355155944824
2024-11,dgt_identity_adaptive,2027,1,2024-11-26 16:00:00,2024-11-26 16:00:00,2024-11-26,3.33180832862854
2024-11,dgt_identity_adaptive,2027,2,2024-11-26 16:00:00,2024-11-26 17:00:00,2024-11-26,5.155067443847656
2024-11,dgt_identity_adaptive,2027,3,2024-11-26 16:00:00,2024-11-26 18:00:00,2024-11-26,5.929305076599121
2024-11,dgt_identity_adaptive,2027,6,2024-11-26 16:00:00,2024-11-26 21:00:00,2024-11-26,5.636163711547852
2024-11,dgt_identity_adaptive,2027,1,2024-11-26 17:00:00,2024-11-26 17:00:00,2024-11-26,4.947295188903809
2024-11,dgt_identity_adaptive,2027,2,2024-11-26 17:00:00,2024-11-26 18:00:00,2024-11-26,5.919950485229492
2024-11,dgt_identity_adaptive,2027,3,2024-11-26 17:00:00,2024-11-26 19:00:00,2024-11-26,4.0785017013549805
2024-11,dgt_identity_adaptive,2027,6,2024-11-26 17:00:00,2024-11-26 22:00:00,2024-11-26,4.97096061706543
2024-11,dgt_identity_adaptive,2027,1,2024-11-26 18:00:00,2024-11-26 18:00:00,2024-11-26,4.716197967529297
2024-11,dgt_identity_adaptive,2027,2,2024-11-26 18:00:00,2024-11-26 19:00:00,2024-11-26,4.116065979003906
2024-11,dgt_identity_adaptive,2027,3,2024-11-26 18:00:00,2024-11-26 20:00:00,2024-11-26,3.7673540115356445
2024-11,dgt_identity_adaptive,2027,6,2024-11-26 18:00:00,2024-11-26 23:00:00,2024-11-26,4.6548895835876465
2024-11,dgt_identity_adaptive,2027,1,2024-11-26 19:00:00,2024-11-26 19:00:00,2024-11-26,2.792288064956665
2024-11,dgt_identity_adaptive,2027,2,2024-11-26 19:00:00,2024-11-26 20:00:00,2024-11-26,3.7680702209472656
2024-11,dgt_identity_adaptive,2027,3,2024-11-26 19:00:00,2024-11-26 21:00:00,2024-11-26,4.93013858795166
2024-11,dgt_identity_adaptive,2027,6,2024-11-26 19:00:00,2024-11-27 00:00:00,2024-11-27,4.214690208435059
2024-11,dgt_identity_adaptive,2027,1,2024-11-26 20:00:00,2024-11-26 20:00:00,2024-11-26,3.2796928882598877
2024-11,dgt_identity_adaptive,2027,2,2024-11-26 20:00:00,2024-11-26 21:00:00,2024-11-26,5.31154727935791
2024-11,dgt_identity_adaptive,2027,3,2024-11-26 20:00:00,2024-11-26 22:00:00,2024-11-26,4.850042819976807
2024-11,dgt_identity_adaptive,2027,6,2024-11-26 20:00:00,2024-11-27 01:00:00,2024-11-27,5.413435459136963
2024-11,dgt_identity_adaptive,2027,1,2024-11-26 21:00:00,2024-11-26 21:00:00,2024-11-26,4.393017768859863
2024-11,dgt_identity_adaptive,2027,2,2024-11-26 21:00:00,2024-11-26 22:00:00,2024-11-26,4.964683532714844
2024-11,dgt_identity_adaptive,2027,3,2024-11-26 21:00:00,2024-11-26 23:00:00,2024-11-26,4.505222320556641
2024-11,dgt_identity_adaptive,2027,6,2024-11-26 21:00:00,2024-11-27 02:00:00,2024-11-27,4.828205108642578
2024-11,dgt_identity_adaptive,2027,1,2024-11-26 22:00:00,2024-11-26 22:00:00,2024-11-26,4.598475456237793
2024-11,dgt_identity_adaptive,2027,2,2024-11-26 22:00:00,2024-11-26 23:00:00,2024-11-26,4.2044501304626465
2024-11,dgt_identity_adaptive,2027,3,2024-11-26 22:00:00,2024-11-27 00:00:00,2024-11-27,4.304475784301758
2024-11,dgt_identity_adaptive,2027,6,2024-11-26 22:00:00,2024-11-27 03:00:00,2024-11-27,5.718944549560547
2024-11,dgt_identity_adaptive,2027,1,2024-11-26 23:00:00,2024-11-26 23:00:00,2024-11-26,4.038652420043945
2024-11,dgt_identity_adaptive,2027,2,2024-11-26 23:00:00,2024-11-27 00:00:00,2024-11-27,4.062730312347412
2024-11,dgt_identity_adaptive,2027,3,2024-11-26 23:00:00,2024-11-27 01:00:00,2024-11-27,5.05316686630249
2024-11,dgt_identity_adaptive,2027,6,2024-11-26 23:00:00,2024-11-27 04:00:00,2024-11-27,6.942086219787598
2024-11,dgt_identity_adaptive,2027,1,2024-11-27 00:00:00,2024-11-27 00:00:00,2024-11-27,4.658992767333984
2024-11,dgt_identity_adaptive,2027,2,2024-11-27 00:00:00,2024-11-27 01:00:00,2024-11-27,4.880804061889648
2024-11,dgt_identity_adaptive,2027,3,2024-11-27 00:00:00,2024-11-27 02:00:00,2024-11-27,4.7264604568481445
2024-11,dgt_identity_adaptive,2027,6,2024-11-27 00:00:00,2024-11-27 05:00:00,2024-11-27,4.040762424468994
2024-11,dgt_identity_adaptive,2027,1,2024-11-27 01:00:00,2024-11-27 01:00:00,2024-11-27,4.863800525665283
2024-11,dgt_identity_adaptive,2027,2,2024-11-27 01:00:00,2024-11-27 02:00:00,2024-11-27,4.685676574707031
2024-11,dgt_identity_adaptive,2027,3,2024-11-27 01:00:00,2024-11-27 03:00:00,2024-11-27,5.410241603851318
2024-11,dgt_identity_adaptive,2027,6,2024-11-27 01:00:00,2024-11-27 06:00:00,2024-11-27,3.360072135925293
2024-11,dgt_identity_adaptive,2027,1,2024-11-27 02:00:00,2024-11-27 02:00:00,2024-11-27,4.733771800994873
2024-11,dgt_identity_adaptive,2027,2,2024-11-27 02:00:00,2024-11-27 03:00:00,2024-11-27,5.548112869262695
2024-11,dgt_identity_adaptive,2027,3,2024-11-27 02:00:00,2024-11-27 04:00:00,2024-11-27,6.867990970611572
2024-11,dgt_identity_adaptive,2027,6,2024-11-27 02:00:00,2024-11-27 07:00:00,2024-11-27,4.601987838745117
2024-11,dgt_identity_adaptive,2027,1,2024-11-27 03:00:00,2024-11-27 03:00:00,2024-11-27,5.1747145652771
2024-11,dgt_identity_adaptive,2027,2,2024-11-27 03:00:00,2024-11-27 04:00:00,2024-11-27,6.951098442077637
2024-11,dgt_identity_adaptive,2027,3,2024-11-27 03:00:00,2024-11-27 05:00:00,2024-11-27,4.00461483001709
2024-11,dgt_identity_adaptive,2027,6,2024-11-27 03:00:00,2024-11-27 08:00:00,2024-11-27,4.696237087249756
2024-11,dgt_identity_adaptive,2027,1,2024-11-27 04:00:00,2024-11-27 04:00:00,2024-11-27,7.138393402099609
2024-11,dgt_identity_adaptive,2027,2,2024-11-27 04:00:00,2024-11-27 05:00:00,2024-11-27,3.936798095703125
2024-11,dgt_identity_adaptive,2027,3,2024-11-27 04:00:00,2024-11-27 06:00:00,2024-11-27,2.912245273590088
2024-11,dgt_identity_adaptive,2027,6,2024-11-27 04:00:00,2024-11-27 09:00:00,2024-11-27,3.4851512908935547
2024-11,dgt_identity_adaptive,2027,1,2024-11-27 05:00:00,2024-11-27 05:00:00,2024-11-27,3.9090514183044434
2024-11,dgt_identity_adaptive,2027,2,2024-11-27 05:00:00,2024-11-27 06:00:00,2024-11-27,3.427656412124634
2024-11,dgt_identity_adaptive,2027,3,2024-11-27 05:00:00,2024-11-27 07:00:00,2024-11-27,3.6758956909179688
2024-11,dgt_identity_adaptive,2027,6,2024-11-27 05:00:00,2024-11-27 10:00:00,2024-11-27,2.178438663482666
2024-11,dgt_identity_adaptive,2027,1,2024-11-27 06:00:00,2024-11-27 06:00:00,2024-11-27,3.637331962585449
2024-11,dgt_identity_adaptive,2027,2,2024-11-27 06:00:00,2024-11-27 07:00:00,2024-11-27,3.1617746353149414
2024-11,dgt_identity_adaptive,2027,3,2024-11-27 06:00:00,2024-11-27 08:00:00,2024-11-27,3.7312815189361572
2024-11,dgt_identity_adaptive,2027,6,2024-11-27 06:00:00,2024-11-27 11:00:00,2024-11-27,2.5693106651306152
2024-11,dgt_identity_adaptive,2027,1,2024-11-27 07:00:00,2024-11-27 07:00:00,2024-11-27,3.5251717567443848
2024-11,dgt_identity_adaptive,2027,2,2024-11-27 07:00:00,2024-11-27 08:00:00,2024-11-27,3.3492980003356934
2024-11,dgt_identity_adaptive,2027,3,2024-11-27 07:00:00,2024-11-27 09:00:00,2024-11-27,2.59631085395813
2024-11,dgt_identity_adaptive,2027,6,2024-11-27 07:00:00,2024-11-27 12:00:00,2024-11-27,3.266714572906494
2024-11,dgt_identity_adaptive,2027,1,2024-11-27 08:00:00,2024-11-27 08:00:00,2024-11-27,3.361100196838379
2024-11,dgt_identity_adaptive,2027,2,2024-11-27 08:00:00,2024-11-27 09:00:00,2024-11-27,2.5390477180480957
2024-11,dgt_identity_adaptive,2027,3,2024-11-27 08:00:00,2024-11-27 10:00:00,2024-11-27,1.8701530694961548
2024-11,dgt_identity_adaptive,2027,6,2024-11-27 08:00:00,2024-11-27 13:00:00,2024-11-27,3.452242612838745
2024-11,dgt_identity_adaptive,2027,1,2024-11-27 09:00:00,2024-11-27 09:00:00,2024-11-27,2.3481714725494385
2024-11,dgt_identity_adaptive,2027,2,2024-11-27 09:00:00,2024-11-27 10:00:00,2024-11-27,2.478304147720337
2024-11,dgt_identity_adaptive,2027,3,2024-11-27 09:00:00,2024-11-27 11:00:00,2024-11-27,2.923893451690674
2024-11,dgt_identity_adaptive,2027,6,2024-11-27 09:00:00,2024-11-27 14:00:00,2024-11-27,3.8609256744384766
2024-11,dgt_identity_adaptive,2027,1,2024-11-27 10:00:00,2024-11-27 10:00:00,2024-11-27,2.1249756813049316
2024-11,dgt_identity_adaptive,2027,2,2024-11-27 10:00:00,2024-11-27 11:00:00,2024-11-27,2.9971604347229004
2024-11,dgt_identity_adaptive,2027,3,2024-11-27 10:00:00,2024-11-27 12:00:00,2024-11-27,3.3524985313415527
2024-11,dgt_identity_adaptive,2027,6,2024-11-27 10:00:00,2024-11-27 15:00:00,2024-11-27,4.066743850708008
2024-11,dgt_identity_adaptive,2027,1,2024-11-27 11:00:00,2024-11-27 11:00:00,2024-11-27,2.6153018474578857
2024-11,dgt_identity_adaptive,2027,2,2024-11-27 11:00:00,2024-11-27 12:00:00,2024-11-27,2.8891384601593018
2024-11,dgt_identity_adaptive,2027,3,2024-11-27 11:00:00,2024-11-27 13:00:00,2024-11-27,3.2865920066833496
2024-11,dgt_identity_adaptive,2027,6,2024-11-27 11:00:00,2024-11-27 16:00:00,2024-11-27,4.410726547241211
2024-11,dgt_identity_adaptive,2027,1,2024-11-27 12:00:00,2024-11-27 12:00:00,2024-11-27,2.518744945526123
2024-11,dgt_identity_adaptive,2027,2,2024-11-27 12:00:00,2024-11-27 13:00:00,2024-11-27,2.9431095123291016
2024-11,dgt_identity_adaptive,2027,3,2024-11-27 12:00:00,2024-11-27 14:00:00,2024-11-27,3.5643560886383057
2024-11,dgt_identity_adaptive,2027,6,2024-11-27 12:00:00,2024-11-27 17:00:00,2024-11-27,5.096911430358887
2024-11,dgt_identity_adaptive,2027,1,2024-11-27 13:00:00,2024-11-27 13:00:00,2024-11-27,2.5175020694732666
2024-11,dgt_identity_adaptive,2027,2,2024-11-27 13:00:00,2024-11-27 14:00:00,2024-11-27,3.074740409851074
2024-11,dgt_identity_adaptive,2027,3,2024-11-27 13:00:00,2024-11-27 15:00:00,2024-11-27,3.9161698818206787
2024-11,dgt_identity_adaptive,2027,6,2024-11-27 13:00:00,2024-11-27 18:00:00,2024-11-27,5.303246974945068
2024-11,dgt_identity_adaptive,2027,1,2024-11-27 14:00:00,2024-11-27 14:00:00,2024-11-27,2.964012622833252
2024-11,dgt_identity_adaptive,2027,2,2024-11-27 14:00:00,2024-11-27 15:00:00,2024-11-27,3.3921570777893066
2024-11,dgt_identity_adaptive,2027,3,2024-11-27 14:00:00,2024-11-27 16:00:00,2024-11-27,4.203184127807617
2024-11,dgt_identity_adaptive,2027,6,2024-11-27 14:00:00,2024-11-27 19:00:00,2024-11-27,3.8241419792175293
2024-11,dgt_identity_adaptive,2027,1,2024-11-27 15:00:00,2024-11-27 15:00:00,2024-11-27,3.3597054481506348
2024-11,dgt_identity_adaptive,2027,2,2024-11-27 15:00:00,2024-11-27 16:00:00,2024-11-27,3.630613327026367
2024-11,dgt_identity_adaptive,2027,3,2024-11-27 15:00:00,2024-11-27 17:00:00,2024-11-27,4.410722255706787
2024-11,dgt_identity_adaptive,2027,6,2024-11-27 15:00:00,2024-11-27 20:00:00,2024-11-27,3.6711649894714355
2024-11,dgt_identity_adaptive,2027,1,2024-11-27 16:00:00,2024-11-27 16:00:00,2024-11-27,3.710270404815674
2024-11,dgt_identity_adaptive,2027,2,2024-11-27 16:00:00,2024-11-27 17:00:00,2024-11-27,4.595298767089844
2024-11,dgt_identity_adaptive,2027,3,2024-11-27 16:00:00,2024-11-27 18:00:00,2024-11-27,4.6214399337768555
2024-11,dgt_identity_adaptive,2027,6,2024-11-27 16:00:00,2024-11-27 21:00:00,2024-11-27,5.154747009277344
2024-11,dgt_identity_adaptive,2027,1,2024-11-27 17:00:00,2024-11-27 17:00:00,2024-11-27,4.232023239135742
2024-11,dgt_identity_adaptive,2027,2,2024-11-27 17:00:00,2024-11-27 18:00:00,2024-11-27,4.720020294189453
2024-11,dgt_identity_adaptive,2027,3,2024-11-27 17:00:00,2024-11-27 19:00:00,2024-11-27,3.377354621887207
2024-11,dgt_identity_adaptive,2027,6,2024-11-27 17:00:00,2024-11-27 22:00:00,2024-11-27,5.484477996826172
2024-11,dgt_identity_adaptive,2027,1,2024-11-27 18:00:00,2024-11-27 18:00:00,2024-11-27,3.998415470123291
2024-11,dgt_identity_adaptive,2027,2,2024-11-27 18:00:00,2024-11-27 19:00:00,2024-11-27,4.069032669067383
2024-11,dgt_identity_adaptive,2027,3,2024-11-27 18:00:00,2024-11-27 20:00:00,2024-11-27,3.952218770980835
2024-11,dgt_identity_adaptive,2027,6,2024-11-27 18:00:00,2024-11-27 23:00:00,2024-11-27,4.397678375244141
2024-11,dgt_identity_adaptive,2027,1,2024-11-27 19:00:00,2024-11-27 19:00:00,2024-11-27,2.6875314712524414
2024-11,dgt_identity_adaptive,2027,2,2024-11-27 19:00:00,2024-11-27 20:00:00,2024-11-27,3.6182913780212402
2024-11,dgt_identity_adaptive,2027,3,2024-11-27 19:00:00,2024-11-27 21:00:00,2024-11-27,4.638401985168457
2024-11,dgt_identity_adaptive,2027,6,2024-11-27 19:00:00,2024-11-28 00:00:00,2024-11-28,3.774524211883545
2024-11,dgt_identity_adaptive,2027,1,2024-11-27 20:00:00,2024-11-27 20:00:00,2024-11-27,3.038032293319702
2024-11,dgt_identity_adaptive,2027,2,2024-11-27 20:00:00,2024-11-27 21:00:00,2024-11-27,4.347442626953125
2024-11,dgt_identity_adaptive,2027,3,2024-11-27 20:00:00,2024-11-27 22:00:00,2024-11-27,3.911421298980713
2024-11,dgt_identity_adaptive,2027,6,2024-11-27 20:00:00,2024-11-28 01:00:00,2024-11-28,5.691956520080566
2024-11,dgt_identity_adaptive,2027,1,2024-11-27 21:00:00,2024-11-27 21:00:00,2024-11-27,3.6962900161743164
2024-11,dgt_identity_adaptive,2027,2,2024-11-27 21:00:00,2024-11-27 22:00:00,2024-11-27,4.864913463592529
2024-11,dgt_identity_adaptive,2027,3,2024-11-27 21:00:00,2024-11-27 23:00:00,2024-11-27,4.018223285675049
2024-11,dgt_identity_adaptive,2027,6,2024-11-27 21:00:00,2024-11-28 02:00:00,2024-11-28,5.117214679718018
2024-11,dgt_identity_adaptive,2027,1,2024-11-27 22:00:00,2024-11-27 22:00:00,2024-11-27,3.9409918785095215
2024-11,dgt_identity_adaptive,2027,2,2024-11-27 22:00:00,2024-11-27 23:00:00,2024-11-27,3.653954267501831
2024-11,dgt_identity_adaptive,2027,3,2024-11-27 22:00:00,2024-11-28 00:00:00,2024-11-28,3.6622555255889893
2024-11,dgt_identity_adaptive,2027,6,2024-11-27 22:00:00,2024-11-28 03:00:00,2024-11-28,6.571343421936035
2024-11,dgt_identity_adaptive,2027,1,2024-11-27 23:00:00,2024-11-27 23:00:00,2024-11-27,3.8148555755615234
2024-11,dgt_identity_adaptive,2027,2,2024-11-27 23:00:00,2024-11-28 00:00:00,2024-11-28,3.281252384185791
2024-11,dgt_identity_adaptive,2027,3,2024-11-27 23:00:00,2024-11-28 01:00:00,2024-11-28,4.8734846115112305
2024-11,dgt_identity_adaptive,2027,6,2024-11-27 23:00:00,2024-11-28 04:00:00,2024-11-28,5.956029891967773
2024-11,dgt_identity_adaptive,2027,1,2024-11-28 00:00:00,2024-11-28 00:00:00,2024-11-28,2.9885125160217285
2024-11,dgt_identity_adaptive,2027,2,2024-11-28 00:00:00,2024-11-28 01:00:00,2024-11-28,4.580216407775879
2024-11,dgt_identity_adaptive,2027,3,2024-11-28 00:00:00,2024-11-28 02:00:00,2024-11-28,4.100835800170898
2024-11,dgt_identity_adaptive,2027,6,2024-11-28 00:00:00,2024-11-28 05:00:00,2024-11-28,3.9238834381103516
2024-11,dgt_identity_adaptive,2027,1,2024-11-28 01:00:00,2024-11-28 01:00:00,2024-11-28,4.433160305023193
2024-11,dgt_identity_adaptive,2027,2,2024-11-28 01:00:00,2024-11-28 02:00:00,2024-11-28,4.639862060546875
2024-11,dgt_identity_adaptive,2027,3,2024-11-28 01:00:00,2024-11-28 03:00:00,2024-11-28,6.331657886505127
2024-11,dgt_identity_adaptive,2027,6,2024-11-28 01:00:00,2024-11-28 06:00:00,2024-11-28,3.2052249908447266
2024-11,dgt_identity_adaptive,2027,1,2024-11-28 02:00:00,2024-11-28 02:00:00,2024-11-28,4.438283920288086
2024-11,dgt_identity_adaptive,2027,2,2024-11-28 02:00:00,2024-11-28 03:00:00,2024-11-28,5.695799827575684
2024-11,dgt_identity_adaptive,2027,3,2024-11-28 02:00:00,2024-11-28 04:00:00,2024-11-28,5.580287456512451
2024-11,dgt_identity_adaptive,2027,6,2024-11-28 02:00:00,2024-11-28 07:00:00,2024-11-28,5.666828155517578
2024-11,dgt_identity_adaptive,2027,1,2024-11-28 03:00:00,2024-11-28 03:00:00,2024-11-28,5.622526168823242
2024-11,dgt_identity_adaptive,2027,2,2024-11-28 03:00:00,2024-11-28 04:00:00,2024-11-28,5.99876594543457
2024-11,dgt_identity_adaptive,2027,3,2024-11-28 03:00:00,2024-11-28 05:00:00,2024-11-28,3.6698050498962402
2024-11,dgt_identity_adaptive,2027,6,2024-11-28 03:00:00,2024-11-28 08:00:00,2024-11-28,6.612779140472412
2024-11,dgt_identity_adaptive,2027,1,2024-11-28 04:00:00,2024-11-28 04:00:00,2024-11-28,6.278691291809082
2024-11,dgt_identity_adaptive,2027,2,2024-11-28 04:00:00,2024-11-28 05:00:00,2024-11-28,3.6332178115844727
2024-11,dgt_identity_adaptive,2027,3,2024-11-28 04:00:00,2024-11-28 06:00:00,2024-11-28,3.6485767364501953
2024-11,dgt_identity_adaptive,2027,6,2024-11-28 04:00:00,2024-11-28 09:00:00,2024-11-28,4.2800188064575195
2024-11,dgt_identity_adaptive,2027,1,2024-11-28 05:00:00,2024-11-28 05:00:00,2024-11-28,3.6268351078033447
2024-11,dgt_identity_adaptive,2027,2,2024-11-28 05:00:00,2024-11-28 06:00:00,2024-11-28,3.0476396083831787
2024-11,dgt_identity_adaptive,2027,3,2024-11-28 05:00:00,2024-11-28 07:00:00,2024-11-28,4.968896865844727
2024-11,dgt_identity_adaptive,2027,6,2024-11-28 05:00:00,2024-11-28 10:00:00,2024-11-28,2.7622745037078857
2024-11,dgt_identity_adaptive,2027,1,2024-11-28 06:00:00,2024-11-28 06:00:00,2024-11-28,2.926909923553467
2024-11,dgt_identity_adaptive,2027,2,2024-11-28 06:00:00,2024-11-28 07:00:00,2024-11-28,4.580502986907959
2024-11,dgt_identity_adaptive,2027,3,2024-11-28 06:00:00,2024-11-28 08:00:00,2024-11-28,5.549378871917725
2024-11,dgt_identity_adaptive,2027,6,2024-11-28 06:00:00,2024-11-28 11:00:00,2024-11-28,2.869473695755005
2024-11,dgt_identity_adaptive,2027,1,2024-11-28 07:00:00,2024-11-28 07:00:00,2024-11-28,4.725224494934082
2024-11,dgt_identity_adaptive,2027,2,2024-11-28 07:00:00,2024-11-28 08:00:00,2024-11-28,4.699646949768066
2024-11,dgt_identity_adaptive,2027,3,2024-11-28 07:00:00,2024-11-28 09:00:00,2024-11-28,2.980550765991211
2024-11,dgt_identity_adaptive,2027,6,2024-11-28 07:00:00,2024-11-28 12:00:00,2024-11-28,3.168142795562744
2024-11,dgt_identity_adaptive,2027,1,2024-11-28 08:00:00,2024-11-28 08:00:00,2024-11-28,4.559902191162109
2024-11,dgt_identity_adaptive,2027,2,2024-11-28 08:00:00,2024-11-28 09:00:00,2024-11-28,3.5157337188720703
2024-11,dgt_identity_adaptive,2027,3,2024-11-28 08:00:00,2024-11-28 10:00:00,2024-11-28,2.9101009368896484
2024-11,dgt_identity_adaptive,2027,6,2024-11-28 08:00:00,2024-11-28 13:00:00,2024-11-28,3.227585554122925
2024-11,dgt_identity_adaptive,2027,1,2024-11-28 09:00:00,2024-11-28 09:00:00,2024-11-28,3.369081497192383
2024-11,dgt_identity_adaptive,2027,2,2024-11-28 09:00:00,2024-11-28 10:00:00,2024-11-28,3.4980084896087646
2024-11,dgt_identity_adaptive,2027,3,2024-11-28 09:00:00,2024-11-28 11:00:00,2024-11-28,3.3654775619506836
2024-11,dgt_identity_adaptive,2027,6,2024-11-28 09:00:00,2024-11-28 14:00:00,2024-11-28,3.1554157733917236
2024-11,dgt_identity_adaptive,2027,1,2024-11-28 10:00:00,2024-11-28 10:00:00,2024-11-28,2.8902266025543213
2024-11,dgt_identity_adaptive,2027,2,2024-11-28 10:00:00,2024-11-28 11:00:00,2024-11-28,3.088820219039917
2024-11,dgt_identity_adaptive,2027,3,2024-11-28 10:00:00,2024-11-28 12:00:00,2024-11-28,3.227451801300049
2024-11,dgt_identity_adaptive,2027,6,2024-11-28 10:00:00,2024-11-28 15:00:00,2024-11-28,2.940809965133667
2024-11,dgt_identity_adaptive,2027,1,2024-11-28 11:00:00,2024-11-28 11:00:00,2024-11-28,2.9076144695281982
2024-11,dgt_identity_adaptive,2027,2,2024-11-28 11:00:00,2024-11-28 12:00:00,2024-11-28,2.8297009468078613
2024-11,dgt_identity_adaptive,2027,3,2024-11-28 11:00:00,2024-11-28 13:00:00,2024-11-28,3.4760489463806152
2024-11,dgt_identity_adaptive,2027,6,2024-11-28 11:00:00,2024-11-28 16:00:00,2024-11-28,4.028421401977539
2024-11,dgt_identity_adaptive,2027,1,2024-11-28 12:00:00,2024-11-28 12:00:00,2024-11-28,2.7020790576934814
2024-11,dgt_identity_adaptive,2027,2,2024-11-28 12:00:00,2024-11-28 13:00:00,2024-11-28,2.4536828994750977
2024-11,dgt_identity_adaptive,2027,3,2024-11-28 12:00:00,2024-11-28 14:00:00,2024-11-28,3.611703395843506
2024-11,dgt_identity_adaptive,2027,6,2024-11-28 12:00:00,2024-11-28 17:00:00,2024-11-28,5.360487937927246
2024-11,dgt_identity_adaptive,2027,1,2024-11-28 13:00:00,2024-11-28 13:00:00,2024-11-28,2.700650453567505
2024-11,dgt_identity_adaptive,2027,2,2024-11-28 13:00:00,2024-11-28 14:00:00,2024-11-28,2.5092408657073975
2024-11,dgt_identity_adaptive,2027,3,2024-11-28 13:00:00,2024-11-28 15:00:00,2024-11-28,3.0524349212646484
2024-11,dgt_identity_adaptive,2027,6,2024-11-28 13:00:00,2024-11-28 18:00:00,2024-11-28,5.87559700012207
2024-11,dgt_identity_adaptive,2027,1,2024-11-28 14:00:00,2024-11-28 14:00:00,2024-11-28,2.656684398651123
2024-11,dgt_identity_adaptive,2027,2,2024-11-28 14:00:00,2024-11-28 15:00:00,2024-11-28,2.4721570014953613
2024-11,dgt_identity_adaptive,2027,3,2024-11-28 14:00:00,2024-11-28 16:00:00,2024-11-28,3.510747194290161
2024-11,dgt_identity_adaptive,2027,6,2024-11-28 14:00:00,2024-11-28 19:00:00,2024-11-28,3.8188700675964355
2024-11,dgt_identity_adaptive,2027,1,2024-11-28 15:00:00,2024-11-28 15:00:00,2024-11-28,2.5795047283172607
2024-11,dgt_identity_adaptive,2027,2,2024-11-28 15:00:00,2024-11-28 16:00:00,2024-11-28,3.103642463684082
2024-11,dgt_identity_adaptive,2027,3,2024-11-28 15:00:00,2024-11-28 17:00:00,2024-11-28,4.441928863525391
2024-11,dgt_identity_adaptive,2027,6,2024-11-28 15:00:00,2024-11-28 20:00:00,2024-11-28,3.6781582832336426
2024-11,dgt_identity_adaptive,2027,1,2024-11-28 16:00:00,2024-11-28 16:00:00,2024-11-28,3.1721034049987793
2024-11,dgt_identity_adaptive,2027,2,2024-11-28 16:00:00,2024-11-28 17:00:00,2024-11-28,4.074631690979004
2024-11,dgt_identity_adaptive,2027,3,2024-11-28 16:00:00,2024-11-28 18:00:00,2024-11-28,4.822062015533447
2024-11,dgt_identity_adaptive,2027,6,2024-11-28 16:00:00,2024-11-28 21:00:00,2024-11-28,4.876077651977539
2024-11,dgt_identity_adaptive,2027,1,2024-11-28 17:00:00,2024-11-28 17:00:00,2024-11-28,4.04121208190918
2024-11,dgt_identity_adaptive,2027,2,2024-11-28 17:00:00,2024-11-28 18:00:00,2024-11-28,5.258973121643066
2024-11,dgt_identity_adaptive,2027,3,2024-11-28 17:00:00,2024-11-28 19:00:00,2024-11-28,3.3538599014282227
2024-11,dgt_identity_adaptive,2027,6,2024-11-28 17:00:00,2024-11-28 22:00:00,2024-11-28,4.299513816833496
2024-11,dgt_identity_adaptive,2027,1,2024-11-28 18:00:00,2024-11-28 18:00:00,2024-11-28,4.825930595397949
2024-11,dgt_identity_adaptive,2027,2,2024-11-28 18:00:00,2024-11-28 19:00:00,2024-11-28,3.7188172340393066
2024-11,dgt_identity_adaptive,2027,3,2024-11-28 18:00:00,2024-11-28 20:00:00,2024-11-28,3.7976956367492676
2024-11,dgt_identity_adaptive,2027,6,2024-11-28 18:00:00,2024-11-28 23:00:00,2024-11-28,4.30487585067749
2024-11,dgt_identity_adaptive,2027,1,2024-11-28 19:00:00,2024-11-28 19:00:00,2024-11-28,3.0846550464630127
2024-11,dgt_identity_adaptive,2027,2,2024-11-28 19:00:00,2024-11-28 20:00:00,2024-11-28,3.607403516769409
2024-11,dgt_identity_adaptive,2027,3,2024-11-28 19:00:00,2024-11-28 21:00:00,2024-11-28,4.362063407897949
2024-11,dgt_identity_adaptive,2027,6,2024-11-28 19:00:00,2024-11-29 00:00:00,2024-11-29,4.471500873565674
2024-11,dgt_identity_adaptive,2027,1,2024-11-28 20:00:00,2024-11-28 20:00:00,2024-11-28,3.9070959091186523
2024-11,dgt_identity_adaptive,2027,2,2024-11-28 20:00:00,2024-11-28 21:00:00,2024-11-28,3.967491626739502
2024-11,dgt_identity_adaptive,2027,3,2024-11-28 20:00:00,2024-11-28 22:00:00,2024-11-28,3.207761764526367
2024-11,dgt_identity_adaptive,2027,6,2024-11-28 20:00:00,2024-11-29 01:00:00,2024-11-29,4.688327789306641
2024-11,dgt_identity_adaptive,2027,1,2024-11-28 21:00:00,2024-11-28 21:00:00,2024-11-28,3.874117136001587
2024-11,dgt_identity_adaptive,2027,2,2024-11-28 21:00:00,2024-11-28 22:00:00,2024-11-28,4.047316551208496
2024-11,dgt_identity_adaptive,2027,3,2024-11-28 21:00:00,2024-11-28 23:00:00,2024-11-28,3.6489076614379883
2024-11,dgt_identity_adaptive,2027,6,2024-11-28 21:00:00,2024-11-29 02:00:00,2024-11-29,3.681469440460205
2024-11,dgt_identity_adaptive,2027,1,2024-11-28 22:00:00,2024-11-28 22:00:00,2024-11-28,3.359588623046875
2024-11,dgt_identity_adaptive,2027,2,2024-11-28 22:00:00,2024-11-28 23:00:00,2024-11-28,4.091263771057129
2024-11,dgt_identity_adaptive,2027,3,2024-11-28 22:00:00,2024-11-29 00:00:00,2024-11-29,4.5447306632995605
2024-11,dgt_identity_adaptive,2027,6,2024-11-28 22:00:00,2024-11-29 03:00:00,2024-11-29,4.652188777923584
2024-11,dgt_identity_adaptive,2027,1,2024-11-28 23:00:00,2024-11-28 23:00:00,2024-11-28,3.3289451599121094
2024-11,dgt_identity_adaptive,2027,2,2024-11-28 23:00:00,2024-11-29 00:00:00,2024-11-29,4.333417892456055
2024-11,dgt_identity_adaptive,2027,3,2024-11-28 23:00:00,2024-11-29 01:00:00,2024-11-29,4.495282173156738
2024-11,dgt_identity_adaptive,2027,6,2024-11-28 23:00:00,2024-11-29 04:00:00,2024-11-29,5.745366096496582
2024-11,dgt_identity_adaptive,2027,1,2024-11-29 00:00:00,2024-11-29 00:00:00,2024-11-29,3.744664192199707
2024-11,dgt_identity_adaptive,2027,2,2024-11-29 00:00:00,2024-11-29 01:00:00,2024-11-29,4.247775554656982
2024-11,dgt_identity_adaptive,2027,3,2024-11-29 00:00:00,2024-11-29 02:00:00,2024-11-29,3.7643187046051025
2024-11,dgt_identity_adaptive,2027,6,2024-11-29 00:00:00,2024-11-29 05:00:00,2024-11-29,5.3579301834106445
2024-11,dgt_identity_adaptive,2027,1,2024-11-29 01:00:00,2024-11-29 01:00:00,2024-11-29,3.9310379028320312
2024-11,dgt_identity_adaptive,2027,2,2024-11-29 01:00:00,2024-11-29 02:00:00,2024-11-29,3.7112557888031006
2024-11,dgt_identity_adaptive,2027,3,2024-11-29 01:00:00,2024-11-29 03:00:00,2024-11-29,5.087865829467773
2024-11,dgt_identity_adaptive,2027,6,2024-11-29 01:00:00,2024-11-29 06:00:00,2024-11-29,3.137709617614746
2024-11,dgt_identity_adaptive,2027,1,2024-11-29 02:00:00,2024-11-29 02:00:00,2024-11-29,3.7963509559631348
2024-11,dgt_identity_adaptive,2027,2,2024-11-29 02:00:00,2024-11-29 03:00:00,2024-11-29,5.039003372192383
2024-11,dgt_identity_adaptive,2027,3,2024-11-29 02:00:00,2024-11-29 04:00:00,2024-11-29,5.550434112548828
2024-11,dgt_identity_adaptive,2027,6,2024-11-29 02:00:00,2024-11-29 07:00:00,2024-11-29,5.411491394042969
2024-11,dgt_identity_adaptive,2027,1,2024-11-29 03:00:00,2024-11-29 03:00:00,2024-11-29,4.7721662521362305
2024-11,dgt_identity_adaptive,2027,2,2024-11-29 03:00:00,2024-11-29 04:00:00,2024-11-29,5.216965675354004
2024-11,dgt_identity_adaptive,2027,3,2024-11-29 03:00:00,2024-11-29 05:00:00,2024-11-29,5.241517543792725
2024-11,dgt_identity_adaptive,2027,6,2024-11-29 03:00:00,2024-11-29 08:00:00,2024-11-29,5.8972368240356445
2024-11,dgt_identity_adaptive,2027,1,2024-11-29 04:00:00,2024-11-29 04:00:00,2024-11-29,5.649421691894531
2024-11,dgt_identity_adaptive,2027,2,2024-11-29 04:00:00,2024-11-29 05:00:00,2024-11-29,4.967288970947266
2024-11,dgt_identity_adaptive,2027,3,2024-11-29 04:00:00,2024-11-29 06:00:00,2024-11-29,3.251434087753296
2024-11,dgt_identity_adaptive,2027,6,2024-11-29 04:00:00,2024-11-29 09:00:00,2024-11-29,4.394047737121582
2024-11,dgt_identity_adaptive,2027,1,2024-11-29 05:00:00,2024-11-29 05:00:00,2024-11-29,4.817257881164551
2024-11,dgt_identity_adaptive,2027,2,2024-11-29 05:00:00,2024-11-29 06:00:00,2024-11-29,3.345301628112793
2024-11,dgt_identity_adaptive,2027,3,2024-11-29 05:00:00,2024-11-29 07:00:00,2024-11-29,4.574615478515625
2024-11,dgt_identity_adaptive,2027,6,2024-11-29 05:00:00,2024-11-29 10:00:00,2024-11-29,3.4301202297210693
2024-11,dgt_identity_adaptive,2027,1,2024-11-29 06:00:00,2024-11-29 06:00:00,2024-11-29,3.582589626312256
2024-11,dgt_identity_adaptive,2027,2,2024-11-29 06:00:00,2024-11-29 07:00:00,2024-11-29,4.642660140991211
2024-11,dgt_identity_adaptive,2027,3,2024-11-29 06:00:00,2024-11-29 08:00:00,2024-11-29,4.6052565574646
2024-11,dgt_identity_adaptive,2027,6,2024-11-29 06:00:00,2024-11-29 11:00:00,2024-11-29,3.3336524963378906
2024-11,dgt_identity_adaptive,2027,1,2024-11-29 07:00:00,2024-11-29 07:00:00,2024-11-29,4.500007629394531
2024-11,dgt_identity_adaptive,2027,2,2024-11-29 07:00:00,2024-11-29 08:00:00,2024-11-29,4.380399227142334
2024-11,dgt_identity_adaptive,2027,3,2024-11-29 07:00:00,2024-11-29 09:00:00,2024-11-29,3.0870256423950195
2024-11,dgt_identity_adaptive,2027,6,2024-11-29 07:00:00,2024-11-29 12:00:00,2024-11-29,2.9886727333068848
2024-11,dgt_identity_adaptive,2027,1,2024-11-29 08:00:00,2024-11-29 08:00:00,2024-11-29,4.420776844024658
2024-11,dgt_identity_adaptive,2027,2,2024-11-29 08:00:00,2024-11-29 09:00:00,2024-11-29,2.8336355686187744
2024-11,dgt_identity_adaptive,2027,3,2024-11-29 08:00:00,2024-11-29 10:00:00,2024-11-29,2.9998793601989746
2024-11,dgt_identity_adaptive,2027,6,2024-11-29 08:00:00,2024-11-29 13:00:00,2024-11-29,3.656643867492676
2024-11,dgt_identity_adaptive,2027,1,2024-11-29 09:00:00,2024-11-29 09:00:00,2024-11-29,2.9515085220336914
2024-11,dgt_identity_adaptive,2027,2,2024-11-29 09:00:00,2024-11-29 10:00:00,2024-11-29,3.3514564037323
2024-11,dgt_identity_adaptive,2027,3,2024-11-29 09:00:00,2024-11-29 11:00:00,2024-11-29,3.1370925903320312
2024-11,dgt_identity_adaptive,2027,6,2024-11-29 09:00:00,2024-11-29 14:00:00,2024-11-29,2.920034408569336
2024-11,dgt_identity_adaptive,2027,1,2024-11-29 10:00:00,2024-11-29 10:00:00,2024-11-29,3.0420308113098145
2024-11,dgt_identity_adaptive,2027,2,2024-11-29 10:00:00,2024-11-29 11:00:00,2024-11-29,2.8938088417053223
2024-11,dgt_identity_adaptive,2027,3,2024-11-29 10:00:00,2024-11-29 12:00:00,2024-11-29,2.8319144248962402
2024-11,dgt_identity_adaptive,2027,6,2024-11-29 10:00:00,2024-11-29 15:00:00,2024-11-29,3.020782470703125
2024-11,dgt_identity_adaptive,2027,1,2024-11-29 11:00:00,2024-11-29 11:00:00,2024-11-29,2.8490543365478516
2024-11,dgt_identity_adaptive,2027,2,2024-11-29 11:00:00,2024-11-29 12:00:00,2024-11-29,2.7754158973693848
2024-11,dgt_identity_adaptive,2027,3,2024-11-29 11:00:00,2024-11-29 13:00:00,2024-11-29,3.5784807205200195
2024-11,dgt_identity_adaptive,2027,6,2024-11-29 11:00:00,2024-11-29 16:00:00,2024-11-29,3.6588714122772217
2024-11,dgt_identity_adaptive,2027,1,2024-11-29 12:00:00,2024-11-29 12:00:00,2024-11-29,2.552623987197876
2024-11,dgt_identity_adaptive,2027,2,2024-11-29 12:00:00,2024-11-29 13:00:00,2024-11-29,2.9476137161254883
2024-11,dgt_identity_adaptive,2027,3,2024-11-29 12:00:00,2024-11-29 14:00:00,2024-11-29,2.786463737487793
2024-11,dgt_identity_adaptive,2027,6,2024-11-29 12:00:00,2024-11-29 17:00:00,2024-11-29,5.063809394836426
2024-11,dgt_identity_adaptive,2027,1,2024-11-29 13:00:00,2024-11-29 13:00:00,2024-11-29,3.0838263034820557
2024-11,dgt_identity_adaptive,2027,2,2024-11-29 13:00:00,2024-11-29 14:00:00,2024-11-29,3.4486887454986572
2024-11,dgt_identity_adaptive,2027,3,2024-11-29 13:00:00,2024-11-29 15:00:00,2024-11-29,2.738783359527588
2024-11,dgt_identity_adaptive,2027,6,2024-11-29 13:00:00,2024-11-29 18:00:00,2024-11-29,5.995759010314941
2024-11,dgt_identity_adaptive,2027,1,2024-11-29 14:00:00,2024-11-29 14:00:00,2024-11-29,2.8331332206726074
2024-11,dgt_identity_adaptive,2027,2,2024-11-29 14:00:00,2024-11-29 15:00:00,2024-11-29,2.726377487182617
2024-11,dgt_identity_adaptive,2027,3,2024-11-29 14:00:00,2024-11-29 16:00:00,2024-11-29,2.9247994422912598
2024-11,dgt_identity_adaptive,2027,6,2024-11-29 14:00:00,2024-11-29 19:00:00,2024-11-29,5.496812343597412
2024-11,dgt_identity_adaptive,2027,1,2024-11-29 15:00:00,2024-11-29 15:00:00,2024-11-29,2.6723155975341797
2024-11,dgt_identity_adaptive,2027,2,2024-11-29 15:00:00,2024-11-29 16:00:00,2024-11-29,3.0729103088378906
2024-11,dgt_identity_adaptive,2027,3,2024-11-29 15:00:00,2024-11-29 17:00:00,2024-11-29,4.253966331481934
2024-11,dgt_identity_adaptive,2027,6,2024-11-29 15:00:00,2024-11-29 20:00:00,2024-11-29,3.942363739013672
2024-11,dgt_identity_adaptive,2027,1,2024-11-29 16:00:00,2024-11-29 16:00:00,2024-11-29,3.322073459625244
2024-11,dgt_identity_adaptive,2027,2,2024-11-29 16:00:00,2024-11-29 17:00:00,2024-11-29,4.463468551635742
2024-11,dgt_identity_adaptive,2027,3,2024-11-29 16:00:00,2024-11-29 18:00:00,2024-11-29,5.202840805053711
2024-11,dgt_identity_adaptive,2027,6,2024-11-29 16:00:00,2024-11-29 21:00:00,2024-11-29,3.1910595893859863
2024-11,dgt_identity_adaptive,2027,1,2024-11-29 17:00:00,2024-11-29 17:00:00,2024-11-29,4.265407562255859
2024-11,dgt_identity_adaptive,2027,2,2024-11-29 17:00:00,2024-11-29 18:00:00,2024-11-29,5.187495231628418
2024-11,dgt_identity_adaptive,2027,3,2024-11-29 17:00:00,2024-11-29 19:00:00,2024-11-29,4.630610466003418
2024-11,dgt_identity_adaptive,2027,6,2024-11-29 17:00:00,2024-11-29 22:00:00,2024-11-29,3.668525218963623
2024-11,dgt_identity_adaptive,2027,1,2024-11-29 18:00:00,2024-11-29 18:00:00,2024-11-29,4.730166912078857
2024-11,dgt_identity_adaptive,2027,2,2024-11-29 18:00:00,2024-11-29 19:00:00,2024-11-29,5.028416633605957
2024-11,dgt_identity_adaptive,2027,3,2024-11-29 18:00:00,2024-11-29 20:00:00,2024-11-29,3.4932825565338135
2024-11,dgt_identity_adaptive,2027,6,2024-11-29 18:00:00,2024-11-29 23:00:00,2024-11-29,3.3577873706817627
2024-11,dgt_identity_adaptive,2027,1,2024-11-29 19:00:00,2024-11-29 19:00:00,2024-11-29,4.676760673522949
2024-11,dgt_identity_adaptive,2027,2,2024-11-29 19:00:00,2024-11-29 20:00:00,2024-11-29,3.2850568294525146
2024-11,dgt_identity_adaptive,2027,3,2024-11-29 19:00:00,2024-11-29 21:00:00,2024-11-29,2.621857166290283
2024-11,dgt_identity_adaptive,2027,6,2024-11-29 19:00:00,2024-11-30 00:00:00,2024-11-30,4.541034698486328
2024-11,dgt_identity_adaptive,2027,1,2024-11-29 20:00:00,2024-11-29 20:00:00,2024-11-29,4.235024452209473
2024-11,dgt_identity_adaptive,2027,2,2024-11-29 20:00:00,2024-11-29 21:00:00,2024-11-29,2.651966094970703
2024-11,dgt_identity_adaptive,2027,3,2024-11-29 20:00:00,2024-11-29 22:00:00,2024-11-29,3.150944232940674
2024-11,dgt_identity_adaptive,2027,6,2024-11-29 20:00:00,2024-11-30 01:00:00,2024-11-30,4.748579502105713
2024-11,dgt_identity_adaptive,2027,1,2024-11-29 21:00:00,2024-11-29 21:00:00,2024-11-29,2.7829322814941406
2024-11,dgt_identity_adaptive,2027,2,2024-11-29 21:00:00,2024-11-29 22:00:00,2024-11-29,3.605844497680664
2024-11,dgt_identity_adaptive,2027,3,2024-11-29 21:00:00,2024-11-29 23:00:00,2024-11-29,2.8516409397125244
2024-11,dgt_identity_adaptive,2027,6,2024-11-29 21:00:00,2024-11-30 02:00:00,2024-11-30,7.454282283782959
2024-11,dgt_identity_adaptive,2027,1,2024-11-29 22:00:00,2024-11-29 22:00:00,2024-11-29,3.0361828804016113
2024-11,dgt_identity_adaptive,2027,2,2024-11-29 22:00:00,2024-11-29 23:00:00,2024-11-29,3.2230958938598633
2024-11,dgt_identity_adaptive,2027,3,2024-11-29 22:00:00,2024-11-30 00:00:00,2024-11-30,3.9353952407836914
2024-11,dgt_identity_adaptive,2027,6,2024-11-29 22:00:00,2024-11-30 03:00:00,2024-11-30,5.504251480102539
2024-11,dgt_identity_adaptive,2027,1,2024-11-29 23:00:00,2024-11-29 23:00:00,2024-11-29,2.70002818107605
2024-11,dgt_identity_adaptive,2027,2,2024-11-29 23:00:00,2024-11-30 00:00:00,2024-11-30,3.7491514682769775
2024-11,dgt_identity_adaptive,2027,3,2024-11-29 23:00:00,2024-11-30 01:00:00,2024-11-30,4.760382652282715
2024-11,dgt_identity_adaptive,2027,6,2024-11-29 23:00:00,2024-11-30 04:00:00,2024-11-30,6.6455888748168945
2024-11,dgt_identity_adaptive,2027,1,2024-11-30 00:00:00,2024-11-30 00:00:00,2024-11-30,3.90576171875
2024-11,dgt_identity_adaptive,2027,2,2024-11-30 00:00:00,2024-11-30 01:00:00,2024-11-30,4.475293159484863
2024-11,dgt_identity_adaptive,2027,3,2024-11-30 00:00:00,2024-11-30 02:00:00,2024-11-30,7.165740966796875
2024-11,dgt_identity_adaptive,2027,6,2024-11-30 00:00:00,2024-11-30 05:00:00,2024-11-30,3.5623703002929688
2024-11,dgt_identity_adaptive,2027,1,2024-11-30 01:00:00,2024-11-30 01:00:00,2024-11-30,4.411537170410156
2024-11,dgt_identity_adaptive,2027,2,2024-11-30 01:00:00,2024-11-30 02:00:00,2024-11-30,6.958840370178223
2024-11,dgt_identity_adaptive,2027,3,2024-11-30 01:00:00,2024-11-30 03:00:00,2024-11-30,5.0991058349609375
2024-11,dgt_identity_adaptive,2027,6,2024-11-30 01:00:00,2024-11-30 06:00:00,2024-11-30,3.1665897369384766
2024-11,dgt_identity_adaptive,2027,1,2024-11-30 02:00:00,2024-11-30 02:00:00,2024-11-30,6.485306739807129
2024-11,dgt_identity_adaptive,2027,2,2024-11-30 02:00:00,2024-11-30 03:00:00,2024-11-30,4.826247215270996
2024-11,dgt_identity_adaptive,2027,3,2024-11-30 02:00:00,2024-11-30 04:00:00,2024-11-30,6.448657035827637
2024-11,dgt_identity_adaptive,2027,6,2024-11-30 02:00:00,2024-11-30 07:00:00,2024-11-30,2.988384485244751
2024-11,dgt_identity_adaptive,2027,1,2024-11-30 03:00:00,2024-11-30 03:00:00,2024-11-30,4.48074197769165
2024-11,dgt_identity_adaptive,2027,2,2024-11-30 03:00:00,2024-11-30 04:00:00,2024-11-30,6.644070148468018
2024-11,dgt_identity_adaptive,2027,3,2024-11-30 03:00:00,2024-11-30 05:00:00,2024-11-30,3.90378999710083
2024-11,dgt_identity_adaptive,2027,6,2024-11-30 03:00:00,2024-11-30 08:00:00,2024-11-30,3.22047758102417
2024-11,dgt_identity_adaptive,2027,1,2024-11-30 04:00:00,2024-11-30 04:00:00,2024-11-30,6.506050109863281
2024-11,dgt_identity_adaptive,2027,2,2024-11-30 04:00:00,2024-11-30 05:00:00,2024-11-30,3.7563889026641846
2024-11,dgt_identity_adaptive,2027,3,2024-11-30 04:00:00,2024-11-30 06:00:00,2024-11-30,3.573371410369873
2024-11,dgt_identity_adaptive,2027,6,2024-11-30 04:00:00,2024-11-30 09:00:00,2024-11-30,3.4897360801696777
2024-11,dgt_identity_adaptive,2027,1,2024-11-30 05:00:00,2024-11-30 05:00:00,2024-11-30,3.6208150386810303
2024-11,dgt_identity_adaptive,2027,2,2024-11-30 05:00:00,2024-11-30 06:00:00,2024-11-30,3.6581993103027344
2024-11,dgt_identity_adaptive,2027,3,2024-11-30 05:00:00,2024-11-30 07:00:00,2024-11-30,3.849668502807617
2024-11,dgt_identity_adaptive,2027,6,2024-11-30 05:00:00,2024-11-30 10:00:00,2024-11-30,3.4864649772644043
2024-11,dgt_identity_adaptive,2027,1,2024-11-30 06:00:00,2024-11-30 06:00:00,2024-11-30,3.6010725498199463
2024-11,dgt_identity_adaptive,2027,2,2024-11-30 06:00:00,2024-11-30 07:00:00,2024-11-30,3.8619494438171387
2024-11,dgt_identity_adaptive,2027,3,2024-11-30 06:00:00,2024-11-30 08:00:00,2024-11-30,3.177159070968628
2024-11,dgt_identity_adaptive,2027,6,2024-11-30 06:00:00,2024-11-30 11:00:00,2024-11-30,2.6497387886047363
2024-11,dgt_identity_adaptive,2027,1,2024-11-30 07:00:00,2024-11-30 07:00:00,2024-11-30,4.043732643127441
2024-11,dgt_identity_adaptive,2027,2,2024-11-30 07:00:00,2024-11-30 08:00:00,2024-11-30,3.3098254203796387
2024-11,dgt_identity_adaptive,2027,3,2024-11-30 07:00:00,2024-11-30 09:00:00,2024-11-30,2.796851873397827
2024-11,dgt_identity_adaptive,2027,6,2024-11-30 07:00:00,2024-11-30 12:00:00,2024-11-30,3.456143856048584
2024-11,dgt_identity_adaptive,2027,1,2024-11-30 08:00:00,2024-11-30 08:00:00,2024-11-30,3.244791030883789
2024-11,dgt_identity_adaptive,2027,2,2024-11-30 08:00:00,2024-11-30 09:00:00,2024-11-30,2.9758570194244385
2024-11,dgt_identity_adaptive,2027,3,2024-11-30 08:00:00,2024-11-30 10:00:00,2024-11-30,3.280486583709717
2024-11,dgt_identity_adaptive,2027,6,2024-11-30 08:00:00,2024-11-30 13:00:00,2024-11-30,3.643150806427002
2024-11,dgt_identity_adaptive,2027,1,2024-11-30 09:00:00,2024-11-30 09:00:00,2024-11-30,2.791536808013916
2024-11,dgt_identity_adaptive,2027,2,2024-11-30 09:00:00,2024-11-30 10:00:00,2024-11-30,3.0674781799316406
2024-11,dgt_identity_adaptive,2027,3,2024-11-30 09:00:00,2024-11-30 11:00:00,2024-11-30,2.5972373485565186
2024-11,dgt_identity_adaptive,2027,6,2024-11-30 09:00:00,2024-11-30 14:00:00,2024-11-30,3.5677907466888428
2024-11,dgt_identity_adaptive,2027,1,2024-11-30 10:00:00,2024-11-30 10:00:00,2024-11-30,2.7927608489990234
2024-11,dgt_identity_adaptive,2027,2,2024-11-30 10:00:00,2024-11-30 11:00:00,2024-11-30,3.042412519454956
2024-11,dgt_identity_adaptive,2027,3,2024-11-30 10:00:00,2024-11-30 12:00:00,2024-11-30,3.5095810890197754
2024-11,dgt_identity_adaptive,2027,6,2024-11-30 10:00:00,2024-11-30 15:00:00,2024-11-30,3.5901870727539062
2024-11,dgt_identity_adaptive,2027,1,2024-11-30 11:00:00,2024-11-30 11:00:00,2024-11-30,2.238766670227051
2024-11,dgt_identity_adaptive,2027,2,2024-11-30 11:00:00,2024-11-30 12:00:00,2024-11-30,3.8850841522216797
2024-11,dgt_identity_adaptive,2027,3,2024-11-30 11:00:00,2024-11-30 13:00:00,2024-11-30,3.8809449672698975
2024-11,dgt_identity_adaptive,2027,6,2024-11-30 11:00:00,2024-11-30 16:00:00,2024-11-30,4.189084053039551
2024-11,dgt_identity_adaptive,2027,1,2024-11-30 12:00:00,2024-11-30 12:00:00,2024-11-30,3.564457416534424
2024-11,dgt_identity_adaptive,2027,2,2024-11-30 12:00:00,2024-11-30 13:00:00,2024-11-30,4.474381923675537
2024-11,dgt_identity_adaptive,2027,3,2024-11-30 12:00:00,2024-11-30 14:00:00,2024-11-30,3.5335378646850586
2024-11,dgt_identity_adaptive,2027,6,2024-11-30 12:00:00,2024-11-30 17:00:00,2024-11-30,5.349320888519287
2024-11,dgt_identity_adaptive,2027,1,2024-11-30 13:00:00,2024-11-30 13:00:00,2024-11-30,3.308419942855835
2024-11,dgt_identity_adaptive,2027,2,2024-11-30 13:00:00,2024-11-30 14:00:00,2024-11-30,3.808842182159424
2024-11,dgt_identity_adaptive,2027,3,2024-11-30 13:00:00,2024-11-30 15:00:00,2024-11-30,3.643343687057495
2024-11,dgt_identity_adaptive,2027,6,2024-11-30 13:00:00,2024-11-30 18:00:00,2024-11-30,6.263684272766113
2024-11,dgt_identity_adaptive,2027,1,2024-11-30 14:00:00,2024-11-30 14:00:00,2024-11-30,3.0827879905700684
2024-11,dgt_identity_adaptive,2027,2,2024-11-30 14:00:00,2024-11-30 15:00:00,2024-11-30,3.4883134365081787
2024-11,dgt_identity_adaptive,2027,3,2024-11-30 14:00:00,2024-11-30 16:00:00,2024-11-30,3.9444921016693115
2024-11,dgt_identity_adaptive,2027,6,2024-11-30 14:00:00,2024-11-30 19:00:00,2024-11-30,3.1228833198547363
2024-11,dgt_identity_adaptive,2027,1,2024-11-30 15:00:00,2024-11-30 15:00:00,2024-11-30,3.125257730484009
2024-11,dgt_identity_adaptive,2027,2,2024-11-30 15:00:00,2024-11-30 16:00:00,2024-11-30,3.8789663314819336
2024-11,dgt_identity_adaptive,2027,3,2024-11-30 15:00:00,2024-11-30 17:00:00,2024-11-30,4.80324649810791
2024-11,dgt_identity_adaptive,2027,6,2024-11-30 15:00:00,2024-11-30 20:00:00,2024-11-30,3.7827353477478027
2024-11,dgt_identity_adaptive,2027,1,2024-11-30 16:00:00,2024-11-30 16:00:00,2024-11-30,3.9193272590637207
2024-11,dgt_identity_adaptive,2027,2,2024-11-30 16:00:00,2024-11-30 17:00:00,2024-11-30,4.555908203125
2024-11,dgt_identity_adaptive,2027,3,2024-11-30 16:00:00,2024-11-30 18:00:00,2024-11-30,5.771658897399902
2024-11,dgt_identity_adaptive,2027,6,2024-11-30 16:00:00,2024-11-30 21:00:00,2024-11-30,3.598447799682617
2024-11,dgt_identity_adaptive,2027,1,2024-11-30 17:00:00,2024-11-30 17:00:00,2024-11-30,4.493422508239746
2024-11,dgt_identity_adaptive,2027,2,2024-11-30 17:00:00,2024-11-30 18:00:00,2024-11-30,5.255963325500488
2024-11,dgt_identity_adaptive,2027,3,2024-11-30 17:00:00,2024-11-30 19:00:00,2024-11-30,2.988032579421997
2024-11,dgt_identity_adaptive,2027,6,2024-11-30 17:00:00,2024-11-30 22:00:00,2024-11-30,3.551496744155884
2024-11,dgt_directed_road_adaptive,2027,1,2024-11-26 12:00:00,2024-11-26 12:00:00,2024-11-26,2.326629161834717
2024-11,dgt_directed_road_adaptive,2027,2,2024-11-26 12:00:00,2024-11-26 13:00:00,2024-11-26,2.8415560722351074
2024-11,dgt_directed_road_adaptive,2027,3,2024-11-26 12:00:00,2024-11-26 14:00:00,2024-11-26,2.555180072784424
2024-11,dgt_directed_road_adaptive,2027,6,2024-11-26 12:00:00,2024-11-26 17:00:00,2024-11-26,6.063301086425781
2024-11,dgt_directed_road_adaptive,2027,1,2024-11-26 13:00:00,2024-11-26 13:00:00,2024-11-26,2.8760738372802734
2024-11,dgt_directed_road_adaptive,2027,2,2024-11-26 13:00:00,2024-11-26 14:00:00,2024-11-26,2.6636617183685303
2024-11,dgt_directed_road_adaptive,2027,3,2024-11-26 13:00:00,2024-11-26 15:00:00,2024-11-26,3.0898056030273438
2024-11,dgt_directed_road_adaptive,2027,6,2024-11-26 13:00:00,2024-11-26 18:00:00,2024-11-26,5.904994010925293
2024-11,dgt_directed_road_adaptive,2027,1,2024-11-26 14:00:00,2024-11-26 14:00:00,2024-11-26,2.5225095748901367
2024-11,dgt_directed_road_adaptive,2027,2,2024-11-26 14:00:00,2024-11-26 15:00:00,2024-11-26,2.915046215057373
2024-11,dgt_directed_road_adaptive,2027,3,2024-11-26 14:00:00,2024-11-26 16:00:00,2024-11-26,3.645915985107422
2024-11,dgt_directed_road_adaptive,2027,6,2024-11-26 14:00:00,2024-11-26 19:00:00,2024-11-26,3.598398208618164
2024-11,dgt_directed_road_adaptive,2027,1,2024-11-26 15:00:00,2024-11-26 15:00:00,2024-11-26,2.7213311195373535
2024-11,dgt_directed_road_adaptive,2027,2,2024-11-26 15:00:00,2024-11-26 16:00:00,2024-11-26,3.5942018032073975
2024-11,dgt_directed_road_adaptive,2027,3,2024-11-26 15:00:00,2024-11-26 17:00:00,2024-11-26,5.500260353088379
2024-11,dgt_directed_road_adaptive,2027,6,2024-11-26 15:00:00,2024-11-26 20:00:00,2024-11-26,3.4405312538146973
2024-11,dgt_directed_road_adaptive,2027,1,2024-11-26 16:00:00,2024-11-26 16:00:00,2024-11-26,3.321939468383789
2024-11,dgt_directed_road_adaptive,2027,2,2024-11-26 16:00:00,2024-11-26 17:00:00,2024-11-26,5.1409783363342285
2024-11,dgt_directed_road_adaptive,2027,3,2024-11-26 16:00:00,2024-11-26 18:00:00,2024-11-26,5.959962844848633
2024-11,dgt_directed_road_adaptive,2027,6,2024-11-26 16:00:00,2024-11-26 21:00:00,2024-11-26,5.587612628936768
2024-11,dgt_directed_road_adaptive,2027,1,2024-11-26 17:00:00,2024-11-26 17:00:00,2024-11-26,4.939948081970215
2024-11,dgt_directed_road_adaptive,2027,2,2024-11-26 17:00:00,2024-11-26 18:00:00,2024-11-26,5.956735610961914
2024-11,dgt_directed_road_adaptive,2027,3,2024-11-26 17:00:00,2024-11-26 19:00:00,2024-11-26,4.074899673461914
2024-11,dgt_directed_road_adaptive,2027,6,2024-11-26 17:00:00,2024-11-26 22:00:00,2024-11-26,4.971548080444336
2024-11,dgt_directed_road_adaptive,2027,1,2024-11-26 18:00:00,2024-11-26 18:00:00,2024-11-26,4.757145881652832
2024-11,dgt_directed_road_adaptive,2027,2,2024-11-26 18:00:00,2024-11-26 19:00:00,2024-11-26,4.196657180786133
2024-11,dgt_directed_road_adaptive,2027,3,2024-11-26 18:00:00,2024-11-26 20:00:00,2024-11-26,3.7572784423828125
2024-11,dgt_directed_road_adaptive,2027,6,2024-11-26 18:00:00,2024-11-26 23:00:00,2024-11-26,4.643747329711914
2024-11,dgt_directed_road_adaptive,2027,1,2024-11-26 19:00:00,2024-11-26 19:00:00,2024-11-26,2.819524049758911
2024-11,dgt_directed_road_adaptive,2027,2,2024-11-26 19:00:00,2024-11-26 20:00:00,2024-11-26,3.77005672454834
2024-11,dgt_directed_road_adaptive,2027,3,2024-11-26 19:00:00,2024-11-26 21:00:00,2024-11-26,4.933722496032715
2024-11,dgt_directed_road_adaptive,2027,6,2024-11-26 19:00:00,2024-11-27 00:00:00,2024-11-27,4.284526348114014
2024-11,dgt_directed_road_adaptive,2027,1,2024-11-26 20:00:00,2024-11-26 20:00:00,2024-11-26,3.2954533100128174
2024-11,dgt_directed_road_adaptive,2027,2,2024-11-26 20:00:00,2024-11-26 21:00:00,2024-11-26,5.336838722229004
2024-11,dgt_directed_road_adaptive,2027,3,2024-11-26 20:00:00,2024-11-26 22:00:00,2024-11-26,4.857051372528076
2024-11,dgt_directed_road_adaptive,2027,6,2024-11-26 20:00:00,2024-11-27 01:00:00,2024-11-27,5.427797317504883
2024-11,dgt_directed_road_adaptive,2027,1,2024-11-26 21:00:00,2024-11-26 21:00:00,2024-11-26,4.366952896118164
2024-11,dgt_directed_road_adaptive,2027,2,2024-11-26 21:00:00,2024-11-26 22:00:00,2024-11-26,5.003885269165039
2024-11,dgt_directed_road_adaptive,2027,3,2024-11-26 21:00:00,2024-11-26 23:00:00,2024-11-26,4.433701038360596
2024-11,dgt_directed_road_adaptive,2027,6,2024-11-26 21:00:00,2024-11-27 02:00:00,2024-11-27,4.86602783203125
2024-11,dgt_directed_road_adaptive,2027,1,2024-11-26 22:00:00,2024-11-26 22:00:00,2024-11-26,4.621987819671631
2024-11,dgt_directed_road_adaptive,2027,2,2024-11-26 22:00:00,2024-11-26 23:00:00,2024-11-26,4.235875606536865
2024-11,dgt_directed_road_adaptive,2027,3,2024-11-26 22:00:00,2024-11-27 00:00:00,2024-11-27,4.316612720489502
2024-11,dgt_directed_road_adaptive,2027,6,2024-11-26 22:00:00,2024-11-27 03:00:00,2024-11-27,5.713619232177734
2024-11,dgt_directed_road_adaptive,2027,1,2024-11-26 23:00:00,2024-11-26 23:00:00,2024-11-26,4.021677017211914
2024-11,dgt_directed_road_adaptive,2027,2,2024-11-26 23:00:00,2024-11-27 00:00:00,2024-11-27,4.121294021606445
2024-11,dgt_directed_road_adaptive,2027,3,2024-11-26 23:00:00,2024-11-27 01:00:00,2024-11-27,5.027360916137695
2024-11,dgt_directed_road_adaptive,2027,6,2024-11-26 23:00:00,2024-11-27 04:00:00,2024-11-27,6.9065399169921875
2024-11,dgt_directed_road_adaptive,2027,1,2024-11-27 00:00:00,2024-11-27 00:00:00,2024-11-27,4.722770690917969
2024-11,dgt_directed_road_adaptive,2027,2,2024-11-27 00:00:00,2024-11-27 01:00:00,2024-11-27,4.931248664855957
2024-11,dgt_directed_road_adaptive,2027,3,2024-11-27 00:00:00,2024-11-27 02:00:00,2024-11-27,4.712500095367432
2024-11,dgt_directed_road_adaptive,2027,6,2024-11-27 00:00:00,2024-11-27 05:00:00,2024-11-27,4.058114528656006
2024-11,dgt_directed_road_adaptive,2027,1,2024-11-27 01:00:00,2024-11-27 01:00:00,2024-11-27,4.894174098968506
2024-11,dgt_directed_road_adaptive,2027,2,2024-11-27 01:00:00,2024-11-27 02:00:00,2024-11-27,4.729040145874023
2024-11,dgt_directed_road_adaptive,2027,3,2024-11-27 01:00:00,2024-11-27 03:00:00,2024-11-27,5.431563377380371
2024-11,dgt_directed_road_adaptive,2027,6,2024-11-27 01:00:00,2024-11-27 06:00:00,2024-11-27,3.365060329437256
2024-11,dgt_directed_road_adaptive,2027,1,2024-11-27 02:00:00,2024-11-27 02:00:00,2024-11-27,4.7672553062438965
2024-11,dgt_directed_road_adaptive,2027,2,2024-11-27 02:00:00,2024-11-27 03:00:00,2024-11-27,5.581096649169922
2024-11,dgt_directed_road_adaptive,2027,3,2024-11-27 02:00:00,2024-11-27 04:00:00,2024-11-27,6.90473747253418
2024-11,dgt_directed_road_adaptive,2027,6,2024-11-27 02:00:00,2024-11-27 07:00:00,2024-11-27,4.6572113037109375
2024-11,dgt_directed_road_adaptive,2027,1,2024-11-27 03:00:00,2024-11-27 03:00:00,2024-11-27,5.171513080596924
2024-11,dgt_directed_road_adaptive,2027,2,2024-11-27 03:00:00,2024-11-27 04:00:00,2024-11-27,6.971847057342529
2024-11,dgt_directed_road_adaptive,2027,3,2024-11-27 03:00:00,2024-11-27 05:00:00,2024-11-27,4.033803939819336
2024-11,dgt_directed_road_adaptive,2027,6,2024-11-27 03:00:00,2024-11-27 08:00:00,2024-11-27,4.752406120300293
2024-11,dgt_directed_road_adaptive,2027,1,2024-11-27 04:00:00,2024-11-27 04:00:00,2024-11-27,7.123573303222656
2024-11,dgt_directed_road_adaptive,2027,2,2024-11-27 04:00:00,2024-11-27 05:00:00,2024-11-27,3.953648328781128
2024-11,dgt_directed_road_adaptive,2027,3,2024-11-27 04:00:00,2024-11-27 06:00:00,2024-11-27,2.9358856678009033
2024-11,dgt_directed_road_adaptive,2027,6,2024-11-27 04:00:00,2024-11-27 09:00:00,2024-11-27,3.498612403869629
2024-11,dgt_directed_road_adaptive,2027,1,2024-11-27 05:00:00,2024-11-27 05:00:00,2024-11-27,3.8940622806549072
2024-11,dgt_directed_road_adaptive,2027,2,2024-11-27 05:00:00,2024-11-27 06:00:00,2024-11-27,3.4263792037963867
2024-11,dgt_directed_road_adaptive,2027,3,2024-11-27 05:00:00,2024-11-27 07:00:00,2024-11-27,3.6307666301727295
2024-11,dgt_directed_road_adaptive,2027,6,2024-11-27 05:00:00,2024-11-27 10:00:00,2024-11-27,2.1554670333862305
2024-11,dgt_directed_road_adaptive,2027,1,2024-11-27 06:00:00,2024-11-27 06:00:00,2024-11-27,3.65861439704895
2024-11,dgt_directed_road_adaptive,2027,2,2024-11-27 06:00:00,2024-11-27 07:00:00,2024-11-27,3.1928372383117676
2024-11,dgt_directed_road_adaptive,2027,3,2024-11-27 06:00:00,2024-11-27 08:00:00,2024-11-27,3.7049896717071533
2024-11,dgt_directed_road_adaptive,2027,6,2024-11-27 06:00:00,2024-11-27 11:00:00,2024-11-27,2.5646371841430664
2024-11,dgt_directed_road_adaptive,2027,1,2024-11-27 07:00:00,2024-11-27 07:00:00,2024-11-27,3.508575439453125
2024-11,dgt_directed_road_adaptive,2027,2,2024-11-27 07:00:00,2024-11-27 08:00:00,2024-11-27,3.3836166858673096
2024-11,dgt_directed_road_adaptive,2027,3,2024-11-27 07:00:00,2024-11-27 09:00:00,2024-11-27,2.600019693374634
2024-11,dgt_directed_road_adaptive,2027,6,2024-11-27 07:00:00,2024-11-27 12:00:00,2024-11-27,3.258169412612915
2024-11,dgt_directed_road_adaptive,2027,1,2024-11-27 08:00:00,2024-11-27 08:00:00,2024-11-27,3.3860416412353516
2024-11,dgt_directed_road_adaptive,2027,2,2024-11-27 08:00:00,2024-11-27 09:00:00,2024-11-27,2.5893428325653076
2024-11,dgt_directed_road_adaptive,2027,3,2024-11-27 08:00:00,2024-11-27 10:00:00,2024-11-27,1.87245512008667
2024-11,dgt_directed_road_adaptive,2027,6,2024-11-27 08:00:00,2024-11-27 13:00:00,2024-11-27,3.484039783477783
2024-11,dgt_directed_road_adaptive,2027,1,2024-11-27 09:00:00,2024-11-27 09:00:00,2024-11-27,2.3553237915039062
2024-11,dgt_directed_road_adaptive,2027,2,2024-11-27 09:00:00,2024-11-27 10:00:00,2024-11-27,2.5767970085144043
2024-11,dgt_directed_road_adaptive,2027,3,2024-11-27 09:00:00,2024-11-27 11:00:00,2024-11-27,2.9307522773742676
2024-11,dgt_directed_road_adaptive,2027,6,2024-11-27 09:00:00,2024-11-27 14:00:00,2024-11-27,3.8832404613494873
2024-11,dgt_directed_road_adaptive,2027,1,2024-11-27 10:00:00,2024-11-27 10:00:00,2024-11-27,2.130044460296631
2024-11,dgt_directed_road_adaptive,2027,2,2024-11-27 10:00:00,2024-11-27 11:00:00,2024-11-27,3.087975025177002
2024-11,dgt_directed_road_adaptive,2027,3,2024-11-27 10:00:00,2024-11-27 12:00:00,2024-11-27,3.3720450401306152
2024-11,dgt_directed_road_adaptive,2027,6,2024-11-27 10:00:00,2024-11-27 15:00:00,2024-11-27,4.117556571960449
2024-11,dgt_directed_road_adaptive,2027,1,2024-11-27 11:00:00,2024-11-27 11:00:00,2024-11-27,2.628023624420166
2024-11,dgt_directed_road_adaptive,2027,2,2024-11-27 11:00:00,2024-11-27 12:00:00,2024-11-27,2.9102845191955566
2024-11,dgt_directed_road_adaptive,2027,3,2024-11-27 11:00:00,2024-11-27 13:00:00,2024-11-27,3.3375823497772217
2024-11,dgt_directed_road_adaptive,2027,6,2024-11-27 11:00:00,2024-11-27 16:00:00,2024-11-27,4.421417236328125
2024-11,dgt_directed_road_adaptive,2027,1,2024-11-27 12:00:00,2024-11-27 12:00:00,2024-11-27,2.4975390434265137
2024-11,dgt_directed_road_adaptive,2027,2,2024-11-27 12:00:00,2024-11-27 13:00:00,2024-11-27,2.986513137817383
2024-11,dgt_directed_road_adaptive,2027,3,2024-11-27 12:00:00,2024-11-27 14:00:00,2024-11-27,3.598174571990967
2024-11,dgt_directed_road_adaptive,2027,6,2024-11-27 12:00:00,2024-11-27 17:00:00,2024-11-27,5.120117664337158
2024-11,dgt_directed_road_adaptive,2027,1,2024-11-27 13:00:00,2024-11-27 13:00:00,2024-11-27,2.527902126312256
2024-11,dgt_directed_road_adaptive,2027,2,2024-11-27 13:00:00,2024-11-27 14:00:00,2024-11-27,3.0910778045654297
2024-11,dgt_directed_road_adaptive,2027,3,2024-11-27 13:00:00,2024-11-27 15:00:00,2024-11-27,3.967578887939453
2024-11,dgt_directed_road_adaptive,2027,6,2024-11-27 13:00:00,2024-11-27 18:00:00,2024-11-27,5.354440689086914
2024-11,dgt_directed_road_adaptive,2027,1,2024-11-27 14:00:00,2024-11-27 14:00:00,2024-11-27,2.9437384605407715
2024-11,dgt_directed_road_adaptive,2027,2,2024-11-27 14:00:00,2024-11-27 15:00:00,2024-11-27,3.4190845489501953
2024-11,dgt_directed_road_adaptive,2027,3,2024-11-27 14:00:00,2024-11-27 16:00:00,2024-11-27,4.207712173461914
2024-11,dgt_directed_road_adaptive,2027,6,2024-11-27 14:00:00,2024-11-27 19:00:00,2024-11-27,3.8275413513183594
2024-11,dgt_directed_road_adaptive,2027,1,2024-11-27 15:00:00,2024-11-27 15:00:00,2024-11-27,3.3626232147216797
2024-11,dgt_directed_road_adaptive,2027,2,2024-11-27 15:00:00,2024-11-27 16:00:00,2024-11-27,3.67022705078125
2024-11,dgt_directed_road_adaptive,2027,3,2024-11-27 15:00:00,2024-11-27 17:00:00,2024-11-27,4.446767807006836
2024-11,dgt_directed_road_adaptive,2027,6,2024-11-27 15:00:00,2024-11-27 20:00:00,2024-11-27,3.6045780181884766
2024-11,dgt_directed_road_adaptive,2027,1,2024-11-27 16:00:00,2024-11-27 16:00:00,2024-11-27,3.6978611946105957
2024-11,dgt_directed_road_adaptive,2027,2,2024-11-27 16:00:00,2024-11-27 17:00:00,2024-11-27,4.6604461669921875
2024-11,dgt_directed_road_adaptive,2027,3,2024-11-27 16:00:00,2024-11-27 18:00:00,2024-11-27,4.637232780456543
2024-11,dgt_directed_road_adaptive,2027,6,2024-11-27 16:00:00,2024-11-27 21:00:00,2024-11-27,5.120484352111816
2024-11,dgt_directed_road_adaptive,2027,1,2024-11-27 17:00:00,2024-11-27 17:00:00,2024-11-27,4.254708766937256
2024-11,dgt_directed_road_adaptive,2027,2,2024-11-27 17:00:00,2024-11-27 18:00:00,2024-11-27,4.831063270568848
2024-11,dgt_directed_road_adaptive,2027,3,2024-11-27 17:00:00,2024-11-27 19:00:00,2024-11-27,3.3938839435577393
2024-11,dgt_directed_road_adaptive,2027,6,2024-11-27 17:00:00,2024-11-27 22:00:00,2024-11-27,5.414737701416016
2024-11,dgt_directed_road_adaptive,2027,1,2024-11-27 18:00:00,2024-11-27 18:00:00,2024-11-27,4.02949333190918
2024-11,dgt_directed_road_adaptive,2027,2,2024-11-27 18:00:00,2024-11-27 19:00:00,2024-11-27,4.162579536437988
2024-11,dgt_directed_road_adaptive,2027,3,2024-11-27 18:00:00,2024-11-27 20:00:00,2024-11-27,3.9521658420562744
2024-11,dgt_directed_road_adaptive,2027,6,2024-11-27 18:00:00,2024-11-27 23:00:00,2024-11-27,4.440886497497559
2024-11,dgt_directed_road_adaptive,2027,1,2024-11-27 19:00:00,2024-11-27 19:00:00,2024-11-27,2.71403169631958
2024-11,dgt_directed_road_adaptive,2027,2,2024-11-27 19:00:00,2024-11-27 20:00:00,2024-11-27,3.6476731300354004
2024-11,dgt_directed_road_adaptive,2027,3,2024-11-27 19:00:00,2024-11-27 21:00:00,2024-11-27,4.669450283050537
2024-11,dgt_directed_road_adaptive,2027,6,2024-11-27 19:00:00,2024-11-28 00:00:00,2024-11-28,3.8357536792755127
2024-11,dgt_directed_road_adaptive,2027,1,2024-11-27 20:00:00,2024-11-27 20:00:00,2024-11-27,3.0250420570373535
2024-11,dgt_directed_road_adaptive,2027,2,2024-11-27 20:00:00,2024-11-27 21:00:00,2024-11-27,4.43563985824585
2024-11,dgt_directed_road_adaptive,2027,3,2024-11-27 20:00:00,2024-11-27 22:00:00,2024-11-27,3.9036307334899902
2024-11,dgt_directed_road_adaptive,2027,6,2024-11-27 20:00:00,2024-11-28 01:00:00,2024-11-28,5.683826446533203
2024-11,dgt_directed_road_adaptive,2027,1,2024-11-27 21:00:00,2024-11-27 21:00:00,2024-11-27,3.71376633644104
2024-11,dgt_directed_road_adaptive,2027,2,2024-11-27 21:00:00,2024-11-27 22:00:00,2024-11-27,4.902982234954834
2024-11,dgt_directed_road_adaptive,2027,3,2024-11-27 21:00:00,2024-11-27 23:00:00,2024-11-27,4.031811714172363
2024-11,dgt_directed_road_adaptive,2027,6,2024-11-27 21:00:00,2024-11-28 02:00:00,2024-11-28,5.1778154373168945
2024-11,dgt_directed_road_adaptive,2027,1,2024-11-27 22:00:00,2024-11-27 22:00:00,2024-11-27,3.9074478149414062
2024-11,dgt_directed_road_adaptive,2027,2,2024-11-27 22:00:00,2024-11-27 23:00:00,2024-11-27,3.728971481323242
2024-11,dgt_directed_road_adaptive,2027,3,2024-11-27 22:00:00,2024-11-28 00:00:00,2024-11-28,3.700300931930542
2024-11,dgt_directed_road_adaptive,2027,6,2024-11-27 22:00:00,2024-11-28 03:00:00,2024-11-28,6.599289894104004
2024-11,dgt_directed_road_adaptive,2027,1,2024-11-27 23:00:00,2024-11-27 23:00:00,2024-11-27,3.872694730758667
2024-11,dgt_directed_road_adaptive,2027,2,2024-11-27 23:00:00,2024-11-28 00:00:00,2024-11-28,3.349520206451416
2024-11,dgt_directed_road_adaptive,2027,3,2024-11-27 23:00:00,2024-11-28 01:00:00,2024-11-28,4.828922748565674
2024-11,dgt_directed_road_adaptive,2027,6,2024-11-27 23:00:00,2024-11-28 04:00:00,2024-11-28,6.0008955001831055
2024-11,dgt_directed_road_adaptive,2027,1,2024-11-28 00:00:00,2024-11-28 00:00:00,2024-11-28,3.0195422172546387
2024-11,dgt_directed_road_adaptive,2027,2,2024-11-28 00:00:00,2024-11-28 01:00:00,2024-11-28,4.552081108093262
2024-11,dgt_directed_road_adaptive,2027,3,2024-11-28 00:00:00,2024-11-28 02:00:00,2024-11-28,4.091707229614258
2024-11,dgt_directed_road_adaptive,2027,6,2024-11-28 00:00:00,2024-11-28 05:00:00,2024-11-28,3.9041316509246826
2024-11,dgt_directed_road_adaptive,2027,1,2024-11-28 01:00:00,2024-11-28 01:00:00,2024-11-28,4.419755935668945
2024-11,dgt_directed_road_adaptive,2027,2,2024-11-28 01:00:00,2024-11-28 02:00:00,2024-11-28,4.700367450714111
2024-11,dgt_directed_road_adaptive,2027,3,2024-11-28 01:00:00,2024-11-28 03:00:00,2024-11-28,6.285146713256836
2024-11,dgt_directed_road_adaptive,2027,6,2024-11-28 01:00:00,2024-11-28 06:00:00,2024-11-28,3.2351343631744385
2024-11,dgt_directed_road_adaptive,2027,1,2024-11-28 02:00:00,2024-11-28 02:00:00,2024-11-28,4.43798828125
2024-11,dgt_directed_road_adaptive,2027,2,2024-11-28 02:00:00,2024-11-28 03:00:00,2024-11-28,5.7112836837768555
2024-11,dgt_directed_road_adaptive,2027,3,2024-11-28 02:00:00,2024-11-28 04:00:00,2024-11-28,5.6110429763793945
2024-11,dgt_directed_road_adaptive,2027,6,2024-11-28 02:00:00,2024-11-28 07:00:00,2024-11-28,5.712057590484619
2024-11,dgt_directed_road_adaptive,2027,1,2024-11-28 03:00:00,2024-11-28 03:00:00,2024-11-28,5.618966102600098
2024-11,dgt_directed_road_adaptive,2027,2,2024-11-28 03:00:00,2024-11-28 04:00:00,2024-11-28,6.051719665527344
2024-11,dgt_directed_road_adaptive,2027,3,2024-11-28 03:00:00,2024-11-28 05:00:00,2024-11-28,3.6322481632232666
2024-11,dgt_directed_road_adaptive,2027,6,2024-11-28 03:00:00,2024-11-28 08:00:00,2024-11-28,6.664730072021484
2024-11,dgt_directed_road_adaptive,2027,1,2024-11-28 04:00:00,2024-11-28 04:00:00,2024-11-28,6.278562068939209
2024-11,dgt_directed_road_adaptive,2027,2,2024-11-28 04:00:00,2024-11-28 05:00:00,2024-11-28,3.634974479675293
2024-11,dgt_directed_road_adaptive,2027,3,2024-11-28 04:00:00,2024-11-28 06:00:00,2024-11-28,3.6456551551818848
2024-11,dgt_directed_road_adaptive,2027,6,2024-11-28 04:00:00,2024-11-28 09:00:00,2024-11-28,4.2832722663879395
2024-11,dgt_directed_road_adaptive,2027,1,2024-11-28 05:00:00,2024-11-28 05:00:00,2024-11-28,3.607266902923584
2024-11,dgt_directed_road_adaptive,2027,2,2024-11-28 05:00:00,2024-11-28 06:00:00,2024-11-28,3.028475761413574
2024-11,dgt_directed_road_adaptive,2027,3,2024-11-28 05:00:00,2024-11-28 07:00:00,2024-11-28,4.935815811157227
2024-11,dgt_directed_road_adaptive,2027,6,2024-11-28 05:00:00,2024-11-28 10:00:00,2024-11-28,2.754338264465332
2024-11,dgt_directed_road_adaptive,2027,1,2024-11-28 06:00:00,2024-11-28 06:00:00,2024-11-28,2.931118965148926
2024-11,dgt_directed_road_adaptive,2027,2,2024-11-28 06:00:00,2024-11-28 07:00:00,2024-11-28,4.624530792236328
2024-11,dgt_directed_road_adaptive,2027,3,2024-11-28 06:00:00,2024-11-28 08:00:00,2024-11-28,5.518857955932617
2024-11,dgt_directed_road_adaptive,2027,6,2024-11-28 06:00:00,2024-11-28 11:00:00,2024-11-28,2.855896472930908
2024-11,dgt_directed_road_adaptive,2027,1,2024-11-28 07:00:00,2024-11-28 07:00:00,2024-11-28,4.747860908508301
2024-11,dgt_directed_road_adaptive,2027,2,2024-11-28 07:00:00,2024-11-28 08:00:00,2024-11-28,4.749053955078125
2024-11,dgt_directed_road_adaptive,2027,3,2024-11-28 07:00:00,2024-11-28 09:00:00,2024-11-28,2.9808406829833984
2024-11,dgt_directed_road_adaptive,2027,6,2024-11-28 07:00:00,2024-11-28 12:00:00,2024-11-28,3.1816654205322266
2024-11,dgt_directed_road_adaptive,2027,1,2024-11-28 08:00:00,2024-11-28 08:00:00,2024-11-28,4.5789031982421875
2024-11,dgt_directed_road_adaptive,2027,2,2024-11-28 08:00:00,2024-11-28 09:00:00,2024-11-28,3.5121474266052246
2024-11,dgt_directed_road_adaptive,2027,3,2024-11-28 08:00:00,2024-11-28 10:00:00,2024-11-28,2.9095730781555176
2024-11,dgt_directed_road_adaptive,2027,6,2024-11-28 08:00:00,2024-11-28 13:00:00,2024-11-28,3.310232162475586
2024-11,dgt_directed_road_adaptive,2027,1,2024-11-28 09:00:00,2024-11-28 09:00:00,2024-11-28,3.366297721862793
2024-11,dgt_directed_road_adaptive,2027,2,2024-11-28 09:00:00,2024-11-28 10:00:00,2024-11-28,3.5317938327789307
2024-11,dgt_directed_road_adaptive,2027,3,2024-11-28 09:00:00,2024-11-28 11:00:00,2024-11-28,3.410550355911255
2024-11,dgt_directed_road_adaptive,2027,6,2024-11-28 09:00:00,2024-11-28 14:00:00,2024-11-28,3.2312653064727783
2024-11,dgt_directed_road_adaptive,2027,1,2024-11-28 10:00:00,2024-11-28 10:00:00,2024-11-28,2.9065661430358887
2024-11,dgt_directed_road_adaptive,2027,2,2024-11-28 10:00:00,2024-11-28 11:00:00,2024-11-28,3.1471023559570312
2024-11,dgt_directed_road_adaptive,2027,3,2024-11-28 10:00:00,2024-11-28 12:00:00,2024-11-28,3.2307567596435547
2024-11,dgt_directed_road_adaptive,2027,6,2024-11-28 10:00:00,2024-11-28 15:00:00,2024-11-28,2.9807944297790527
2024-11,dgt_directed_road_adaptive,2027,1,2024-11-28 11:00:00,2024-11-28 11:00:00,2024-11-28,2.936241865158081
2024-11,dgt_directed_road_adaptive,2027,2,2024-11-28 11:00:00,2024-11-28 12:00:00,2024-11-28,2.854410171508789
2024-11,dgt_directed_road_adaptive,2027,3,2024-11-28 11:00:00,2024-11-28 13:00:00,2024-11-28,3.5405402183532715
2024-11,dgt_directed_road_adaptive,2027,6,2024-11-28 11:00:00,2024-11-28 16:00:00,2024-11-28,4.082854747772217
2024-11,dgt_directed_road_adaptive,2027,1,2024-11-28 12:00:00,2024-11-28 12:00:00,2024-11-28,2.7101526260375977
2024-11,dgt_directed_road_adaptive,2027,2,2024-11-28 12:00:00,2024-11-28 13:00:00,2024-11-28,2.433093547821045
2024-11,dgt_directed_road_adaptive,2027,3,2024-11-28 12:00:00,2024-11-28 14:00:00,2024-11-28,3.684577703475952
2024-11,dgt_directed_road_adaptive,2027,6,2024-11-28 12:00:00,2024-11-28 17:00:00,2024-11-28,5.432513236999512
2024-11,dgt_directed_road_adaptive,2027,1,2024-11-28 13:00:00,2024-11-28 13:00:00,2024-11-28,2.7081642150878906
2024-11,dgt_directed_road_adaptive,2027,2,2024-11-28 13:00:00,2024-11-28 14:00:00,2024-11-28,2.5569732189178467
2024-11,dgt_directed_road_adaptive,2027,3,2024-11-28 13:00:00,2024-11-28 15:00:00,2024-11-28,3.076913833618164
2024-11,dgt_directed_road_adaptive,2027,6,2024-11-28 13:00:00,2024-11-28 18:00:00,2024-11-28,5.932641983032227
2024-11,dgt_directed_road_adaptive,2027,1,2024-11-28 14:00:00,2024-11-28 14:00:00,2024-11-28,2.675049066543579
2024-11,dgt_directed_road_adaptive,2027,2,2024-11-28 14:00:00,2024-11-28 15:00:00,2024-11-28,2.527111291885376
2024-11,dgt_directed_road_adaptive,2027,3,2024-11-28 14:00:00,2024-11-28 16:00:00,2024-11-28,3.5581018924713135
2024-11,dgt_directed_road_adaptive,2027,6,2024-11-28 14:00:00,2024-11-28 19:00:00,2024-11-28,3.8812966346740723
2024-11,dgt_directed_road_adaptive,2027,1,2024-11-28 15:00:00,2024-11-28 15:00:00,2024-11-28,2.537879467010498
2024-11,dgt_directed_road_adaptive,2027,2,2024-11-28 15:00:00,2024-11-28 16:00:00,2024-11-28,3.1552734375
2024-11,dgt_directed_road_adaptive,2027,3,2024-11-28 15:00:00,2024-11-28 17:00:00,2024-11-28,4.491954803466797
2024-11,dgt_directed_road_adaptive,2027,6,2024-11-28 15:00:00,2024-11-28 20:00:00,2024-11-28,3.6338186264038086
2024-11,dgt_directed_road_adaptive,2027,1,2024-11-28 16:00:00,2024-11-28 16:00:00,2024-11-28,3.2027039527893066
2024-11,dgt_directed_road_adaptive,2027,2,2024-11-28 16:00:00,2024-11-28 17:00:00,2024-11-28,4.075539588928223
2024-11,dgt_directed_road_adaptive,2027,3,2024-11-28 16:00:00,2024-11-28 18:00:00,2024-11-28,4.823146820068359
2024-11,dgt_directed_road_adaptive,2027,6,2024-11-28 16:00:00,2024-11-28 21:00:00,2024-11-28,4.823704242706299
2024-11,dgt_directed_road_adaptive,2027,1,2024-11-28 17:00:00,2024-11-28 17:00:00,2024-11-28,4.06899881362915
2024-11,dgt_directed_road_adaptive,2027,2,2024-11-28 17:00:00,2024-11-28 18:00:00,2024-11-28,5.340085029602051
2024-11,dgt_directed_road_adaptive,2027,3,2024-11-28 17:00:00,2024-11-28 19:00:00,2024-11-28,3.3665144443511963
2024-11,dgt_directed_road_adaptive,2027,6,2024-11-28 17:00:00,2024-11-28 22:00:00,2024-11-28,4.272083282470703
2024-11,dgt_directed_road_adaptive,2027,1,2024-11-28 18:00:00,2024-11-28 18:00:00,2024-11-28,4.8756818771362305
2024-11,dgt_directed_road_adaptive,2027,2,2024-11-28 18:00:00,2024-11-28 19:00:00,2024-11-28,3.798046588897705
2024-11,dgt_directed_road_adaptive,2027,3,2024-11-28 18:00:00,2024-11-28 20:00:00,2024-11-28,3.7591004371643066
2024-11,dgt_directed_road_adaptive,2027,6,2024-11-28 18:00:00,2024-11-28 23:00:00,2024-11-28,4.332682132720947
2024-11,dgt_directed_road_adaptive,2027,1,2024-11-28 19:00:00,2024-11-28 19:00:00,2024-11-28,3.1101083755493164
2024-11,dgt_directed_road_adaptive,2027,2,2024-11-28 19:00:00,2024-11-28 20:00:00,2024-11-28,3.643599033355713
2024-11,dgt_directed_road_adaptive,2027,3,2024-11-28 19:00:00,2024-11-28 21:00:00,2024-11-28,4.3142781257629395
2024-11,dgt_directed_road_adaptive,2027,6,2024-11-28 19:00:00,2024-11-29 00:00:00,2024-11-29,4.532905578613281
2024-11,dgt_directed_road_adaptive,2027,1,2024-11-28 20:00:00,2024-11-28 20:00:00,2024-11-28,3.891286611557007
2024-11,dgt_directed_road_adaptive,2027,2,2024-11-28 20:00:00,2024-11-28 21:00:00,2024-11-28,4.023001670837402
2024-11,dgt_directed_road_adaptive,2027,3,2024-11-28 20:00:00,2024-11-28 22:00:00,2024-11-28,3.182520866394043
2024-11,dgt_directed_road_adaptive,2027,6,2024-11-28 20:00:00,2024-11-29 01:00:00,2024-11-29,4.760170936584473
2024-11,dgt_directed_road_adaptive,2027,1,2024-11-28 21:00:00,2024-11-28 21:00:00,2024-11-28,3.8592019081115723
2024-11,dgt_directed_road_adaptive,2027,2,2024-11-28 21:00:00,2024-11-28 22:00:00,2024-11-28,4.079758644104004
2024-11,dgt_directed_road_adaptive,2027,3,2024-11-28 21:00:00,2024-11-28 23:00:00,2024-11-28,3.652545928955078
2024-11,dgt_directed_road_adaptive,2027,6,2024-11-28 21:00:00,2024-11-29 02:00:00,2024-11-29,3.7256460189819336
2024-11,dgt_directed_road_adaptive,2027,1,2024-11-28 22:00:00,2024-11-28 22:00:00,2024-11-28,3.3632688522338867
2024-11,dgt_directed_road_adaptive,2027,2,2024-11-28 22:00:00,2024-11-28 23:00:00,2024-11-28,4.172954559326172
2024-11,dgt_directed_road_adaptive,2027,3,2024-11-28 22:00:00,2024-11-29 00:00:00,2024-11-29,4.572516918182373
2024-11,dgt_directed_road_adaptive,2027,6,2024-11-28 22:00:00,2024-11-29 03:00:00,2024-11-29,4.6622467041015625
2024-11,dgt_directed_road_adaptive,2027,1,2024-11-28 23:00:00,2024-11-28 23:00:00,2024-11-28,3.344881057739258
2024-11,dgt_directed_road_adaptive,2027,2,2024-11-28 23:00:00,2024-11-29 00:00:00,2024-11-29,4.365789413452148
2024-11,dgt_directed_road_adaptive,2027,3,2024-11-28 23:00:00,2024-11-29 01:00:00,2024-11-29,4.49308967590332
2024-11,dgt_directed_road_adaptive,2027,6,2024-11-28 23:00:00,2024-11-29 04:00:00,2024-11-29,5.7526936531066895
2024-11,dgt_directed_road_adaptive,2027,1,2024-11-29 00:00:00,2024-11-29 00:00:00,2024-11-29,3.766897439956665
2024-11,dgt_directed_road_adaptive,2027,2,2024-11-29 00:00:00,2024-11-29 01:00:00,2024-11-29,4.266587734222412
2024-11,dgt_directed_road_adaptive,2027,3,2024-11-29 00:00:00,2024-11-29 02:00:00,2024-11-29,3.7445292472839355
2024-11,dgt_directed_road_adaptive,2027,6,2024-11-29 00:00:00,2024-11-29 05:00:00,2024-11-29,5.321474075317383
2024-11,dgt_directed_road_adaptive,2027,1,2024-11-29 01:00:00,2024-11-29 01:00:00,2024-11-29,3.9553487300872803
2024-11,dgt_directed_road_adaptive,2027,2,2024-11-29 01:00:00,2024-11-29 02:00:00,2024-11-29,3.7098352909088135
2024-11,dgt_directed_road_adaptive,2027,3,2024-11-29 01:00:00,2024-11-29 03:00:00,2024-11-29,5.066904067993164
2024-11,dgt_directed_road_adaptive,2027,6,2024-11-29 01:00:00,2024-11-29 06:00:00,2024-11-29,3.1783885955810547
2024-11,dgt_directed_road_adaptive,2027,1,2024-11-29 02:00:00,2024-11-29 02:00:00,2024-11-29,3.8019580841064453
2024-11,dgt_directed_road_adaptive,2027,2,2024-11-29 02:00:00,2024-11-29 03:00:00,2024-11-29,5.010285377502441
2024-11,dgt_directed_road_adaptive,2027,3,2024-11-29 02:00:00,2024-11-29 04:00:00,2024-11-29,5.523537635803223
2024-11,dgt_directed_road_adaptive,2027,6,2024-11-29 02:00:00,2024-11-29 07:00:00,2024-11-29,5.514781951904297
2024-11,dgt_directed_road_adaptive,2027,1,2024-11-29 03:00:00,2024-11-29 03:00:00,2024-11-29,4.762307643890381
2024-11,dgt_directed_road_adaptive,2027,2,2024-11-29 03:00:00,2024-11-29 04:00:00,2024-11-29,5.2354230880737305
2024-11,dgt_directed_road_adaptive,2027,3,2024-11-29 03:00:00,2024-11-29 05:00:00,2024-11-29,5.200317859649658
2024-11,dgt_directed_road_adaptive,2027,6,2024-11-29 03:00:00,2024-11-29 08:00:00,2024-11-29,5.963748931884766
2024-11,dgt_directed_road_adaptive,2027,1,2024-11-29 04:00:00,2024-11-29 04:00:00,2024-11-29,5.6464338302612305
2024-11,dgt_directed_road_adaptive,2027,2,2024-11-29 04:00:00,2024-11-29 05:00:00,2024-11-29,4.956024169921875
2024-11,dgt_directed_road_adaptive,2027,3,2024-11-29 04:00:00,2024-11-29 06:00:00,2024-11-29,3.221512794494629
2024-11,dgt_directed_road_adaptive,2027,6,2024-11-29 04:00:00,2024-11-29 09:00:00,2024-11-29,4.399925231933594
2024-11,dgt_directed_road_adaptive,2027,1,2024-11-29 05:00:00,2024-11-29 05:00:00,2024-11-29,4.804372787475586
2024-11,dgt_directed_road_adaptive,2027,2,2024-11-29 05:00:00,2024-11-29 06:00:00,2024-11-29,3.3412489891052246
2024-11,dgt_directed_road_adaptive,2027,3,2024-11-29 05:00:00,2024-11-29 07:00:00,2024-11-29,4.60689640045166
2024-11,dgt_directed_road_adaptive,2027,6,2024-11-29 05:00:00,2024-11-29 10:00:00,2024-11-29,3.4082305431365967
2024-11,dgt_directed_road_adaptive,2027,1,2024-11-29 06:00:00,2024-11-29 06:00:00,2024-11-29,3.6331164836883545
2024-11,dgt_directed_road_adaptive,2027,2,2024-11-29 06:00:00,2024-11-29 07:00:00,2024-11-29,4.6873297691345215
2024-11,dgt_directed_road_adaptive,2027,3,2024-11-29 06:00:00,2024-11-29 08:00:00,2024-11-29,4.620006084442139
2024-11,dgt_directed_road_adaptive,2027,6,2024-11-29 06:00:00,2024-11-29 11:00:00,2024-11-29,3.31758189201355
2024-11,dgt_directed_road_adaptive,2027,1,2024-11-29 07:00:00,2024-11-29 07:00:00,2024-11-29,4.52898645401001
2024-11,dgt_directed_road_adaptive,2027,2,2024-11-29 07:00:00,2024-11-29 08:00:00,2024-11-29,4.417294025421143
2024-11,dgt_directed_road_adaptive,2027,3,2024-11-29 07:00:00,2024-11-29 09:00:00,2024-11-29,3.0982537269592285
2024-11,dgt_directed_road_adaptive,2027,6,2024-11-29 07:00:00,2024-11-29 12:00:00,2024-11-29,3.0099611282348633
2024-11,dgt_directed_road_adaptive,2027,1,2024-11-29 08:00:00,2024-11-29 08:00:00,2024-11-29,4.426952362060547
2024-11,dgt_directed_road_adaptive,2027,2,2024-11-29 08:00:00,2024-11-29 09:00:00,2024-11-29,2.833266019821167
2024-11,dgt_directed_road_adaptive,2027,3,2024-11-29 08:00:00,2024-11-29 10:00:00,2024-11-29,3.0005669593811035
2024-11,dgt_directed_road_adaptive,2027,6,2024-11-29 08:00:00,2024-11-29 13:00:00,2024-11-29,3.6911401748657227
2024-11,dgt_directed_road_adaptive,2027,1,2024-11-29 09:00:00,2024-11-29 09:00:00,2024-11-29,2.965977191925049
2024-11,dgt_directed_road_adaptive,2027,2,2024-11-29 09:00:00,2024-11-29 10:00:00,2024-11-29,3.3570523262023926
2024-11,dgt_directed_road_adaptive,2027,3,2024-11-29 09:00:00,2024-11-29 11:00:00,2024-11-29,3.1653764247894287
2024-11,dgt_directed_road_adaptive,2027,6,2024-11-29 09:00:00,2024-11-29 14:00:00,2024-11-29,2.9349584579467773
2024-11,dgt_directed_road_adaptive,2027,1,2024-11-29 10:00:00,2024-11-29 10:00:00,2024-11-29,3.0463128089904785
2024-11,dgt_directed_road_adaptive,2027,2,2024-11-29 10:00:00,2024-11-29 11:00:00,2024-11-29,2.911557674407959
2024-11,dgt_directed_road_adaptive,2027,3,2024-11-29 10:00:00,2024-11-29 12:00:00,2024-11-29,2.859671115875244
2024-11,dgt_directed_road_adaptive,2027,6,2024-11-29 10:00:00,2024-11-29 15:00:00,2024-11-29,3.079258918762207
2024-11,dgt_directed_road_adaptive,2027,1,2024-11-29 11:00:00,2024-11-29 11:00:00,2024-11-29,2.8851847648620605
2024-11,dgt_directed_road_adaptive,2027,2,2024-11-29 11:00:00,2024-11-29 12:00:00,2024-11-29,2.8219118118286133
2024-11,dgt_directed_road_adaptive,2027,3,2024-11-29 11:00:00,2024-11-29 13:00:00,2024-11-29,3.607367515563965
2024-11,dgt_directed_road_adaptive,2027,6,2024-11-29 11:00:00,2024-11-29 16:00:00,2024-11-29,3.7268049716949463
2024-11,dgt_directed_road_adaptive,2027,1,2024-11-29 12:00:00,2024-11-29 12:00:00,2024-11-29,2.575845718383789
2024-11,dgt_directed_road_adaptive,2027,2,2024-11-29 12:00:00,2024-11-29 13:00:00,2024-11-29,2.971324920654297
2024-11,dgt_directed_road_adaptive,2027,3,2024-11-29 12:00:00,2024-11-29 14:00:00,2024-11-29,2.8165640830993652
2024-11,dgt_directed_road_adaptive,2027,6,2024-11-29 12:00:00,2024-11-29 17:00:00,2024-11-29,5.122912883758545
2024-11,dgt_directed_road_adaptive,2027,1,2024-11-29 13:00:00,2024-11-29 13:00:00,2024-11-29,3.08370041847229
2024-11,dgt_directed_road_adaptive,2027,2,2024-11-29 13:00:00,2024-11-29 14:00:00,2024-11-29,3.5383527278900146
2024-11,dgt_directed_road_adaptive,2027,3,2024-11-29 13:00:00,2024-11-29 15:00:00,2024-11-29,2.785771608352661
2024-11,dgt_directed_road_adaptive,2027,6,2024-11-29 13:00:00,2024-11-29 18:00:00,2024-11-29,6.058441162109375
2024-11,dgt_directed_road_adaptive,2027,1,2024-11-29 14:00:00,2024-11-29 14:00:00,2024-11-29,2.8649911880493164
2024-11,dgt_directed_road_adaptive,2027,2,2024-11-29 14:00:00,2024-11-29 15:00:00,2024-11-29,2.7654197216033936
2024-11,dgt_directed_road_adaptive,2027,3,2024-11-29 14:00:00,2024-11-29 16:00:00,2024-11-29,2.9569153785705566
2024-11,dgt_directed_road_adaptive,2027,6,2024-11-29 14:00:00,2024-11-29 19:00:00,2024-11-29,5.559652328491211
2024-11,dgt_directed_road_adaptive,2027,1,2024-11-29 15:00:00,2024-11-29 15:00:00,2024-11-29,2.705437183380127
2024-11,dgt_directed_road_adaptive,2027,2,2024-11-29 15:00:00,2024-11-29 16:00:00,2024-11-29,3.0962743759155273
2024-11,dgt_directed_road_adaptive,2027,3,2024-11-29 15:00:00,2024-11-29 17:00:00,2024-11-29,4.28578519821167
2024-11,dgt_directed_road_adaptive,2027,6,2024-11-29 15:00:00,2024-11-29 20:00:00,2024-11-29,3.9642534255981445
2024-11,dgt_directed_road_adaptive,2027,1,2024-11-29 16:00:00,2024-11-29 16:00:00,2024-11-29,3.349132776260376
2024-11,dgt_directed_road_adaptive,2027,2,2024-11-29 16:00:00,2024-11-29 17:00:00,2024-11-29,4.517177104949951
2024-11,dgt_directed_road_adaptive,2027,3,2024-11-29 16:00:00,2024-11-29 18:00:00,2024-11-29,5.212657928466797
2024-11,dgt_directed_road_adaptive,2027,6,2024-11-29 16:00:00,2024-11-29 21:00:00,2024-11-29,3.2392141819000244
2024-11,dgt_directed_road_adaptive,2027,1,2024-11-29 17:00:00,2024-11-29 17:00:00,2024-11-29,4.318079948425293
2024-11,dgt_directed_road_adaptive,2027,2,2024-11-29 17:00:00,2024-11-29 18:00:00,2024-11-29,5.261545181274414
2024-11,dgt_directed_road_adaptive,2027,3,2024-11-29 17:00:00,2024-11-29 19:00:00,2024-11-29,4.634710311889648
2024-11,dgt_directed_road_adaptive,2027,6,2024-11-29 17:00:00,2024-11-29 22:00:00,2024-11-29,3.6972813606262207
2024-11,dgt_directed_road_adaptive,2027,1,2024-11-29 18:00:00,2024-11-29 18:00:00,2024-11-29,4.769935607910156
2024-11,dgt_directed_road_adaptive,2027,2,2024-11-29 18:00:00,2024-11-29 19:00:00,2024-11-29,5.045069694519043
2024-11,dgt_directed_road_adaptive,2027,3,2024-11-29 18:00:00,2024-11-29 20:00:00,2024-11-29,3.4852495193481445
2024-11,dgt_directed_road_adaptive,2027,6,2024-11-29 18:00:00,2024-11-29 23:00:00,2024-11-29,3.391542434692383
2024-11,dgt_directed_road_adaptive,2027,1,2024-11-29 19:00:00,2024-11-29 19:00:00,2024-11-29,4.730160236358643
2024-11,dgt_directed_road_adaptive,2027,2,2024-11-29 19:00:00,2024-11-29 20:00:00,2024-11-29,3.265429973602295
2024-11,dgt_directed_road_adaptive,2027,3,2024-11-29 19:00:00,2024-11-29 21:00:00,2024-11-29,2.6010618209838867
2024-11,dgt_directed_road_adaptive,2027,6,2024-11-29 19:00:00,2024-11-30 00:00:00,2024-11-30,4.683455467224121
2024-11,dgt_directed_road_adaptive,2027,1,2024-11-29 20:00:00,2024-11-29 20:00:00,2024-11-29,4.227817058563232
2024-11,dgt_directed_road_adaptive,2027,2,2024-11-29 20:00:00,2024-11-29 21:00:00,2024-11-29,2.6945457458496094
2024-11,dgt_directed_road_adaptive,2027,3,2024-11-29 20:00:00,2024-11-29 22:00:00,2024-11-29,3.1489343643188477
2024-11,dgt_directed_road_adaptive,2027,6,2024-11-29 20:00:00,2024-11-30 01:00:00,2024-11-30,4.839395523071289
2024-11,dgt_directed_road_adaptive,2027,1,2024-11-29 21:00:00,2024-11-29 21:00:00,2024-11-29,2.8027803897857666
2024-11,dgt_directed_road_adaptive,2027,2,2024-11-29 21:00:00,2024-11-29 22:00:00,2024-11-29,3.645714521408081
2024-11,dgt_directed_road_adaptive,2027,3,2024-11-29 21:00:00,2024-11-29 23:00:00,2024-11-29,2.8212571144104004
2024-11,dgt_directed_road_adaptive,2027,6,2024-11-29 21:00:00,2024-11-30 02:00:00,2024-11-30,7.520988464355469
2024-11,dgt_directed_road_adaptive,2027,1,2024-11-29 22:00:00,2024-11-29 22:00:00,2024-11-29,3.0369954109191895
2024-11,dgt_directed_road_adaptive,2027,2,2024-11-29 22:00:00,2024-11-29 23:00:00,2024-11-29,3.272547721862793
2024-11,dgt_directed_road_adaptive,2027,3,2024-11-29 22:00:00,2024-11-30 00:00:00,2024-11-30,3.982954740524292
2024-11,dgt_directed_road_adaptive,2027,6,2024-11-29 22:00:00,2024-11-30 03:00:00,2024-11-30,5.47135066986084
2024-11,dgt_directed_road_adaptive,2027,1,2024-11-29 23:00:00,2024-11-29 23:00:00,2024-11-29,2.680098295211792
2024-11,dgt_directed_road_adaptive,2027,2,2024-11-29 23:00:00,2024-11-30 00:00:00,2024-11-30,3.8250627517700195
2024-11,dgt_directed_road_adaptive,2027,3,2024-11-29 23:00:00,2024-11-30 01:00:00,2024-11-30,4.709267616271973
2024-11,dgt_directed_road_adaptive,2027,6,2024-11-29 23:00:00,2024-11-30 04:00:00,2024-11-30,6.538633346557617
2024-11,dgt_directed_road_adaptive,2027,1,2024-11-30 00:00:00,2024-11-30 00:00:00,2024-11-30,3.9590253829956055
2024-11,dgt_directed_road_adaptive,2027,2,2024-11-30 00:00:00,2024-11-30 01:00:00,2024-11-30,4.445858001708984
2024-11,dgt_directed_road_adaptive,2027,3,2024-11-30 00:00:00,2024-11-30 02:00:00,2024-11-30,7.157407760620117
2024-11,dgt_directed_road_adaptive,2027,6,2024-11-30 00:00:00,2024-11-30 05:00:00,2024-11-30,3.57387113571167
2024-11,dgt_directed_road_adaptive,2027,1,2024-11-30 01:00:00,2024-11-30 01:00:00,2024-11-30,4.429468154907227
2024-11,dgt_directed_road_adaptive,2027,2,2024-11-30 01:00:00,2024-11-30 02:00:00,2024-11-30,6.962061882019043
2024-11,dgt_directed_road_adaptive,2027,3,2024-11-30 01:00:00,2024-11-30 03:00:00,2024-11-30,5.047305583953857
2024-11,dgt_directed_road_adaptive,2027,6,2024-11-30 01:00:00,2024-11-30 06:00:00,2024-11-30,3.1744532585144043
2024-11,dgt_directed_road_adaptive,2027,1,2024-11-30 02:00:00,2024-11-30 02:00:00,2024-11-30,6.517025947570801
2024-11,dgt_directed_road_adaptive,2027,2,2024-11-30 02:00:00,2024-11-30 03:00:00,2024-11-30,4.7852277755737305
2024-11,dgt_directed_road_adaptive,2027,3,2024-11-30 02:00:00,2024-11-30 04:00:00,2024-11-30,6.409473419189453
2024-11,dgt_directed_road_adaptive,2027,6,2024-11-30 02:00:00,2024-11-30 07:00:00,2024-11-30,3.0464839935302734
2024-11,dgt_directed_road_adaptive,2027,1,2024-11-30 03:00:00,2024-11-30 03:00:00,2024-11-30,4.509646892547607
2024-11,dgt_directed_road_adaptive,2027,2,2024-11-30 03:00:00,2024-11-30 04:00:00,2024-11-30,6.669854164123535
2024-11,dgt_directed_road_adaptive,2027,3,2024-11-30 03:00:00,2024-11-30 05:00:00,2024-11-30,3.935612201690674
2024-11,dgt_directed_road_adaptive,2027,6,2024-11-30 03:00:00,2024-11-30 08:00:00,2024-11-30,3.274137496948242
2024-11,dgt_directed_road_adaptive,2027,1,2024-11-30 04:00:00,2024-11-30 04:00:00,2024-11-30,6.524128437042236
2024-11,dgt_directed_road_adaptive,2027,2,2024-11-30 04:00:00,2024-11-30 05:00:00,2024-11-30,3.861772298812866
2024-11,dgt_directed_road_adaptive,2027,3,2024-11-30 04:00:00,2024-11-30 06:00:00,2024-11-30,3.6244661808013916
2024-11,dgt_directed_road_adaptive,2027,6,2024-11-30 04:00:00,2024-11-30 09:00:00,2024-11-30,3.5124895572662354
2024-11,dgt_directed_road_adaptive,2027,1,2024-11-30 05:00:00,2024-11-30 05:00:00,2024-11-30,3.6761553287506104
2024-11,dgt_directed_road_adaptive,2027,2,2024-11-30 05:00:00,2024-11-30 06:00:00,2024-11-30,3.755692958831787
2024-11,dgt_directed_road_adaptive,2027,3,2024-11-30 05:00:00,2024-11-30 07:00:00,2024-11-30,3.896207571029663
2024-11,dgt_directed_road_adaptive,2027,6,2024-11-30 05:00:00,2024-11-30 10:00:00,2024-11-30,3.5125579833984375
2024-11,dgt_directed_road_adaptive,2027,1,2024-11-30 06:00:00,2024-11-30 06:00:00,2024-11-30,3.6905298233032227
2024-11,dgt_directed_road_adaptive,2027,2,2024-11-30 06:00:00,2024-11-30 07:00:00,2024-11-30,3.889005184173584
2024-11,dgt_directed_road_adaptive,2027,3,2024-11-30 06:00:00,2024-11-30 08:00:00,2024-11-30,3.193169116973877
2024-11,dgt_directed_road_adaptive,2027,6,2024-11-30 06:00:00,2024-11-30 11:00:00,2024-11-30,2.6788744926452637
2024-11,dgt_directed_road_adaptive,2027,1,2024-11-30 07:00:00,2024-11-30 07:00:00,2024-11-30,4.119113445281982
2024-11,dgt_directed_road_adaptive,2027,2,2024-11-30 07:00:00,2024-11-30 08:00:00,2024-11-30,3.298001527786255
2024-11,dgt_directed_road_adaptive,2027,3,2024-11-30 07:00:00,2024-11-30 09:00:00,2024-11-30,2.798865556716919
2024-11,dgt_directed_road_adaptive,2027,6,2024-11-30 07:00:00,2024-11-30 12:00:00,2024-11-30,3.486346483230591
2024-11,dgt_directed_road_adaptive,2027,1,2024-11-30 08:00:00,2024-11-30 08:00:00,2024-11-30,3.3092312812805176
2024-11,dgt_directed_road_adaptive,2027,2,2024-11-30 08:00:00,2024-11-30 09:00:00,2024-11-30,2.999354124069214
2024-11,dgt_directed_road_adaptive,2027,3,2024-11-30 08:00:00,2024-11-30 10:00:00,2024-11-30,3.2756881713867188
2024-11,dgt_directed_road_adaptive,2027,6,2024-11-30 08:00:00,2024-11-30 13:00:00,2024-11-30,3.6900103092193604
2024-11,dgt_directed_road_adaptive,2027,1,2024-11-30 09:00:00,2024-11-30 09:00:00,2024-11-30,2.8350963592529297
2024-11,dgt_directed_road_adaptive,2027,2,2024-11-30 09:00:00,2024-11-30 10:00:00,2024-11-30,3.1016955375671387
2024-11,dgt_directed_road_adaptive,2027,3,2024-11-30 09:00:00,2024-11-30 11:00:00,2024-11-30,2.6055490970611572
2024-11,dgt_directed_road_adaptive,2027,6,2024-11-30 09:00:00,2024-11-30 14:00:00,2024-11-30,3.6191062927246094
2024-11,dgt_directed_road_adaptive,2027,1,2024-11-30 10:00:00,2024-11-30 10:00:00,2024-11-30,2.8258044719696045
2024-11,dgt_directed_road_adaptive,2027,2,2024-11-30 10:00:00,2024-11-30 11:00:00,2024-11-30,3.046555995941162
2024-11,dgt_directed_road_adaptive,2027,3,2024-11-30 10:00:00,2024-11-30 12:00:00,2024-11-30,3.5694680213928223
2024-11,dgt_directed_road_adaptive,2027,6,2024-11-30 10:00:00,2024-11-30 15:00:00,2024-11-30,3.631011962890625
2024-11,dgt_directed_road_adaptive,2027,1,2024-11-30 11:00:00,2024-11-30 11:00:00,2024-11-30,2.2432544231414795
2024-11,dgt_directed_road_adaptive,2027,2,2024-11-30 11:00:00,2024-11-30 12:00:00,2024-11-30,3.9332094192504883
2024-11,dgt_directed_road_adaptive,2027,3,2024-11-30 11:00:00,2024-11-30 13:00:00,2024-11-30,3.864182233810425
2024-11,dgt_directed_road_adaptive,2027,6,2024-11-30 11:00:00,2024-11-30 16:00:00,2024-11-30,4.173741340637207
2024-11,dgt_directed_road_adaptive,2027,1,2024-11-30 12:00:00,2024-11-30 12:00:00,2024-11-30,3.6368680000305176
2024-11,dgt_directed_road_adaptive,2027,2,2024-11-30 12:00:00,2024-11-30 13:00:00,2024-11-30,4.512825012207031
2024-11,dgt_directed_road_adaptive,2027,3,2024-11-30 12:00:00,2024-11-30 14:00:00,2024-11-30,3.581892728805542
2024-11,dgt_directed_road_adaptive,2027,6,2024-11-30 12:00:00,2024-11-30 17:00:00,2024-11-30,5.341531276702881
2024-11,dgt_directed_road_adaptive,2027,1,2024-11-30 13:00:00,2024-11-30 13:00:00,2024-11-30,3.311953544616699
2024-11,dgt_directed_road_adaptive,2027,2,2024-11-30 13:00:00,2024-11-30 14:00:00,2024-11-30,3.8716535568237305
2024-11,dgt_directed_road_adaptive,2027,3,2024-11-30 13:00:00,2024-11-30 15:00:00,2024-11-30,3.6359610557556152
2024-11,dgt_directed_road_adaptive,2027,6,2024-11-30 13:00:00,2024-11-30 18:00:00,2024-11-30,6.262038230895996
2024-11,dgt_directed_road_adaptive,2027,1,2024-11-30 14:00:00,2024-11-30 14:00:00,2024-11-30,3.1394476890563965
2024-11,dgt_directed_road_adaptive,2027,2,2024-11-30 14:00:00,2024-11-30 15:00:00,2024-11-30,3.5502495765686035
2024-11,dgt_directed_road_adaptive,2027,3,2024-11-30 14:00:00,2024-11-30 16:00:00,2024-11-30,3.8924899101257324
2024-11,dgt_directed_road_adaptive,2027,6,2024-11-30 14:00:00,2024-11-30 19:00:00,2024-11-30,3.100947856903076
2024-11,dgt_directed_road_adaptive,2027,1,2024-11-30 15:00:00,2024-11-30 15:00:00,2024-11-30,3.1481990814208984
2024-11,dgt_directed_road_adaptive,2027,2,2024-11-30 15:00:00,2024-11-30 16:00:00,2024-11-30,3.9027843475341797
2024-11,dgt_directed_road_adaptive,2027,3,2024-11-30 15:00:00,2024-11-30 17:00:00,2024-11-30,4.722721099853516
2024-11,dgt_directed_road_adaptive,2027,6,2024-11-30 15:00:00,2024-11-30 20:00:00,2024-11-30,3.7516303062438965
2024-11,dgt_directed_road_adaptive,2027,1,2024-11-30 16:00:00,2024-11-30 16:00:00,2024-11-30,3.936109781265259
2024-11,dgt_directed_road_adaptive,2027,2,2024-11-30 16:00:00,2024-11-30 17:00:00,2024-11-30,4.55551815032959
2024-11,dgt_directed_road_adaptive,2027,3,2024-11-30 16:00:00,2024-11-30 18:00:00,2024-11-30,5.69839334487915
2024-11,dgt_directed_road_adaptive,2027,6,2024-11-30 16:00:00,2024-11-30 21:00:00,2024-11-30,3.5724642276763916
2024-11,dgt_directed_road_adaptive,2027,1,2024-11-30 17:00:00,2024-11-30 17:00:00,2024-11-30,4.514650344848633
2024-11,dgt_directed_road_adaptive,2027,2,2024-11-30 17:00:00,2024-11-30 18:00:00,2024-11-30,5.255187034606934
2024-11,dgt_directed_road_adaptive,2027,3,2024-11-30 17:00:00,2024-11-30 19:00:00,2024-11-30,2.9763240814208984
2024-11,dgt_directed_road_adaptive,2027,6,2024-11-30 17:00:00,2024-11-30 22:00:00,2024-11-30,3.5156211853027344
2024-11,temporal_mlp,2028,1,2024-11-26 12:00:00,2024-11-26 12:00:00,2024-11-26,2.2152819633483887
2024-11,temporal_mlp,2028,2,2024-11-26 12:00:00,2024-11-26 13:00:00,2024-11-26,2.7882213592529297
2024-11,temporal_mlp,2028,3,2024-11-26 12:00:00,2024-11-26 14:00:00,2024-11-26,2.5850725173950195
2024-11,temporal_mlp,2028,6,2024-11-26 12:00:00,2024-11-26 17:00:00,2024-11-26,5.079275131225586
2024-11,temporal_mlp,2028,1,2024-11-26 13:00:00,2024-11-26 13:00:00,2024-11-26,2.673346519470215
2024-11,temporal_mlp,2028,2,2024-11-26 13:00:00,2024-11-26 14:00:00,2024-11-26,2.734259605407715
2024-11,temporal_mlp,2028,3,2024-11-26 13:00:00,2024-11-26 15:00:00,2024-11-26,2.7879059314727783
2024-11,temporal_mlp,2028,6,2024-11-26 13:00:00,2024-11-26 18:00:00,2024-11-26,5.765145778656006
2024-11,temporal_mlp,2028,1,2024-11-26 14:00:00,2024-11-26 14:00:00,2024-11-26,2.7077696323394775
2024-11,temporal_mlp,2028,2,2024-11-26 14:00:00,2024-11-26 15:00:00,2024-11-26,2.7251040935516357
2024-11,temporal_mlp,2028,3,2024-11-26 14:00:00,2024-11-26 16:00:00,2024-11-26,3.3933725357055664
2024-11,temporal_mlp,2028,6,2024-11-26 14:00:00,2024-11-26 19:00:00,2024-11-26,4.088748931884766
2024-11,temporal_mlp,2028,1,2024-11-26 15:00:00,2024-11-26 15:00:00,2024-11-26,2.497015953063965
2024-11,temporal_mlp,2028,2,2024-11-26 15:00:00,2024-11-26 16:00:00,2024-11-26,3.3060219287872314
2024-11,temporal_mlp,2028,3,2024-11-26 15:00:00,2024-11-26 17:00:00,2024-11-26,5.255138874053955
2024-11,temporal_mlp,2028,6,2024-11-26 15:00:00,2024-11-26 20:00:00,2024-11-26,3.6308703422546387
2024-11,temporal_mlp,2028,1,2024-11-26 16:00:00,2024-11-26 16:00:00,2024-11-26,3.2169978618621826
2024-11,temporal_mlp,2028,2,2024-11-26 16:00:00,2024-11-26 17:00:00,2024-11-26,4.918036460876465
2024-11,temporal_mlp,2028,3,2024-11-26 16:00:00,2024-11-26 18:00:00,2024-11-26,5.846684455871582
2024-11,temporal_mlp,2028,6,2024-11-26 16:00:00,2024-11-26 21:00:00,2024-11-26,4.900827407836914
2024-11,temporal_mlp,2028,1,2024-11-26 17:00:00,2024-11-26 17:00:00,2024-11-26,4.789539337158203
2024-11,temporal_mlp,2028,2,2024-11-26 17:00:00,2024-11-26 18:00:00,2024-11-26,5.473653793334961
2024-11,temporal_mlp,2028,3,2024-11-26 17:00:00,2024-11-26 19:00:00,2024-11-26,3.8544440269470215
2024-11,temporal_mlp,2028,6,2024-11-26 17:00:00,2024-11-26 22:00:00,2024-11-26,4.945501804351807
2024-11,temporal_mlp,2028,1,2024-11-26 18:00:00,2024-11-26 18:00:00,2024-11-26,5.097933292388916
2024-11,temporal_mlp,2028,2,2024-11-26 18:00:00,2024-11-26 19:00:00,2024-11-26,3.598973512649536
2024-11,temporal_mlp,2028,3,2024-11-26 18:00:00,2024-11-26 20:00:00,2024-11-26,3.557563543319702
2024-11,temporal_mlp,2028,6,2024-11-26 18:00:00,2024-11-26 23:00:00,2024-11-26,5.062823295593262
2024-11,temporal_mlp,2028,1,2024-11-26 19:00:00,2024-11-26 19:00:00,2024-11-26,3.0961573123931885
2024-11,temporal_mlp,2028,2,2024-11-26 19:00:00,2024-11-26 20:00:00,2024-11-26,3.672243595123291
2024-11,temporal_mlp,2028,3,2024-11-26 19:00:00,2024-11-26 21:00:00,2024-11-26,5.061708450317383
2024-11,temporal_mlp,2028,6,2024-11-26 19:00:00,2024-11-27 00:00:00,2024-11-27,3.4815778732299805
2024-11,temporal_mlp,2028,1,2024-11-26 20:00:00,2024-11-26 20:00:00,2024-11-26,3.1808314323425293
2024-11,temporal_mlp,2028,2,2024-11-26 20:00:00,2024-11-26 21:00:00,2024-11-26,4.88010311126709
2024-11,temporal_mlp,2028,3,2024-11-26 20:00:00,2024-11-26 22:00:00,2024-11-26,4.790048122406006
2024-11,temporal_mlp,2028,6,2024-11-26 20:00:00,2024-11-27 01:00:00,2024-11-27,5.3170270919799805
2024-11,temporal_mlp,2028,1,2024-11-26 21:00:00,2024-11-26 21:00:00,2024-11-26,4.576521873474121
2024-11,temporal_mlp,2028,2,2024-11-26 21:00:00,2024-11-26 22:00:00,2024-11-26,4.983420372009277
2024-11,temporal_mlp,2028,3,2024-11-26 21:00:00,2024-11-26 23:00:00,2024-11-26,4.350961208343506
2024-11,temporal_mlp,2028,6,2024-11-26 21:00:00,2024-11-27 02:00:00,2024-11-27,4.826291084289551
2024-11,temporal_mlp,2028,1,2024-11-26 22:00:00,2024-11-26 22:00:00,2024-11-26,4.65895414352417
2024-11,temporal_mlp,2028,2,2024-11-26 22:00:00,2024-11-26 23:00:00,2024-11-26,4.1283860206604
2024-11,temporal_mlp,2028,3,2024-11-26 22:00:00,2024-11-27 00:00:00,2024-11-27,3.5570778846740723
2024-11,temporal_mlp,2028,6,2024-11-26 22:00:00,2024-11-27 03:00:00,2024-11-27,5.264208793640137
2024-11,temporal_mlp,2028,1,2024-11-26 23:00:00,2024-11-26 23:00:00,2024-11-26,4.2531418800354
2024-11,temporal_mlp,2028,2,2024-11-26 23:00:00,2024-11-27 00:00:00,2024-11-27,3.663668155670166
2024-11,temporal_mlp,2028,3,2024-11-26 23:00:00,2024-11-27 01:00:00,2024-11-27,5.003567218780518
2024-11,temporal_mlp,2028,6,2024-11-26 23:00:00,2024-11-27 04:00:00,2024-11-27,6.886627197265625
2024-11,temporal_mlp,2028,1,2024-11-27 00:00:00,2024-11-27 00:00:00,2024-11-27,3.968076229095459
2024-11,temporal_mlp,2028,2,2024-11-27 00:00:00,2024-11-27 01:00:00,2024-11-27,4.884737014770508
2024-11,temporal_mlp,2028,3,2024-11-27 00:00:00,2024-11-27 02:00:00,2024-11-27,4.423225402832031
2024-11,temporal_mlp,2028,6,2024-11-27 00:00:00,2024-11-27 05:00:00,2024-11-27,3.8673973083496094
2024-11,temporal_mlp,2028,1,2024-11-27 01:00:00,2024-11-27 01:00:00,2024-11-27,4.8504109382629395
2024-11,temporal_mlp,2028,2,2024-11-27 01:00:00,2024-11-27 02:00:00,2024-11-27,4.444252014160156
2024-11,temporal_mlp,2028,3,2024-11-27 01:00:00,2024-11-27 03:00:00,2024-11-27,5.416636943817139
2024-11,temporal_mlp,2028,6,2024-11-27 01:00:00,2024-11-27 06:00:00,2024-11-27,2.7658936977386475
2024-11,temporal_mlp,2028,1,2024-11-27 02:00:00,2024-11-27 02:00:00,2024-11-27,4.356163024902344
2024-11,temporal_mlp,2028,2,2024-11-27 02:00:00,2024-11-27 03:00:00,2024-11-27,5.653810977935791
2024-11,temporal_mlp,2028,3,2024-11-27 02:00:00,2024-11-27 04:00:00,2024-11-27,6.813073635101318
2024-11,temporal_mlp,2028,6,2024-11-27 02:00:00,2024-11-27 07:00:00,2024-11-27,2.985410213470459
2024-11,temporal_mlp,2028,1,2024-11-27 03:00:00,2024-11-27 03:00:00,2024-11-27,5.0037641525268555
2024-11,temporal_mlp,2028,2,2024-11-27 03:00:00,2024-11-27 04:00:00,2024-11-27,7.041650772094727
2024-11,temporal_mlp,2028,3,2024-11-27 03:00:00,2024-11-27 05:00:00,2024-11-27,3.8654260635375977
2024-11,temporal_mlp,2028,6,2024-11-27 03:00:00,2024-11-27 08:00:00,2024-11-27,3.192777633666992
2024-11,temporal_mlp,2028,1,2024-11-27 04:00:00,2024-11-27 04:00:00,2024-11-27,6.7562408447265625
2024-11,temporal_mlp,2028,2,2024-11-27 04:00:00,2024-11-27 05:00:00,2024-11-27,3.999936580657959
2024-11,temporal_mlp,2028,3,2024-11-27 04:00:00,2024-11-27 06:00:00,2024-11-27,2.897688388824463
2024-11,temporal_mlp,2028,6,2024-11-27 04:00:00,2024-11-27 09:00:00,2024-11-27,2.7909111976623535
2024-11,temporal_mlp,2028,1,2024-11-27 05:00:00,2024-11-27 05:00:00,2024-11-27,3.9706339836120605
2024-11,temporal_mlp,2028,2,2024-11-27 05:00:00,2024-11-27 06:00:00,2024-11-27,3.4104325771331787
2024-11,temporal_mlp,2028,3,2024-11-27 05:00:00,2024-11-27 07:00:00,2024-11-27,4.097463130950928
2024-11,temporal_mlp,2028,6,2024-11-27 05:00:00,2024-11-27 10:00:00,2024-11-27,2.281691312789917
2024-11,temporal_mlp,2028,1,2024-11-27 06:00:00,2024-11-27 06:00:00,2024-11-27,3.2835135459899902
2024-11,temporal_mlp,2028,2,2024-11-27 06:00:00,2024-11-27 07:00:00,2024-11-27,3.1506195068359375
2024-11,temporal_mlp,2028,3,2024-11-27 06:00:00,2024-11-27 08:00:00,2024-11-27,3.8716306686401367
2024-11,temporal_mlp,2028,6,2024-11-27 06:00:00,2024-11-27 11:00:00,2024-11-27,2.832559108734131
2024-11,temporal_mlp,2028,1,2024-11-27 07:00:00,2024-11-27 07:00:00,2024-11-27,2.9796700477600098
2024-11,temporal_mlp,2028,2,2024-11-27 07:00:00,2024-11-27 08:00:00,2024-11-27,3.4254379272460938
2024-11,temporal_mlp,2028,3,2024-11-27 07:00:00,2024-11-27 09:00:00,2024-11-27,2.8338234424591064
2024-11,temporal_mlp,2028,6,2024-11-27 07:00:00,2024-11-27 12:00:00,2024-11-27,2.7179529666900635
2024-11,temporal_mlp,2028,1,2024-11-27 08:00:00,2024-11-27 08:00:00,2024-11-27,3.515389919281006
2024-11,temporal_mlp,2028,2,2024-11-27 08:00:00,2024-11-27 09:00:00,2024-11-27,2.7946629524230957
2024-11,temporal_mlp,2028,3,2024-11-27 08:00:00,2024-11-27 10:00:00,2024-11-27,2.024341106414795
2024-11,temporal_mlp,2028,6,2024-11-27 08:00:00,2024-11-27 13:00:00,2024-11-27,2.8894758224487305
2024-11,temporal_mlp,2028,1,2024-11-27 09:00:00,2024-11-27 09:00:00,2024-11-27,2.749074935913086
2024-11,temporal_mlp,2028,2,2024-11-27 09:00:00,2024-11-27 10:00:00,2024-11-27,1.9992775917053223
2024-11,temporal_mlp,2028,3,2024-11-27 09:00:00,2024-11-27 11:00:00,2024-11-27,2.624943733215332
2024-11,temporal_mlp,2028,6,2024-11-27 09:00:00,2024-11-27 14:00:00,2024-11-27,3.122915267944336
2024-11,temporal_mlp,2028,1,2024-11-27 10:00:00,2024-11-27 10:00:00,2024-11-27,1.825022578239441
2024-11,temporal_mlp,2028,2,2024-11-27 10:00:00,2024-11-27 11:00:00,2024-11-27,2.543238401412964
2024-11,temporal_mlp,2028,3,2024-11-27 10:00:00,2024-11-27 12:00:00,2024-11-27,2.6432366371154785
2024-11,temporal_mlp,2028,6,2024-11-27 10:00:00,2024-11-27 15:00:00,2024-11-27,3.2959582805633545
2024-11,temporal_mlp,2028,1,2024-11-27 11:00:00,2024-11-27 11:00:00,2024-11-27,2.4099347591400146
2024-11,temporal_mlp,2028,2,2024-11-27 11:00:00,2024-11-27 12:00:00,2024-11-27,2.552638530731201
2024-11,temporal_mlp,2028,3,2024-11-27 11:00:00,2024-11-27 13:00:00,2024-11-27,2.959160327911377
2024-11,temporal_mlp,2028,6,2024-11-27 11:00:00,2024-11-27 16:00:00,2024-11-27,3.458091974258423
2024-11,temporal_mlp,2028,1,2024-11-27 12:00:00,2024-11-27 12:00:00,2024-11-27,2.4538097381591797
2024-11,temporal_mlp,2028,2,2024-11-27 12:00:00,2024-11-27 13:00:00,2024-11-27,2.9337422847747803
2024-11,temporal_mlp,2028,3,2024-11-27 12:00:00,2024-11-27 14:00:00,2024-11-27,3.0935564041137695
2024-11,temporal_mlp,2028,6,2024-11-27 12:00:00,2024-11-27 17:00:00,2024-11-27,4.231301307678223
2024-11,temporal_mlp,2028,1,2024-11-27 13:00:00,2024-11-27 13:00:00,2024-11-27,2.727412462234497
2024-11,temporal_mlp,2028,2,2024-11-27 13:00:00,2024-11-27 14:00:00,2024-11-27,2.9828829765319824
2024-11,temporal_mlp,2028,3,2024-11-27 13:00:00,2024-11-27 15:00:00,2024-11-27,3.7746376991271973
2024-11,temporal_mlp,2028,6,2024-11-27 13:00:00,2024-11-27 18:00:00,2024-11-27,4.297245979309082
2024-11,temporal_mlp,2028,1,2024-11-27 14:00:00,2024-11-27 14:00:00,2024-11-27,2.934619426727295
2024-11,temporal_mlp,2028,2,2024-11-27 14:00:00,2024-11-27 15:00:00,2024-11-27,3.567697525024414
2024-11,temporal_mlp,2028,3,2024-11-27 14:00:00,2024-11-27 16:00:00,2024-11-27,3.4969897270202637
2024-11,temporal_mlp,2028,6,2024-11-27 14:00:00,2024-11-27 19:00:00,2024-11-27,3.4701199531555176
2024-11,temporal_mlp,2028,1,2024-11-27 15:00:00,2024-11-27 15:00:00,2024-11-27,3.4334824085235596
2024-11,temporal_mlp,2028,2,2024-11-27 15:00:00,2024-11-27 16:00:00,2024-11-27,3.4694812297821045
2024-11,temporal_mlp,2028,3,2024-11-27 15:00:00,2024-11-27 17:00:00,2024-11-27,4.293981552124023
2024-11,temporal_mlp,2028,6,2024-11-27 15:00:00,2024-11-27 20:00:00,2024-11-27,3.7082252502441406
2024-11,temporal_mlp,2028,1,2024-11-27 16:00:00,2024-11-27 16:00:00,2024-11-27,3.4389781951904297
2024-11,temporal_mlp,2028,2,2024-11-27 16:00:00,2024-11-27 17:00:00,2024-11-27,3.9087893962860107
2024-11,temporal_mlp,2028,3,2024-11-27 16:00:00,2024-11-27 18:00:00,2024-11-27,3.9928784370422363
2024-11,temporal_mlp,2028,6,2024-11-27 16:00:00,2024-11-27 21:00:00,2024-11-27,4.7958526611328125
2024-11,temporal_mlp,2028,1,2024-11-27 17:00:00,2024-11-27 17:00:00,2024-11-27,3.7385823726654053
2024-11,temporal_mlp,2028,2,2024-11-27 17:00:00,2024-11-27 18:00:00,2024-11-27,3.43565034866333
2024-11,temporal_mlp,2028,3,2024-11-27 17:00:00,2024-11-27 19:00:00,2024-11-27,3.24053955078125
2024-11,temporal_mlp,2028,6,2024-11-27 17:00:00,2024-11-27 22:00:00,2024-11-27,4.612818717956543
2024-11,temporal_mlp,2028,1,2024-11-27 18:00:00,2024-11-27 18:00:00,2024-11-27,3.6773874759674072
2024-11,temporal_mlp,2028,2,2024-11-27 18:00:00,2024-11-27 19:00:00,2024-11-27,3.349412441253662
2024-11,temporal_mlp,2028,3,2024-11-27 18:00:00,2024-11-27 20:00:00,2024-11-27,3.790017604827881
2024-11,temporal_mlp,2028,6,2024-11-27 18:00:00,2024-11-27 23:00:00,2024-11-27,3.7587597370147705
2024-11,temporal_mlp,2028,1,2024-11-27 19:00:00,2024-11-27 19:00:00,2024-11-27,3.0791845321655273
2024-11,temporal_mlp,2028,2,2024-11-27 19:00:00,2024-11-27 20:00:00,2024-11-27,3.7879276275634766
2024-11,temporal_mlp,2028,3,2024-11-27 19:00:00,2024-11-27 21:00:00,2024-11-27,4.662848949432373
2024-11,temporal_mlp,2028,6,2024-11-27 19:00:00,2024-11-28 00:00:00,2024-11-28,3.3136119842529297
2024-11,temporal_mlp,2028,1,2024-11-27 20:00:00,2024-11-27 20:00:00,2024-11-27,3.308009624481201
2024-11,temporal_mlp,2028,2,2024-11-27 20:00:00,2024-11-27 21:00:00,2024-11-27,4.5646891593933105
2024-11,temporal_mlp,2028,3,2024-11-27 20:00:00,2024-11-27 22:00:00,2024-11-27,3.962757110595703
2024-11,temporal_mlp,2028,6,2024-11-27 20:00:00,2024-11-28 01:00:00,2024-11-28,5.310037612915039
2024-11,temporal_mlp,2028,1,2024-11-27 21:00:00,2024-11-27 21:00:00,2024-11-27,4.058316230773926
2024-11,temporal_mlp,2028,2,2024-11-27 21:00:00,2024-11-27 22:00:00,2024-11-27,3.8742008209228516
2024-11,temporal_mlp,2028,3,2024-11-27 21:00:00,2024-11-27 23:00:00,2024-11-27,3.722116231918335
2024-11,temporal_mlp,2028,6,2024-11-27 21:00:00,2024-11-28 02:00:00,2024-11-28,5.113243579864502
2024-11,temporal_mlp,2028,1,2024-11-27 22:00:00,2024-11-27 22:00:00,2024-11-27,3.966306209564209
2024-11,temporal_mlp,2028,2,2024-11-27 22:00:00,2024-11-27 23:00:00,2024-11-27,3.41373348236084
2024-11,temporal_mlp,2028,3,2024-11-27 22:00:00,2024-11-28 00:00:00,2024-11-28,3.0335137844085693
2024-11,temporal_mlp,2028,6,2024-11-27 22:00:00,2024-11-28 03:00:00,2024-11-28,6.1151018142700195
2024-11,temporal_mlp,2028,1,2024-11-27 23:00:00,2024-11-27 23:00:00,2024-11-27,3.4821887016296387
2024-11,temporal_mlp,2028,2,2024-11-27 23:00:00,2024-11-28 00:00:00,2024-11-28,3.0541574954986572
2024-11,temporal_mlp,2028,3,2024-11-27 23:00:00,2024-11-28 01:00:00,2024-11-28,4.722070693969727
2024-11,temporal_mlp,2028,6,2024-11-27 23:00:00,2024-11-28 04:00:00,2024-11-28,5.267054080963135
2024-11,temporal_mlp,2028,1,2024-11-28 00:00:00,2024-11-28 00:00:00,2024-11-28,2.8584682941436768
2024-11,temporal_mlp,2028,2,2024-11-28 00:00:00,2024-11-28 01:00:00,2024-11-28,4.7560553550720215
2024-11,temporal_mlp,2028,3,2024-11-28 00:00:00,2024-11-28 02:00:00,2024-11-28,4.821828842163086
2024-11,temporal_mlp,2028,6,2024-11-28 00:00:00,2024-11-28 05:00:00,2024-11-28,3.8280563354492188
2024-11,temporal_mlp,2028,1,2024-11-28 01:00:00,2024-11-28 01:00:00,2024-11-28,4.705899715423584
2024-11,temporal_mlp,2028,2,2024-11-28 01:00:00,2024-11-28 02:00:00,2024-11-28,5.065852165222168
2024-11,temporal_mlp,2028,3,2024-11-28 01:00:00,2024-11-28 03:00:00,2024-11-28,6.131061553955078
2024-11,temporal_mlp,2028,6,2024-11-28 01:00:00,2024-11-28 06:00:00,2024-11-28,3.1506338119506836
2024-11,temporal_mlp,2028,1,2024-11-28 02:00:00,2024-11-28 02:00:00,2024-11-28,4.440976619720459
2024-11,temporal_mlp,2028,2,2024-11-28 02:00:00,2024-11-28 03:00:00,2024-11-28,5.572653770446777
2024-11,temporal_mlp,2028,3,2024-11-28 02:00:00,2024-11-28 04:00:00,2024-11-28,5.762918949127197
2024-11,temporal_mlp,2028,6,2024-11-28 02:00:00,2024-11-28 07:00:00,2024-11-28,4.192928791046143
2024-11,temporal_mlp,2028,1,2024-11-28 03:00:00,2024-11-28 03:00:00,2024-11-28,5.386814117431641
2024-11,temporal_mlp,2028,2,2024-11-28 03:00:00,2024-11-28 04:00:00,2024-11-28,5.7783918380737305
2024-11,temporal_mlp,2028,3,2024-11-28 03:00:00,2024-11-28 05:00:00,2024-11-28,3.759681224822998
2024-11,temporal_mlp,2028,6,2024-11-28 03:00:00,2024-11-28 08:00:00,2024-11-28,5.175865173339844
2024-11,temporal_mlp,2028,1,2024-11-28 04:00:00,2024-11-28 04:00:00,2024-11-28,6.04030179977417
2024-11,temporal_mlp,2028,2,2024-11-28 04:00:00,2024-11-28 05:00:00,2024-11-28,3.867964029312134
2024-11,temporal_mlp,2028,3,2024-11-28 04:00:00,2024-11-28 06:00:00,2024-11-28,3.373074769973755
2024-11,temporal_mlp,2028,6,2024-11-28 04:00:00,2024-11-28 09:00:00,2024-11-28,3.7483415603637695
2024-11,temporal_mlp,2028,1,2024-11-28 05:00:00,2024-11-28 05:00:00,2024-11-28,3.682389736175537
2024-11,temporal_mlp,2028,2,2024-11-28 05:00:00,2024-11-28 06:00:00,2024-11-28,2.8568167686462402
2024-11,temporal_mlp,2028,3,2024-11-28 05:00:00,2024-11-28 07:00:00,2024-11-28,4.746485710144043
2024-11,temporal_mlp,2028,6,2024-11-28 05:00:00,2024-11-28 10:00:00,2024-11-28,2.9557442665100098
2024-11,temporal_mlp,2028,1,2024-11-28 06:00:00,2024-11-28 06:00:00,2024-11-28,3.026148796081543
2024-11,temporal_mlp,2028,2,2024-11-28 06:00:00,2024-11-28 07:00:00,2024-11-28,4.346925258636475
2024-11,temporal_mlp,2028,3,2024-11-28 06:00:00,2024-11-28 08:00:00,2024-11-28,5.591670989990234
2024-11,temporal_mlp,2028,6,2024-11-28 06:00:00,2024-11-28 11:00:00,2024-11-28,2.775369644165039
2024-11,temporal_mlp,2028,1,2024-11-28 07:00:00,2024-11-28 07:00:00,2024-11-28,4.085141181945801
2024-11,temporal_mlp,2028,2,2024-11-28 07:00:00,2024-11-28 08:00:00,2024-11-28,4.965891361236572
2024-11,temporal_mlp,2028,3,2024-11-28 07:00:00,2024-11-28 09:00:00,2024-11-28,3.296995162963867
2024-11,temporal_mlp,2028,6,2024-11-28 07:00:00,2024-11-28 12:00:00,2024-11-28,2.500321865081787
2024-11,temporal_mlp,2028,1,2024-11-28 08:00:00,2024-11-28 08:00:00,2024-11-28,4.937831401824951
2024-11,temporal_mlp,2028,2,2024-11-28 08:00:00,2024-11-28 09:00:00,2024-11-28,3.338928699493408
2024-11,temporal_mlp,2028,3,2024-11-28 08:00:00,2024-11-28 10:00:00,2024-11-28,2.797288417816162
2024-11,temporal_mlp,2028,6,2024-11-28 08:00:00,2024-11-28 13:00:00,2024-11-28,2.5504133701324463
2024-11,temporal_mlp,2028,1,2024-11-28 09:00:00,2024-11-28 09:00:00,2024-11-28,3.391428232192993
2024-11,temporal_mlp,2028,2,2024-11-28 09:00:00,2024-11-28 10:00:00,2024-11-28,2.373901844024658
2024-11,temporal_mlp,2028,3,2024-11-28 09:00:00,2024-11-28 11:00:00,2024-11-28,2.8146936893463135
2024-11,temporal_mlp,2028,6,2024-11-28 09:00:00,2024-11-28 14:00:00,2024-11-28,2.519519567489624
2024-11,temporal_mlp,2028,1,2024-11-28 10:00:00,2024-11-28 10:00:00,2024-11-28,2.585493803024292
2024-11,temporal_mlp,2028,2,2024-11-28 10:00:00,2024-11-28 11:00:00,2024-11-28,2.596627950668335
2024-11,temporal_mlp,2028,3,2024-11-28 10:00:00,2024-11-28 12:00:00,2024-11-28,2.5406148433685303
2024-11,temporal_mlp,2028,6,2024-11-28 10:00:00,2024-11-28 15:00:00,2024-11-28,3.066586494445801
2024-11,temporal_mlp,2028,1,2024-11-28 11:00:00,2024-11-28 11:00:00,2024-11-28,2.805074691772461
2024-11,temporal_mlp,2028,2,2024-11-28 11:00:00,2024-11-28 12:00:00,2024-11-28,2.647599220275879
2024-11,temporal_mlp,2028,3,2024-11-28 11:00:00,2024-11-28 13:00:00,2024-11-28,2.763558864593506
2024-11,temporal_mlp,2028,6,2024-11-28 11:00:00,2024-11-28 16:00:00,2024-11-28,2.9396069049835205
2024-11,temporal_mlp,2028,1,2024-11-28 12:00:00,2024-11-28 12:00:00,2024-11-28,2.5177252292633057
2024-11,temporal_mlp,2028,2,2024-11-28 12:00:00,2024-11-28 13:00:00,2024-11-28,2.785339832305908
2024-11,temporal_mlp,2028,3,2024-11-28 12:00:00,2024-11-28 14:00:00,2024-11-28,2.7046895027160645
2024-11,temporal_mlp,2028,6,2024-11-28 12:00:00,2024-11-28 17:00:00,2024-11-28,3.985696792602539
2024-11,temporal_mlp,2028,1,2024-11-28 13:00:00,2024-11-28 13:00:00,2024-11-28,2.534003257751465
2024-11,temporal_mlp,2028,2,2024-11-28 13:00:00,2024-11-28 14:00:00,2024-11-28,2.589010238647461
2024-11,temporal_mlp,2028,3,2024-11-28 13:00:00,2024-11-28 15:00:00,2024-11-28,2.736876964569092
2024-11,temporal_mlp,2028,6,2024-11-28 13:00:00,2024-11-28 18:00:00,2024-11-28,4.572293281555176
2024-11,temporal_mlp,2028,1,2024-11-28 14:00:00,2024-11-28 14:00:00,2024-11-28,2.3803303241729736
2024-11,temporal_mlp,2028,2,2024-11-28 14:00:00,2024-11-28 15:00:00,2024-11-28,2.8690552711486816
2024-11,temporal_mlp,2028,3,2024-11-28 14:00:00,2024-11-28 16:00:00,2024-11-28,3.3877832889556885
2024-11,temporal_mlp,2028,6,2024-11-28 14:00:00,2024-11-28 19:00:00,2024-11-28,3.224583625793457
2024-11,temporal_mlp,2028,1,2024-11-28 15:00:00,2024-11-28 15:00:00,2024-11-28,2.897719383239746
2024-11,temporal_mlp,2028,2,2024-11-28 15:00:00,2024-11-28 16:00:00,2024-11-28,3.1170215606689453
2024-11,temporal_mlp,2028,3,2024-11-28 15:00:00,2024-11-28 17:00:00,2024-11-28,4.319587707519531
2024-11,temporal_mlp,2028,6,2024-11-28 15:00:00,2024-11-28 20:00:00,2024-11-28,3.6934194564819336
2024-11,temporal_mlp,2028,1,2024-11-28 16:00:00,2024-11-28 16:00:00,2024-11-28,3.240551233291626
2024-11,temporal_mlp,2028,2,2024-11-28 16:00:00,2024-11-28 17:00:00,2024-11-28,3.9412245750427246
2024-11,temporal_mlp,2028,3,2024-11-28 16:00:00,2024-11-28 18:00:00,2024-11-28,4.532021522521973
2024-11,temporal_mlp,2028,6,2024-11-28 16:00:00,2024-11-28 21:00:00,2024-11-28,4.372405052185059
2024-11,temporal_mlp,2028,1,2024-11-28 17:00:00,2024-11-28 17:00:00,2024-11-28,3.799954652786255
2024-11,temporal_mlp,2028,2,2024-11-28 17:00:00,2024-11-28 18:00:00,2024-11-28,4.181115627288818
2024-11,temporal_mlp,2028,3,2024-11-28 17:00:00,2024-11-28 19:00:00,2024-11-28,3.2686526775360107
2024-11,temporal_mlp,2028,6,2024-11-28 17:00:00,2024-11-28 22:00:00,2024-11-28,3.755366802215576
2024-11,temporal_mlp,2028,1,2024-11-28 18:00:00,2024-11-28 18:00:00,2024-11-28,4.1138105392456055
2024-11,temporal_mlp,2028,2,2024-11-28 18:00:00,2024-11-28 19:00:00,2024-11-28,3.106961727142334
2024-11,temporal_mlp,2028,3,2024-11-28 18:00:00,2024-11-28 20:00:00,2024-11-28,3.7250514030456543
2024-11,temporal_mlp,2028,6,2024-11-28 18:00:00,2024-11-28 23:00:00,2024-11-28,3.689927339553833
2024-11,temporal_mlp,2028,1,2024-11-28 19:00:00,2024-11-28 19:00:00,2024-11-28,3.1075525283813477
2024-11,temporal_mlp,2028,2,2024-11-28 19:00:00,2024-11-28 20:00:00,2024-11-28,3.7913575172424316
2024-11,temporal_mlp,2028,3,2024-11-28 19:00:00,2024-11-28 21:00:00,2024-11-28,4.402740955352783
2024-11,temporal_mlp,2028,6,2024-11-28 19:00:00,2024-11-29 00:00:00,2024-11-29,4.309442043304443
2024-11,temporal_mlp,2028,1,2024-11-28 20:00:00,2024-11-28 20:00:00,2024-11-28,3.2509827613830566
2024-11,temporal_mlp,2028,2,2024-11-28 20:00:00,2024-11-28 21:00:00,2024-11-28,4.239006042480469
2024-11,temporal_mlp,2028,3,2024-11-28 20:00:00,2024-11-28 22:00:00,2024-11-28,3.1883320808410645
2024-11,temporal_mlp,2028,6,2024-11-28 20:00:00,2024-11-29 01:00:00,2024-11-29,4.924048900604248
2024-11,temporal_mlp,2028,1,2024-11-28 21:00:00,2024-11-28 21:00:00,2024-11-28,4.030420303344727
2024-11,temporal_mlp,2028,2,2024-11-28 21:00:00,2024-11-28 22:00:00,2024-11-28,3.045658588409424
2024-11,temporal_mlp,2028,3,2024-11-28 21:00:00,2024-11-28 23:00:00,2024-11-28,3.5969862937927246
2024-11,temporal_mlp,2028,6,2024-11-28 21:00:00,2024-11-29 02:00:00,2024-11-29,3.7151663303375244
2024-11,temporal_mlp,2028,1,2024-11-28 22:00:00,2024-11-28 22:00:00,2024-11-28,3.3119194507598877
2024-11,temporal_mlp,2028,2,2024-11-28 22:00:00,2024-11-28 23:00:00,2024-11-28,3.3039746284484863
2024-11,temporal_mlp,2028,3,2024-11-28 22:00:00,2024-11-29 00:00:00,2024-11-29,4.44008207321167
2024-11,temporal_mlp,2028,6,2024-11-28 22:00:00,2024-11-29 03:00:00,2024-11-29,5.1467180252075195
2024-11,temporal_mlp,2028,1,2024-11-28 23:00:00,2024-11-28 23:00:00,2024-11-28,3.121829032897949
2024-11,temporal_mlp,2028,2,2024-11-28 23:00:00,2024-11-29 00:00:00,2024-11-29,4.241555213928223
2024-11,temporal_mlp,2028,3,2024-11-28 23:00:00,2024-11-29 01:00:00,2024-11-29,4.61517333984375
2024-11,temporal_mlp,2028,6,2024-11-28 23:00:00,2024-11-29 04:00:00,2024-11-29,5.486079692840576
2024-11,temporal_mlp,2028,1,2024-11-29 00:00:00,2024-11-29 00:00:00,2024-11-29,4.0895161628723145
2024-11,temporal_mlp,2028,2,2024-11-29 00:00:00,2024-11-29 01:00:00,2024-11-29,4.392024993896484
2024-11,temporal_mlp,2028,3,2024-11-29 00:00:00,2024-11-29 02:00:00,2024-11-29,3.757333517074585
2024-11,temporal_mlp,2028,6,2024-11-29 00:00:00,2024-11-29 05:00:00,2024-11-29,4.8728179931640625
2024-11,temporal_mlp,2028,1,2024-11-29 01:00:00,2024-11-29 01:00:00,2024-11-29,4.208565711975098
2024-11,temporal_mlp,2028,2,2024-11-29 01:00:00,2024-11-29 02:00:00,2024-11-29,3.6466596126556396
2024-11,temporal_mlp,2028,3,2024-11-29 01:00:00,2024-11-29 03:00:00,2024-11-29,5.146175384521484
2024-11,temporal_mlp,2028,6,2024-11-29 01:00:00,2024-11-29 06:00:00,2024-11-29,3.12819766998291
2024-11,temporal_mlp,2028,1,2024-11-29 02:00:00,2024-11-29 02:00:00,2024-11-29,3.7815518379211426
2024-11,temporal_mlp,2028,2,2024-11-29 02:00:00,2024-11-29 03:00:00,2024-11-29,5.13913106918335
2024-11,temporal_mlp,2028,3,2024-11-29 02:00:00,2024-11-29 04:00:00,2024-11-29,5.022712707519531
2024-11,temporal_mlp,2028,6,2024-11-29 02:00:00,2024-11-29 07:00:00,2024-11-29,4.734286308288574
2024-11,temporal_mlp,2028,1,2024-11-29 03:00:00,2024-11-29 03:00:00,2024-11-29,4.921626091003418
2024-11,temporal_mlp,2028,2,2024-11-29 03:00:00,2024-11-29 04:00:00,2024-11-29,5.322446346282959
2024-11,temporal_mlp,2028,3,2024-11-29 03:00:00,2024-11-29 05:00:00,2024-11-29,4.83098840713501
2024-11,temporal_mlp,2028,6,2024-11-29 03:00:00,2024-11-29 08:00:00,2024-11-29,4.9718523025512695
2024-11,temporal_mlp,2028,1,2024-11-29 04:00:00,2024-11-29 04:00:00,2024-11-29,5.215322494506836
2024-11,temporal_mlp,2028,2,2024-11-29 04:00:00,2024-11-29 05:00:00,2024-11-29,4.8404130935668945
2024-11,temporal_mlp,2028,3,2024-11-29 04:00:00,2024-11-29 06:00:00,2024-11-29,3.1538748741149902
2024-11,temporal_mlp,2028,6,2024-11-29 04:00:00,2024-11-29 09:00:00,2024-11-29,3.7760870456695557
2024-11,temporal_mlp,2028,1,2024-11-29 05:00:00,2024-11-29 05:00:00,2024-11-29,4.7532243728637695
2024-11,temporal_mlp,2028,2,2024-11-29 05:00:00,2024-11-29 06:00:00,2024-11-29,3.4224441051483154
2024-11,temporal_mlp,2028,3,2024-11-29 05:00:00,2024-11-29 07:00:00,2024-11-29,5.066975116729736
2024-11,temporal_mlp,2028,6,2024-11-29 05:00:00,2024-11-29 10:00:00,2024-11-29,3.4886391162872314
2024-11,temporal_mlp,2028,1,2024-11-29 06:00:00,2024-11-29 06:00:00,2024-11-29,3.338657855987549
2024-11,temporal_mlp,2028,2,2024-11-29 06:00:00,2024-11-29 07:00:00,2024-11-29,4.758937358856201
2024-11,temporal_mlp,2028,3,2024-11-29 06:00:00,2024-11-29 08:00:00,2024-11-29,5.225441932678223
2024-11,temporal_mlp,2028,6,2024-11-29 06:00:00,2024-11-29 11:00:00,2024-11-29,3.422720432281494
2024-11,temporal_mlp,2028,1,2024-11-29 07:00:00,2024-11-29 07:00:00,2024-11-29,4.381769180297852
2024-11,temporal_mlp,2028,2,2024-11-29 07:00:00,2024-11-29 08:00:00,2024-11-29,4.621338844299316
2024-11,temporal_mlp,2028,3,2024-11-29 07:00:00,2024-11-29 09:00:00,2024-11-29,3.9752979278564453
2024-11,temporal_mlp,2028,6,2024-11-29 07:00:00,2024-11-29 12:00:00,2024-11-29,2.8874635696411133
2024-11,temporal_mlp,2028,1,2024-11-29 08:00:00,2024-11-29 08:00:00,2024-11-29,4.4489850997924805
2024-11,temporal_mlp,2028,2,2024-11-29 08:00:00,2024-11-29 09:00:00,2024-11-29,3.5838820934295654
2024-11,temporal_mlp,2028,3,2024-11-29 08:00:00,2024-11-29 10:00:00,2024-11-29,3.225247859954834
2024-11,temporal_mlp,2028,6,2024-11-29 08:00:00,2024-11-29 13:00:00,2024-11-29,3.6903393268585205
2024-11,temporal_mlp,2028,1,2024-11-29 09:00:00,2024-11-29 09:00:00,2024-11-29,3.4111530780792236
2024-11,temporal_mlp,2028,2,2024-11-29 09:00:00,2024-11-29 10:00:00,2024-11-29,2.8909409046173096
2024-11,temporal_mlp,2028,3,2024-11-29 09:00:00,2024-11-29 11:00:00,2024-11-29,2.924323558807373
2024-11,temporal_mlp,2028,6,2024-11-29 09:00:00,2024-11-29 14:00:00,2024-11-29,3.2036588191986084
2024-11,temporal_mlp,2028,1,2024-11-29 10:00:00,2024-11-29 10:00:00,2024-11-29,3.1718645095825195
2024-11,temporal_mlp,2028,2,2024-11-29 10:00:00,2024-11-29 11:00:00,2024-11-29,2.87898850440979
2024-11,temporal_mlp,2028,3,2024-11-29 10:00:00,2024-11-29 12:00:00,2024-11-29,2.3982861042022705
2024-11,temporal_mlp,2028,6,2024-11-29 10:00:00,2024-11-29 15:00:00,2024-11-29,2.8484420776367188
2024-11,temporal_mlp,2028,1,2024-11-29 11:00:00,2024-11-29 11:00:00,2024-11-29,2.8092384338378906
2024-11,temporal_mlp,2028,2,2024-11-29 11:00:00,2024-11-29 12:00:00,2024-11-29,2.323324203491211
2024-11,temporal_mlp,2028,3,2024-11-29 11:00:00,2024-11-29 13:00:00,2024-11-29,3.371549367904663
2024-11,temporal_mlp,2028,6,2024-11-29 11:00:00,2024-11-29 16:00:00,2024-11-29,2.685940742492676
2024-11,temporal_mlp,2028,1,2024-11-29 12:00:00,2024-11-29 12:00:00,2024-11-29,2.26562762260437
2024-11,temporal_mlp,2028,2,2024-11-29 12:00:00,2024-11-29 13:00:00,2024-11-29,2.978961944580078
2024-11,temporal_mlp,2028,3,2024-11-29 12:00:00,2024-11-29 14:00:00,2024-11-29,3.124511241912842
2024-11,temporal_mlp,2028,6,2024-11-29 12:00:00,2024-11-29 17:00:00,2024-11-29,4.201662063598633
2024-11,temporal_mlp,2028,1,2024-11-29 13:00:00,2024-11-29 13:00:00,2024-11-29,3.02193546295166
2024-11,temporal_mlp,2028,2,2024-11-29 13:00:00,2024-11-29 14:00:00,2024-11-29,3.2083497047424316
2024-11,temporal_mlp,2028,3,2024-11-29 13:00:00,2024-11-29 15:00:00,2024-11-29,2.828091859817505
2024-11,temporal_mlp,2028,6,2024-11-29 13:00:00,2024-11-29 18:00:00,2024-11-29,5.218352794647217
2024-11,temporal_mlp,2028,1,2024-11-29 14:00:00,2024-11-29 14:00:00,2024-11-29,3.089439630508423
2024-11,temporal_mlp,2028,2,2024-11-29 14:00:00,2024-11-29 15:00:00,2024-11-29,2.6374006271362305
2024-11,temporal_mlp,2028,3,2024-11-29 14:00:00,2024-11-29 16:00:00,2024-11-29,3.0313937664031982
2024-11,temporal_mlp,2028,6,2024-11-29 14:00:00,2024-11-29 19:00:00,2024-11-29,4.927249908447266
2024-11,temporal_mlp,2028,1,2024-11-29 15:00:00,2024-11-29 15:00:00,2024-11-29,2.427731990814209
2024-11,temporal_mlp,2028,2,2024-11-29 15:00:00,2024-11-29 16:00:00,2024-11-29,2.892667531967163
2024-11,temporal_mlp,2028,3,2024-11-29 15:00:00,2024-11-29 17:00:00,2024-11-29,4.351376056671143
2024-11,temporal_mlp,2028,6,2024-11-29 15:00:00,2024-11-29 20:00:00,2024-11-29,3.800572395324707
2024-11,temporal_mlp,2028,1,2024-11-29 16:00:00,2024-11-29 16:00:00,2024-11-29,2.883234977722168
2024-11,temporal_mlp,2028,2,2024-11-29 16:00:00,2024-11-29 17:00:00,2024-11-29,4.041556358337402
2024-11,temporal_mlp,2028,3,2024-11-29 16:00:00,2024-11-29 18:00:00,2024-11-29,5.059205055236816
2024-11,temporal_mlp,2028,6,2024-11-29 16:00:00,2024-11-29 21:00:00,2024-11-29,2.389282703399658
2024-11,temporal_mlp,2028,1,2024-11-29 17:00:00,2024-11-29 17:00:00,2024-11-29,3.5961480140686035
2024-11,temporal_mlp,2028,2,2024-11-29 17:00:00,2024-11-29 18:00:00,2024-11-29,4.840117931365967
2024-11,temporal_mlp,2028,3,2024-11-29 17:00:00,2024-11-29 19:00:00,2024-11-29,4.820734024047852
2024-11,temporal_mlp,2028,6,2024-11-29 17:00:00,2024-11-29 22:00:00,2024-11-29,3.355149745941162
2024-11,temporal_mlp,2028,1,2024-11-29 18:00:00,2024-11-29 18:00:00,2024-11-29,4.47977352142334
2024-11,temporal_mlp,2028,2,2024-11-29 18:00:00,2024-11-29 19:00:00,2024-11-29,4.731017112731934
2024-11,temporal_mlp,2028,3,2024-11-29 18:00:00,2024-11-29 20:00:00,2024-11-29,3.668328285217285
2024-11,temporal_mlp,2028,6,2024-11-29 18:00:00,2024-11-29 23:00:00,2024-11-29,3.152116298675537
2024-11,temporal_mlp,2028,1,2024-11-29 19:00:00,2024-11-29 19:00:00,2024-11-29,4.954310417175293
2024-11,temporal_mlp,2028,2,2024-11-29 19:00:00,2024-11-29 20:00:00,2024-11-29,3.550187826156616
2024-11,temporal_mlp,2028,3,2024-11-29 19:00:00,2024-11-29 21:00:00,2024-11-29,2.414738178253174
2024-11,temporal_mlp,2028,6,2024-11-29 19:00:00,2024-11-30 00:00:00,2024-11-30,4.063522815704346
2024-11,temporal_mlp,2028,1,2024-11-29 20:00:00,2024-11-29 20:00:00,2024-11-29,3.620546817779541
2024-11,temporal_mlp,2028,2,2024-11-29 20:00:00,2024-11-29 21:00:00,2024-11-29,2.576618194580078
2024-11,temporal_mlp,2028,3,2024-11-29 20:00:00,2024-11-29 22:00:00,2024-11-29,3.4584834575653076
2024-11,temporal_mlp,2028,6,2024-11-29 20:00:00,2024-11-30 01:00:00,2024-11-30,5.135616779327393
2024-11,temporal_mlp,2028,1,2024-11-29 21:00:00,2024-11-29 21:00:00,2024-11-29,2.5278360843658447
2024-11,temporal_mlp,2028,2,2024-11-29 21:00:00,2024-11-29 22:00:00,2024-11-29,3.324902296066284
2024-11,temporal_mlp,2028,3,2024-11-29 21:00:00,2024-11-29 23:00:00,2024-11-29,3.065265417098999
2024-11,temporal_mlp,2028,6,2024-11-29 21:00:00,2024-11-30 02:00:00,2024-11-30,7.007771968841553
2024-11,temporal_mlp,2028,1,2024-11-29 22:00:00,2024-11-29 22:00:00,2024-11-29,3.673241138458252
2024-11,temporal_mlp,2028,2,2024-11-29 22:00:00,2024-11-29 23:00:00,2024-11-29,3.1240992546081543
2024-11,temporal_mlp,2028,3,2024-11-29 22:00:00,2024-11-30 00:00:00,2024-11-30,3.9625492095947266
2024-11,temporal_mlp,2028,6,2024-11-29 22:00:00,2024-11-30 03:00:00,2024-11-30,5.284327507019043
2024-11,temporal_mlp,2028,1,2024-11-29 23:00:00,2024-11-29 23:00:00,2024-11-29,3.147550582885742
2024-11,temporal_mlp,2028,2,2024-11-29 23:00:00,2024-11-30 00:00:00,2024-11-30,4.011962890625
2024-11,temporal_mlp,2028,3,2024-11-29 23:00:00,2024-11-30 01:00:00,2024-11-30,5.145812511444092
2024-11,temporal_mlp,2028,6,2024-11-29 23:00:00,2024-11-30 04:00:00,2024-11-30,6.801386833190918
2024-11,temporal_mlp,2028,1,2024-11-30 00:00:00,2024-11-30 00:00:00,2024-11-30,4.177049160003662
2024-11,temporal_mlp,2028,2,2024-11-30 00:00:00,2024-11-30 01:00:00,2024-11-30,4.847299098968506
2024-11,temporal_mlp,2028,3,2024-11-30 00:00:00,2024-11-30 02:00:00,2024-11-30,7.331464767456055
2024-11,temporal_mlp,2028,6,2024-11-30 00:00:00,2024-11-30 05:00:00,2024-11-30,3.585538387298584
2024-11,temporal_mlp,2028,1,2024-11-30 01:00:00,2024-11-30 01:00:00,2024-11-30,4.263628005981445
2024-11,temporal_mlp,2028,2,2024-11-30 01:00:00,2024-11-30 02:00:00,2024-11-30,6.577899932861328
2024-11,temporal_mlp,2028,3,2024-11-30 01:00:00,2024-11-30 03:00:00,2024-11-30,5.0141167640686035
2024-11,temporal_mlp,2028,6,2024-11-30 01:00:00,2024-11-30 06:00:00,2024-11-30,3.017695426940918
2024-11,temporal_mlp,2028,1,2024-11-30 02:00:00,2024-11-30 02:00:00,2024-11-30,6.331050872802734
2024-11,temporal_mlp,2028,2,2024-11-30 02:00:00,2024-11-30 03:00:00,2024-11-30,4.601255416870117
2024-11,temporal_mlp,2028,3,2024-11-30 02:00:00,2024-11-30 04:00:00,2024-11-30,6.450429916381836
2024-11,temporal_mlp,2028,6,2024-11-30 02:00:00,2024-11-30 07:00:00,2024-11-30,3.300539016723633
2024-11,temporal_mlp,2028,1,2024-11-30 03:00:00,2024-11-30 03:00:00,2024-11-30,4.324189186096191
2024-11,temporal_mlp,2028,2,2024-11-30 03:00:00,2024-11-30 04:00:00,2024-11-30,6.840126037597656
2024-11,temporal_mlp,2028,3,2024-11-30 03:00:00,2024-11-30 05:00:00,2024-11-30,3.5839226245880127
2024-11,temporal_mlp,2028,6,2024-11-30 03:00:00,2024-11-30 08:00:00,2024-11-30,3.384625196456909
2024-11,temporal_mlp,2028,1,2024-11-30 04:00:00,2024-11-30 04:00:00,2024-11-30,6.486998558044434
2024-11,temporal_mlp,2028,2,2024-11-30 04:00:00,2024-11-30 05:00:00,2024-11-30,3.6656346321105957
2024-11,temporal_mlp,2028,3,2024-11-30 04:00:00,2024-11-30 06:00:00,2024-11-30,3.2671587467193604
2024-11,temporal_mlp,2028,6,2024-11-30 04:00:00,2024-11-30 09:00:00,2024-11-30,3.260862112045288
2024-11,temporal_mlp,2028,1,2024-11-30 05:00:00,2024-11-30 05:00:00,2024-11-30,3.6214547157287598
2024-11,temporal_mlp,2028,2,2024-11-30 05:00:00,2024-11-30 06:00:00,2024-11-30,3.310920238494873
2024-11,temporal_mlp,2028,3,2024-11-30 05:00:00,2024-11-30 07:00:00,2024-11-30,3.891326904296875
2024-11,temporal_mlp,2028,6,2024-11-30 05:00:00,2024-11-30 10:00:00,2024-11-30,3.540116786956787
2024-11,temporal_mlp,2028,1,2024-11-30 06:00:00,2024-11-30 06:00:00,2024-11-30,3.1526718139648438
2024-11,temporal_mlp,2028,2,2024-11-30 06:00:00,2024-11-30 07:00:00,2024-11-30,3.596614360809326
2024-11,temporal_mlp,2028,3,2024-11-30 06:00:00,2024-11-30 08:00:00,2024-11-30,3.476750373840332
2024-11,temporal_mlp,2028,6,2024-11-30 06:00:00,2024-11-30 11:00:00,2024-11-30,2.729114532470703
2024-11,temporal_mlp,2028,1,2024-11-30 07:00:00,2024-11-30 07:00:00,2024-11-30,3.762617826461792
2024-11,temporal_mlp,2028,2,2024-11-30 07:00:00,2024-11-30 08:00:00,2024-11-30,3.406526565551758
2024-11,temporal_mlp,2028,3,2024-11-30 07:00:00,2024-11-30 09:00:00,2024-11-30,3.1876938343048096
2024-11,temporal_mlp,2028,6,2024-11-30 07:00:00,2024-11-30 12:00:00,2024-11-30,3.212373733520508
2024-11,temporal_mlp,2028,1,2024-11-30 08:00:00,2024-11-30 08:00:00,2024-11-30,3.1275081634521484
2024-11,temporal_mlp,2028,2,2024-11-30 08:00:00,2024-11-30 09:00:00,2024-11-30,3.0739896297454834
2024-11,temporal_mlp,2028,3,2024-11-30 08:00:00,2024-11-30 10:00:00,2024-11-30,3.48616886138916
2024-11,temporal_mlp,2028,6,2024-11-30 08:00:00,2024-11-30 13:00:00,2024-11-30,4.921143054962158
2024-11,temporal_mlp,2028,1,2024-11-30 09:00:00,2024-11-30 09:00:00,2024-11-30,2.9900012016296387
2024-11,temporal_mlp,2028,2,2024-11-30 09:00:00,2024-11-30 10:00:00,2024-11-30,3.2982168197631836
2024-11,temporal_mlp,2028,3,2024-11-30 09:00:00,2024-11-30 11:00:00,2024-11-30,3.312366485595703
2024-11,temporal_mlp,2028,6,2024-11-30 09:00:00,2024-11-30 14:00:00,2024-11-30,4.0460429191589355
2024-11,temporal_mlp,2028,1,2024-11-30 10:00:00,2024-11-30 10:00:00,2024-11-30,3.073150157928467
2024-11,temporal_mlp,2028,2,2024-11-30 10:00:00,2024-11-30 11:00:00,2024-11-30,3.1357059478759766
2024-11,temporal_mlp,2028,3,2024-11-30 10:00:00,2024-11-30 12:00:00,2024-11-30,3.7622344493865967
2024-11,temporal_mlp,2028,6,2024-11-30 10:00:00,2024-11-30 15:00:00,2024-11-30,4.257449626922607
2024-11,temporal_mlp,2028,1,2024-11-30 11:00:00,2024-11-30 11:00:00,2024-11-30,3.1067380905151367
2024-11,temporal_mlp,2028,2,2024-11-30 11:00:00,2024-11-30 12:00:00,2024-11-30,3.5977439880371094
2024-11,temporal_mlp,2028,3,2024-11-30 11:00:00,2024-11-30 13:00:00,2024-11-30,5.032841682434082
2024-11,temporal_mlp,2028,6,2024-11-30 11:00:00,2024-11-30 16:00:00,2024-11-30,5.17918586730957
2024-11,temporal_mlp,2028,1,2024-11-30 12:00:00,2024-11-30 12:00:00,2024-11-30,3.1160194873809814
2024-11,temporal_mlp,2028,2,2024-11-30 12:00:00,2024-11-30 13:00:00,2024-11-30,4.484722137451172
2024-11,temporal_mlp,2028,3,2024-11-30 12:00:00,2024-11-30 14:00:00,2024-11-30,3.497602939605713
2024-11,temporal_mlp,2028,6,2024-11-30 12:00:00,2024-11-30 17:00:00,2024-11-30,5.259145259857178
2024-11,temporal_mlp,2028,1,2024-11-30 13:00:00,2024-11-30 13:00:00,2024-11-30,4.3939948081970215
2024-11,temporal_mlp,2028,2,2024-11-30 13:00:00,2024-11-30 14:00:00,2024-11-30,3.7075536251068115
2024-11,temporal_mlp,2028,3,2024-11-30 13:00:00,2024-11-30 15:00:00,2024-11-30,3.9068357944488525
2024-11,temporal_mlp,2028,6,2024-11-30 13:00:00,2024-11-30 18:00:00,2024-11-30,6.096606254577637
2024-11,temporal_mlp,2028,1,2024-11-30 14:00:00,2024-11-30 14:00:00,2024-11-30,3.2816176414489746
2024-11,temporal_mlp,2028,2,2024-11-30 14:00:00,2024-11-30 15:00:00,2024-11-30,3.7032668590545654
2024-11,temporal_mlp,2028,3,2024-11-30 14:00:00,2024-11-30 16:00:00,2024-11-30,4.106977462768555
2024-11,temporal_mlp,2028,6,2024-11-30 14:00:00,2024-11-30 19:00:00,2024-11-30,3.0306994915008545
2024-11,temporal_mlp,2028,1,2024-11-30 15:00:00,2024-11-30 15:00:00,2024-11-30,3.4068100452423096
2024-11,temporal_mlp,2028,2,2024-11-30 15:00:00,2024-11-30 16:00:00,2024-11-30,4.162161350250244
2024-11,temporal_mlp,2028,3,2024-11-30 15:00:00,2024-11-30 17:00:00,2024-11-30,4.909381866455078
2024-11,temporal_mlp,2028,6,2024-11-30 15:00:00,2024-11-30 20:00:00,2024-11-30,3.684584140777588
2024-11,temporal_mlp,2028,1,2024-11-30 16:00:00,2024-11-30 16:00:00,2024-11-30,4.03239631652832
2024-11,temporal_mlp,2028,2,2024-11-30 16:00:00,2024-11-30 17:00:00,2024-11-30,4.772238731384277
2024-11,temporal_mlp,2028,3,2024-11-30 16:00:00,2024-11-30 18:00:00,2024-11-30,5.592255115509033
2024-11,temporal_mlp,2028,6,2024-11-30 16:00:00,2024-11-30 21:00:00,2024-11-30,3.716163158416748
2024-11,temporal_mlp,2028,1,2024-11-30 17:00:00,2024-11-30 17:00:00,2024-11-30,4.191033363342285
2024-11,temporal_mlp,2028,2,2024-11-30 17:00:00,2024-11-30 18:00:00,2024-11-30,5.285892009735107
2024-11,temporal_mlp,2028,3,2024-11-30 17:00:00,2024-11-30 19:00:00,2024-11-30,2.9630751609802246
2024-11,temporal_mlp,2028,6,2024-11-30 17:00:00,2024-11-30 22:00:00,2024-11-30,4.005057334899902
2024-11,dgt_identity_adaptive,2028,1,2024-11-26 12:00:00,2024-11-26 12:00:00,2024-11-26,2.4028244018554688
2024-11,dgt_identity_adaptive,2028,2,2024-11-26 12:00:00,2024-11-26 13:00:00,2024-11-26,3.4554436206817627
2024-11,dgt_identity_adaptive,2028,3,2024-11-26 12:00:00,2024-11-26 14:00:00,2024-11-26,2.6539669036865234
2024-11,dgt_identity_adaptive,2028,6,2024-11-26 12:00:00,2024-11-26 17:00:00,2024-11-26,6.174108028411865
2024-11,dgt_identity_adaptive,2028,1,2024-11-26 13:00:00,2024-11-26 13:00:00,2024-11-26,3.1822783946990967
2024-11,dgt_identity_adaptive,2028,2,2024-11-26 13:00:00,2024-11-26 14:00:00,2024-11-26,3.1402711868286133
2024-11,dgt_identity_adaptive,2028,3,2024-11-26 13:00:00,2024-11-26 15:00:00,2024-11-26,2.8057379722595215
2024-11,dgt_identity_adaptive,2028,6,2024-11-26 13:00:00,2024-11-26 18:00:00,2024-11-26,6.015500068664551
2024-11,dgt_identity_adaptive,2028,1,2024-11-26 14:00:00,2024-11-26 14:00:00,2024-11-26,2.6198878288269043
2024-11,dgt_identity_adaptive,2028,2,2024-11-26 14:00:00,2024-11-26 15:00:00,2024-11-26,2.9383440017700195
2024-11,dgt_identity_adaptive,2028,3,2024-11-26 14:00:00,2024-11-26 16:00:00,2024-11-26,3.4071877002716064
2024-11,dgt_identity_adaptive,2028,6,2024-11-26 14:00:00,2024-11-26 19:00:00,2024-11-26,3.9787144660949707
2024-11,dgt_identity_adaptive,2028,1,2024-11-26 15:00:00,2024-11-26 15:00:00,2024-11-26,2.7485415935516357
2024-11,dgt_identity_adaptive,2028,2,2024-11-26 15:00:00,2024-11-26 16:00:00,2024-11-26,3.4872565269470215
2024-11,dgt_identity_adaptive,2028,3,2024-11-26 15:00:00,2024-11-26 17:00:00,2024-11-26,5.200005531311035
2024-11,dgt_identity_adaptive,2028,6,2024-11-26 15:00:00,2024-11-26 20:00:00,2024-11-26,3.268202066421509
2024-11,dgt_identity_adaptive,2028,1,2024-11-26 16:00:00,2024-11-26 16:00:00,2024-11-26,3.3364131450653076
2024-11,dgt_identity_adaptive,2028,2,2024-11-26 16:00:00,2024-11-26 17:00:00,2024-11-26,5.034768104553223
2024-11,dgt_identity_adaptive,2028,3,2024-11-26 16:00:00,2024-11-26 18:00:00,2024-11-26,5.505261421203613
2024-11,dgt_identity_adaptive,2028,6,2024-11-26 16:00:00,2024-11-26 21:00:00,2024-11-26,5.4446001052856445
2024-11,dgt_identity_adaptive,2028,1,2024-11-26 17:00:00,2024-11-26 17:00:00,2024-11-26,4.21176815032959
2024-11,dgt_identity_adaptive,2028,2,2024-11-26 17:00:00,2024-11-26 18:00:00,2024-11-26,5.157334327697754
2024-11,dgt_identity_adaptive,2028,3,2024-11-26 17:00:00,2024-11-26 19:00:00,2024-11-26,3.7534637451171875
2024-11,dgt_identity_adaptive,2028,6,2024-11-26 17:00:00,2024-11-26 22:00:00,2024-11-26,4.889898300170898
2024-11,dgt_identity_adaptive,2028,1,2024-11-26 18:00:00,2024-11-26 18:00:00,2024-11-26,4.076993942260742
2024-11,dgt_identity_adaptive,2028,2,2024-11-26 18:00:00,2024-11-26 19:00:00,2024-11-26,3.1772518157958984
2024-11,dgt_identity_adaptive,2028,3,2024-11-26 18:00:00,2024-11-26 20:00:00,2024-11-26,3.656888246536255
2024-11,dgt_identity_adaptive,2028,6,2024-11-26 18:00:00,2024-11-26 23:00:00,2024-11-26,4.973511695861816
2024-11,dgt_identity_adaptive,2028,1,2024-11-26 19:00:00,2024-11-26 19:00:00,2024-11-26,2.6444833278656006
2024-11,dgt_identity_adaptive,2028,2,2024-11-26 19:00:00,2024-11-26 20:00:00,2024-11-26,3.663447856903076
2024-11,dgt_identity_adaptive,2028,3,2024-11-26 19:00:00,2024-11-26 21:00:00,2024-11-26,5.148650169372559
2024-11,dgt_identity_adaptive,2028,6,2024-11-26 19:00:00,2024-11-27 00:00:00,2024-11-27,4.057482719421387
2024-11,dgt_identity_adaptive,2028,1,2024-11-26 20:00:00,2024-11-26 20:00:00,2024-11-26,3.3685154914855957
2024-11,dgt_identity_adaptive,2028,2,2024-11-26 20:00:00,2024-11-26 21:00:00,2024-11-26,5.169789791107178
2024-11,dgt_identity_adaptive,2028,3,2024-11-26 20:00:00,2024-11-26 22:00:00,2024-11-26,4.838562965393066
2024-11,dgt_identity_adaptive,2028,6,2024-11-26 20:00:00,2024-11-27 01:00:00,2024-11-27,5.451518535614014
2024-11,dgt_identity_adaptive,2028,1,2024-11-26 21:00:00,2024-11-26 21:00:00,2024-11-26,4.676939010620117
2024-11,dgt_identity_adaptive,2028,2,2024-11-26 21:00:00,2024-11-26 22:00:00,2024-11-26,4.765567779541016
2024-11,dgt_identity_adaptive,2028,3,2024-11-26 21:00:00,2024-11-26 23:00:00,2024-11-26,4.219727516174316
2024-11,dgt_identity_adaptive,2028,6,2024-11-26 21:00:00,2024-11-27 02:00:00,2024-11-27,4.728075981140137
2024-11,dgt_identity_adaptive,2028,1,2024-11-26 22:00:00,2024-11-26 22:00:00,2024-11-26,4.6013336181640625
2024-11,dgt_identity_adaptive,2028,2,2024-11-26 22:00:00,2024-11-26 23:00:00,2024-11-26,3.5392262935638428
2024-11,dgt_identity_adaptive,2028,3,2024-11-26 22:00:00,2024-11-27 00:00:00,2024-11-27,3.7580456733703613
2024-11,dgt_identity_adaptive,2028,6,2024-11-26 22:00:00,2024-11-27 03:00:00,2024-11-27,5.8715596199035645
2024-11,dgt_identity_adaptive,2028,1,2024-11-26 23:00:00,2024-11-26 23:00:00,2024-11-26,4.2684454917907715
2024-11,dgt_identity_adaptive,2028,2,2024-11-26 23:00:00,2024-11-27 00:00:00,2024-11-27,3.895801067352295
2024-11,dgt_identity_adaptive,2028,3,2024-11-26 23:00:00,2024-11-27 01:00:00,2024-11-27,4.960552215576172
2024-11,dgt_identity_adaptive,2028,6,2024-11-26 23:00:00,2024-11-27 04:00:00,2024-11-27,7.157970905303955
2024-11,dgt_identity_adaptive,2028,1,2024-11-27 00:00:00,2024-11-27 00:00:00,2024-11-27,4.160479545593262
2024-11,dgt_identity_adaptive,2028,2,2024-11-27 00:00:00,2024-11-27 01:00:00,2024-11-27,4.564548492431641
2024-11,dgt_identity_adaptive,2028,3,2024-11-27 00:00:00,2024-11-27 02:00:00,2024-11-27,4.641204833984375
2024-11,dgt_identity_adaptive,2028,6,2024-11-27 00:00:00,2024-11-27 05:00:00,2024-11-27,4.113470554351807
2024-11,dgt_identity_adaptive,2028,1,2024-11-27 01:00:00,2024-11-27 01:00:00,2024-11-27,4.694931983947754
2024-11,dgt_identity_adaptive,2028,2,2024-11-27 01:00:00,2024-11-27 02:00:00,2024-11-27,4.9391069412231445
2024-11,dgt_identity_adaptive,2028,3,2024-11-27 01:00:00,2024-11-27 03:00:00,2024-11-27,5.471710681915283
2024-11,dgt_identity_adaptive,2028,6,2024-11-27 01:00:00,2024-11-27 06:00:00,2024-11-27,3.4204049110412598
2024-11,dgt_identity_adaptive,2028,1,2024-11-27 02:00:00,2024-11-27 02:00:00,2024-11-27,4.920663833618164
2024-11,dgt_identity_adaptive,2028,2,2024-11-27 02:00:00,2024-11-27 03:00:00,2024-11-27,6.223733901977539
2024-11,dgt_identity_adaptive,2028,3,2024-11-27 02:00:00,2024-11-27 04:00:00,2024-11-27,6.898055076599121
2024-11,dgt_identity_adaptive,2028,6,2024-11-27 02:00:00,2024-11-27 07:00:00,2024-11-27,4.719758033752441
2024-11,dgt_identity_adaptive,2028,1,2024-11-27 03:00:00,2024-11-27 03:00:00,2024-11-27,4.869196891784668
2024-11,dgt_identity_adaptive,2028,2,2024-11-27 03:00:00,2024-11-27 04:00:00,2024-11-27,7.72175407409668
2024-11,dgt_identity_adaptive,2028,3,2024-11-27 03:00:00,2024-11-27 05:00:00,2024-11-27,4.17304801940918
2024-11,dgt_identity_adaptive,2028,6,2024-11-27 03:00:00,2024-11-27 08:00:00,2024-11-27,4.488685131072998
2024-11,dgt_identity_adaptive,2028,1,2024-11-27 04:00:00,2024-11-27 04:00:00,2024-11-27,6.856760025024414
2024-11,dgt_identity_adaptive,2028,2,2024-11-27 04:00:00,2024-11-27 05:00:00,2024-11-27,4.5795135498046875
2024-11,dgt_identity_adaptive,2028,3,2024-11-27 04:00:00,2024-11-27 06:00:00,2024-11-27,3.0441417694091797
2024-11,dgt_identity_adaptive,2028,6,2024-11-27 04:00:00,2024-11-27 09:00:00,2024-11-27,3.0170469284057617
2024-11,dgt_identity_adaptive,2028,1,2024-11-27 05:00:00,2024-11-27 05:00:00,2024-11-27,4.1507182121276855
2024-11,dgt_identity_adaptive,2028,2,2024-11-27 05:00:00,2024-11-27 06:00:00,2024-11-27,4.953575134277344
2024-11,dgt_identity_adaptive,2028,3,2024-11-27 05:00:00,2024-11-27 07:00:00,2024-11-27,3.159787178039551
2024-11,dgt_identity_adaptive,2028,6,2024-11-27 05:00:00,2024-11-27 10:00:00,2024-11-27,2.2446961402893066
2024-11,dgt_identity_adaptive,2028,1,2024-11-27 06:00:00,2024-11-27 06:00:00,2024-11-27,4.098832130432129
2024-11,dgt_identity_adaptive,2028,2,2024-11-27 06:00:00,2024-11-27 07:00:00,2024-11-27,3.11879563331604
2024-11,dgt_identity_adaptive,2028,3,2024-11-27 06:00:00,2024-11-27 08:00:00,2024-11-27,3.3597922325134277
2024-11,dgt_identity_adaptive,2028,6,2024-11-27 06:00:00,2024-11-27 11:00:00,2024-11-27,3.1669578552246094
2024-11,dgt_identity_adaptive,2028,1,2024-11-27 07:00:00,2024-11-27 07:00:00,2024-11-27,3.232269763946533
2024-11,dgt_identity_adaptive,2028,2,2024-11-27 07:00:00,2024-11-27 08:00:00,2024-11-27,3.1193156242370605
2024-11,dgt_identity_adaptive,2028,3,2024-11-27 07:00:00,2024-11-27 09:00:00,2024-11-27,2.640052318572998
2024-11,dgt_identity_adaptive,2028,6,2024-11-27 07:00:00,2024-11-27 12:00:00,2024-11-27,3.6672863960266113
2024-11,dgt_identity_adaptive,2028,1,2024-11-27 08:00:00,2024-11-27 08:00:00,2024-11-27,2.9763684272766113
2024-11,dgt_identity_adaptive,2028,2,2024-11-27 08:00:00,2024-11-27 09:00:00,2024-11-27,2.815007448196411
2024-11,dgt_identity_adaptive,2028,3,2024-11-27 08:00:00,2024-11-27 10:00:00,2024-11-27,2.2573585510253906
2024-11,dgt_identity_adaptive,2028,6,2024-11-27 08:00:00,2024-11-27 13:00:00,2024-11-27,3.0818302631378174
2024-11,dgt_identity_adaptive,2028,1,2024-11-27 09:00:00,2024-11-27 09:00:00,2024-11-27,2.184060573577881
2024-11,dgt_identity_adaptive,2028,2,2024-11-27 09:00:00,2024-11-27 10:00:00,2024-11-27,2.264441728591919
2024-11,dgt_identity_adaptive,2028,3,2024-11-27 09:00:00,2024-11-27 11:00:00,2024-11-27,2.599147319793701
2024-11,dgt_identity_adaptive,2028,6,2024-11-27 09:00:00,2024-11-27 14:00:00,2024-11-27,3.392742156982422
2024-11,dgt_identity_adaptive,2028,1,2024-11-27 10:00:00,2024-11-27 10:00:00,2024-11-27,2.362379312515259
2024-11,dgt_identity_adaptive,2028,2,2024-11-27 10:00:00,2024-11-27 11:00:00,2024-11-27,2.8085432052612305
2024-11,dgt_identity_adaptive,2028,3,2024-11-27 10:00:00,2024-11-27 12:00:00,2024-11-27,2.938814401626587
2024-11,dgt_identity_adaptive,2028,6,2024-11-27 10:00:00,2024-11-27 15:00:00,2024-11-27,3.076986789703369
2024-11,dgt_identity_adaptive,2028,1,2024-11-27 11:00:00,2024-11-27 11:00:00,2024-11-27,2.518185615539551
2024-11,dgt_identity_adaptive,2028,2,2024-11-27 11:00:00,2024-11-27 12:00:00,2024-11-27,3.0863335132598877
2024-11,dgt_identity_adaptive,2028,3,2024-11-27 11:00:00,2024-11-27 13:00:00,2024-11-27,2.869081497192383
2024-11,dgt_identity_adaptive,2028,6,2024-11-27 11:00:00,2024-11-27 16:00:00,2024-11-27,3.923395872116089
2024-11,dgt_identity_adaptive,2028,1,2024-11-27 12:00:00,2024-11-27 12:00:00,2024-11-27,2.477229118347168
2024-11,dgt_identity_adaptive,2028,2,2024-11-27 12:00:00,2024-11-27 13:00:00,2024-11-27,2.783942461013794
2024-11,dgt_identity_adaptive,2028,3,2024-11-27 12:00:00,2024-11-27 14:00:00,2024-11-27,3.178086996078491
2024-11,dgt_identity_adaptive,2028,6,2024-11-27 12:00:00,2024-11-27 17:00:00,2024-11-27,5.05911111831665
2024-11,dgt_identity_adaptive,2028,1,2024-11-27 13:00:00,2024-11-27 13:00:00,2024-11-27,2.7961928844451904
2024-11,dgt_identity_adaptive,2028,2,2024-11-27 13:00:00,2024-11-27 14:00:00,2024-11-27,3.0831315517425537
2024-11,dgt_identity_adaptive,2028,3,2024-11-27 13:00:00,2024-11-27 15:00:00,2024-11-27,3.4434762001037598
2024-11,dgt_identity_adaptive,2028,6,2024-11-27 13:00:00,2024-11-27 18:00:00,2024-11-27,5.087599754333496
2024-11,dgt_identity_adaptive,2028,1,2024-11-27 14:00:00,2024-11-27 14:00:00,2024-11-27,2.828702688217163
2024-11,dgt_identity_adaptive,2028,2,2024-11-27 14:00:00,2024-11-27 15:00:00,2024-11-27,3.38630747795105
2024-11,dgt_identity_adaptive,2028,3,2024-11-27 14:00:00,2024-11-27 16:00:00,2024-11-27,3.7681965827941895
2024-11,dgt_identity_adaptive,2028,6,2024-11-27 14:00:00,2024-11-27 19:00:00,2024-11-27,3.734649419784546
2024-11,dgt_identity_adaptive,2028,1,2024-11-27 15:00:00,2024-11-27 15:00:00,2024-11-27,3.1610231399536133
2024-11,dgt_identity_adaptive,2028,2,2024-11-27 15:00:00,2024-11-27 16:00:00,2024-11-27,3.9065170288085938
2024-11,dgt_identity_adaptive,2028,3,2024-11-27 15:00:00,2024-11-27 17:00:00,2024-11-27,4.490861892700195
2024-11,dgt_identity_adaptive,2028,6,2024-11-27 15:00:00,2024-11-27 20:00:00,2024-11-27,3.1815531253814697
2024-11,dgt_identity_adaptive,2028,1,2024-11-27 16:00:00,2024-11-27 16:00:00,2024-11-27,3.8052704334259033
2024-11,dgt_identity_adaptive,2028,2,2024-11-27 16:00:00,2024-11-27 17:00:00,2024-11-27,4.371943473815918
2024-11,dgt_identity_adaptive,2028,3,2024-11-27 16:00:00,2024-11-27 18:00:00,2024-11-27,4.272716999053955
2024-11,dgt_identity_adaptive,2028,6,2024-11-27 16:00:00,2024-11-27 21:00:00,2024-11-27,5.1311845779418945
2024-11,dgt_identity_adaptive,2028,1,2024-11-27 17:00:00,2024-11-27 17:00:00,2024-11-27,4.789018630981445
2024-11,dgt_identity_adaptive,2028,2,2024-11-27 17:00:00,2024-11-27 18:00:00,2024-11-27,3.8056154251098633
2024-11,dgt_identity_adaptive,2028,3,2024-11-27 17:00:00,2024-11-27 19:00:00,2024-11-27,3.3789737224578857
2024-11,dgt_identity_adaptive,2028,6,2024-11-27 17:00:00,2024-11-27 22:00:00,2024-11-27,5.908431053161621
2024-11,dgt_identity_adaptive,2028,1,2024-11-27 18:00:00,2024-11-27 18:00:00,2024-11-27,4.413965702056885
2024-11,dgt_identity_adaptive,2028,2,2024-11-27 18:00:00,2024-11-27 19:00:00,2024-11-27,3.410907030105591
2024-11,dgt_identity_adaptive,2028,3,2024-11-27 18:00:00,2024-11-27 20:00:00,2024-11-27,3.7640130519866943
2024-11,dgt_identity_adaptive,2028,6,2024-11-27 18:00:00,2024-11-27 23:00:00,2024-11-27,4.267827987670898
2024-11,dgt_identity_adaptive,2028,1,2024-11-27 19:00:00,2024-11-27 19:00:00,2024-11-27,3.2620906829833984
2024-11,dgt_identity_adaptive,2028,2,2024-11-27 19:00:00,2024-11-27 20:00:00,2024-11-27,3.6964471340179443
2024-11,dgt_identity_adaptive,2028,3,2024-11-27 19:00:00,2024-11-27 21:00:00,2024-11-27,4.114182949066162
2024-11,dgt_identity_adaptive,2028,6,2024-11-27 19:00:00,2024-11-28 00:00:00,2024-11-28,3.6977016925811768
2024-11,dgt_identity_adaptive,2028,1,2024-11-27 20:00:00,2024-11-27 20:00:00,2024-11-27,3.6964621543884277
2024-11,dgt_identity_adaptive,2028,2,2024-11-27 20:00:00,2024-11-27 21:00:00,2024-11-27,4.4426984786987305
2024-11,dgt_identity_adaptive,2028,3,2024-11-27 20:00:00,2024-11-27 22:00:00,2024-11-27,4.2138671875
2024-11,dgt_identity_adaptive,2028,6,2024-11-27 20:00:00,2024-11-28 01:00:00,2024-11-28,5.405647277832031
2024-11,dgt_identity_adaptive,2028,1,2024-11-27 21:00:00,2024-11-27 21:00:00,2024-11-27,4.234710693359375
2024-11,dgt_identity_adaptive,2028,2,2024-11-27 21:00:00,2024-11-27 22:00:00,2024-11-27,3.7629120349884033
2024-11,dgt_identity_adaptive,2028,3,2024-11-27 21:00:00,2024-11-27 23:00:00,2024-11-27,3.872993230819702
2024-11,dgt_identity_adaptive,2028,6,2024-11-27 21:00:00,2024-11-28 02:00:00,2024-11-28,4.687045574188232
2024-11,dgt_identity_adaptive,2028,1,2024-11-27 22:00:00,2024-11-27 22:00:00,2024-11-27,5.26266622543335
2024-11,dgt_identity_adaptive,2028,2,2024-11-27 22:00:00,2024-11-27 23:00:00,2024-11-27,3.527266025543213
2024-11,dgt_identity_adaptive,2028,3,2024-11-27 22:00:00,2024-11-28 00:00:00,2024-11-28,3.2275776863098145
2024-11,dgt_identity_adaptive,2028,6,2024-11-27 22:00:00,2024-11-28 03:00:00,2024-11-28,6.413573741912842
2024-11,dgt_identity_adaptive,2028,1,2024-11-27 23:00:00,2024-11-27 23:00:00,2024-11-27,4.0865020751953125
2024-11,dgt_identity_adaptive,2028,2,2024-11-27 23:00:00,2024-11-28 00:00:00,2024-11-28,3.344574451446533
2024-11,dgt_identity_adaptive,2028,3,2024-11-27 23:00:00,2024-11-28 01:00:00,2024-11-28,4.867630958557129
2024-11,dgt_identity_adaptive,2028,6,2024-11-27 23:00:00,2024-11-28 04:00:00,2024-11-28,5.856632232666016
2024-11,dgt_identity_adaptive,2028,1,2024-11-28 00:00:00,2024-11-28 00:00:00,2024-11-28,3.4518609046936035
2024-11,dgt_identity_adaptive,2028,2,2024-11-28 00:00:00,2024-11-28 01:00:00,2024-11-28,4.9756035804748535
2024-11,dgt_identity_adaptive,2028,3,2024-11-28 00:00:00,2024-11-28 02:00:00,2024-11-28,4.3399505615234375
2024-11,dgt_identity_adaptive,2028,6,2024-11-28 00:00:00,2024-11-28 05:00:00,2024-11-28,4.121826648712158
2024-11,dgt_identity_adaptive,2028,1,2024-11-28 01:00:00,2024-11-28 01:00:00,2024-11-28,4.97922420501709
2024-11,dgt_identity_adaptive,2028,2,2024-11-28 01:00:00,2024-11-28 02:00:00,2024-11-28,4.325076103210449
2024-11,dgt_identity_adaptive,2028,3,2024-11-28 01:00:00,2024-11-28 03:00:00,2024-11-28,6.357592582702637
2024-11,dgt_identity_adaptive,2028,6,2024-11-28 01:00:00,2024-11-28 06:00:00,2024-11-28,3.1900107860565186
2024-11,dgt_identity_adaptive,2028,1,2024-11-28 02:00:00,2024-11-28 02:00:00,2024-11-28,4.938102722167969
2024-11,dgt_identity_adaptive,2028,2,2024-11-28 02:00:00,2024-11-28 03:00:00,2024-11-28,5.960129737854004
2024-11,dgt_identity_adaptive,2028,3,2024-11-28 02:00:00,2024-11-28 04:00:00,2024-11-28,5.895387172698975
2024-11,dgt_identity_adaptive,2028,6,2024-11-28 02:00:00,2024-11-28 07:00:00,2024-11-28,5.391916275024414
2024-11,dgt_identity_adaptive,2028,1,2024-11-28 03:00:00,2024-11-28 03:00:00,2024-11-28,5.674520492553711
2024-11,dgt_identity_adaptive,2028,2,2024-11-28 03:00:00,2024-11-28 04:00:00,2024-11-28,5.977046012878418
2024-11,dgt_identity_adaptive,2028,3,2024-11-28 03:00:00,2024-11-28 05:00:00,2024-11-28,3.877166748046875
2024-11,dgt_identity_adaptive,2028,6,2024-11-28 03:00:00,2024-11-28 08:00:00,2024-11-28,5.7021870613098145
2024-11,dgt_identity_adaptive,2028,1,2024-11-28 04:00:00,2024-11-28 04:00:00,2024-11-28,6.378779411315918
2024-11,dgt_identity_adaptive,2028,2,2024-11-28 04:00:00,2024-11-28 05:00:00,2024-11-28,4.1301093101501465
2024-11,dgt_identity_adaptive,2028,3,2024-11-28 04:00:00,2024-11-28 06:00:00,2024-11-28,3.628593683242798
2024-11,dgt_identity_adaptive,2028,6,2024-11-28 04:00:00,2024-11-28 09:00:00,2024-11-28,4.258413314819336
2024-11,dgt_identity_adaptive,2028,1,2024-11-28 05:00:00,2024-11-28 05:00:00,2024-11-28,4.208968162536621
2024-11,dgt_identity_adaptive,2028,2,2024-11-28 05:00:00,2024-11-28 06:00:00,2024-11-28,3.629546880722046
2024-11,dgt_identity_adaptive,2028,3,2024-11-28 05:00:00,2024-11-28 07:00:00,2024-11-28,3.8109664916992188
2024-11,dgt_identity_adaptive,2028,6,2024-11-28 05:00:00,2024-11-28 10:00:00,2024-11-28,3.015688419342041
2024-11,dgt_identity_adaptive,2028,1,2024-11-28 06:00:00,2024-11-28 06:00:00,2024-11-28,3.2531676292419434
2024-11,dgt_identity_adaptive,2028,2,2024-11-28 06:00:00,2024-11-28 07:00:00,2024-11-28,3.975409746170044
2024-11,dgt_identity_adaptive,2028,3,2024-11-28 06:00:00,2024-11-28 08:00:00,2024-11-28,4.544767379760742
2024-11,dgt_identity_adaptive,2028,6,2024-11-28 06:00:00,2024-11-28 11:00:00,2024-11-28,3.5474393367767334
2024-11,dgt_identity_adaptive,2028,1,2024-11-28 07:00:00,2024-11-28 07:00:00,2024-11-28,4.363417625427246
2024-11,dgt_identity_adaptive,2028,2,2024-11-28 07:00:00,2024-11-28 08:00:00,2024-11-28,4.2297492027282715
2024-11,dgt_identity_adaptive,2028,3,2024-11-28 07:00:00,2024-11-28 09:00:00,2024-11-28,3.042036533355713
2024-11,dgt_identity_adaptive,2028,6,2024-11-28 07:00:00,2024-11-28 12:00:00,2024-11-28,3.2259442806243896
2024-11,dgt_identity_adaptive,2028,1,2024-11-28 08:00:00,2024-11-28 08:00:00,2024-11-28,3.8768773078918457
2024-11,dgt_identity_adaptive,2028,2,2024-11-28 08:00:00,2024-11-28 09:00:00,2024-11-28,3.695265769958496
2024-11,dgt_identity_adaptive,2028,3,2024-11-28 08:00:00,2024-11-28 10:00:00,2024-11-28,2.9307947158813477
2024-11,dgt_identity_adaptive,2028,6,2024-11-28 08:00:00,2024-11-28 13:00:00,2024-11-28,2.569953441619873
2024-11,dgt_identity_adaptive,2028,1,2024-11-28 09:00:00,2024-11-28 09:00:00,2024-11-28,3.3883121013641357
2024-11,dgt_identity_adaptive,2028,2,2024-11-28 09:00:00,2024-11-28 10:00:00,2024-11-28,3.0865793228149414
2024-11,dgt_identity_adaptive,2028,3,2024-11-28 09:00:00,2024-11-28 11:00:00,2024-11-28,2.965780258178711
2024-11,dgt_identity_adaptive,2028,6,2024-11-28 09:00:00,2024-11-28 14:00:00,2024-11-28,2.263127326965332
2024-11,dgt_identity_adaptive,2028,1,2024-11-28 10:00:00,2024-11-28 10:00:00,2024-11-28,2.916508913040161
2024-11,dgt_identity_adaptive,2028,2,2024-11-28 10:00:00,2024-11-28 11:00:00,2024-11-28,2.7887942790985107
2024-11,dgt_identity_adaptive,2028,3,2024-11-28 10:00:00,2024-11-28 12:00:00,2024-11-28,2.920318126678467
2024-11,dgt_identity_adaptive,2028,6,2024-11-28 10:00:00,2024-11-28 15:00:00,2024-11-28,3.1985864639282227
2024-11,dgt_identity_adaptive,2028,1,2024-11-28 11:00:00,2024-11-28 11:00:00,2024-11-28,3.1408426761627197
2024-11,dgt_identity_adaptive,2028,2,2024-11-28 11:00:00,2024-11-28 12:00:00,2024-11-28,2.92708683013916
2024-11,dgt_identity_adaptive,2028,3,2024-11-28 11:00:00,2024-11-28 13:00:00,2024-11-28,2.9243016242980957
2024-11,dgt_identity_adaptive,2028,6,2024-11-28 11:00:00,2024-11-28 16:00:00,2024-11-28,3.516569137573242
2024-11,dgt_identity_adaptive,2028,1,2024-11-28 12:00:00,2024-11-28 12:00:00,2024-11-28,2.7295403480529785
2024-11,dgt_identity_adaptive,2028,2,2024-11-28 12:00:00,2024-11-28 13:00:00,2024-11-28,2.4027466773986816
2024-11,dgt_identity_adaptive,2028,3,2024-11-28 12:00:00,2024-11-28 14:00:00,2024-11-28,2.889739990234375
2024-11,dgt_identity_adaptive,2028,6,2024-11-28 12:00:00,2024-11-28 17:00:00,2024-11-28,5.263399124145508
2024-11,dgt_identity_adaptive,2028,1,2024-11-28 13:00:00,2024-11-28 13:00:00,2024-11-28,2.9370460510253906
2024-11,dgt_identity_adaptive,2028,2,2024-11-28 13:00:00,2024-11-28 14:00:00,2024-11-28,2.598923921585083
2024-11,dgt_identity_adaptive,2028,3,2024-11-28 13:00:00,2024-11-28 15:00:00,2024-11-28,2.7340621948242188
2024-11,dgt_identity_adaptive,2028,6,2024-11-28 13:00:00,2024-11-28 18:00:00,2024-11-28,5.580124855041504
2024-11,dgt_identity_adaptive,2028,1,2024-11-28 14:00:00,2024-11-28 14:00:00,2024-11-28,2.566751480102539
2024-11,dgt_identity_adaptive,2028,2,2024-11-28 14:00:00,2024-11-28 15:00:00,2024-11-28,2.8113694190979004
2024-11,dgt_identity_adaptive,2028,3,2024-11-28 14:00:00,2024-11-28 16:00:00,2024-11-28,3.4152684211730957
2024-11,dgt_identity_adaptive,2028,6,2024-11-28 14:00:00,2024-11-28 19:00:00,2024-11-28,3.42338490486145
2024-11,dgt_identity_adaptive,2028,1,2024-11-28 15:00:00,2024-11-28 15:00:00,2024-11-28,2.7832674980163574
2024-11,dgt_identity_adaptive,2028,2,2024-11-28 15:00:00,2024-11-28 16:00:00,2024-11-28,3.189807653427124
2024-11,dgt_identity_adaptive,2028,3,2024-11-28 15:00:00,2024-11-28 17:00:00,2024-11-28,4.3134307861328125
2024-11,dgt_identity_adaptive,2028,6,2024-11-28 15:00:00,2024-11-28 20:00:00,2024-11-28,3.344147205352783
2024-11,dgt_identity_adaptive,2028,1,2024-11-28 16:00:00,2024-11-28 16:00:00,2024-11-28,3.1161179542541504
2024-11,dgt_identity_adaptive,2028,2,2024-11-28 16:00:00,2024-11-28 17:00:00,2024-11-28,3.957738161087036
2024-11,dgt_identity_adaptive,2028,3,2024-11-28 16:00:00,2024-11-28 18:00:00,2024-11-28,4.712618350982666
2024-11,dgt_identity_adaptive,2028,6,2024-11-28 16:00:00,2024-11-28 21:00:00,2024-11-28,4.581997394561768
2024-11,dgt_identity_adaptive,2028,1,2024-11-28 17:00:00,2024-11-28 17:00:00,2024-11-28,3.4329867362976074
2024-11,dgt_identity_adaptive,2028,2,2024-11-28 17:00:00,2024-11-28 18:00:00,2024-11-28,4.584587097167969
2024-11,dgt_identity_adaptive,2028,3,2024-11-28 17:00:00,2024-11-28 19:00:00,2024-11-28,3.2032620906829834
2024-11,dgt_identity_adaptive,2028,6,2024-11-28 17:00:00,2024-11-28 22:00:00,2024-11-28,4.52777624130249
2024-11,dgt_identity_adaptive,2028,1,2024-11-28 18:00:00,2024-11-28 18:00:00,2024-11-28,4.794909477233887
2024-11,dgt_identity_adaptive,2028,2,2024-11-28 18:00:00,2024-11-28 19:00:00,2024-11-28,3.108102321624756
2024-11,dgt_identity_adaptive,2028,3,2024-11-28 18:00:00,2024-11-28 20:00:00,2024-11-28,3.878650188446045
2024-11,dgt_identity_adaptive,2028,6,2024-11-28 18:00:00,2024-11-28 23:00:00,2024-11-28,4.637390613555908
2024-11,dgt_identity_adaptive,2028,1,2024-11-28 19:00:00,2024-11-28 19:00:00,2024-11-28,3.2977585792541504
2024-11,dgt_identity_adaptive,2028,2,2024-11-28 19:00:00,2024-11-28 20:00:00,2024-11-28,4.022918701171875
2024-11,dgt_identity_adaptive,2028,3,2024-11-28 19:00:00,2024-11-28 21:00:00,2024-11-28,4.362921714782715
2024-11,dgt_identity_adaptive,2028,6,2024-11-28 19:00:00,2024-11-29 00:00:00,2024-11-29,4.643398284912109
2024-11,dgt_identity_adaptive,2028,1,2024-11-28 20:00:00,2024-11-28 20:00:00,2024-11-28,4.445981979370117
2024-11,dgt_identity_adaptive,2028,2,2024-11-28 20:00:00,2024-11-28 21:00:00,2024-11-28,4.177580833435059
2024-11,dgt_identity_adaptive,2028,3,2024-11-28 20:00:00,2024-11-28 22:00:00,2024-11-28,3.296837329864502
2024-11,dgt_identity_adaptive,2028,6,2024-11-28 20:00:00,2024-11-29 01:00:00,2024-11-29,4.902035713195801
2024-11,dgt_identity_adaptive,2028,1,2024-11-28 21:00:00,2024-11-28 21:00:00,2024-11-28,4.449552059173584
2024-11,dgt_identity_adaptive,2028,2,2024-11-28 21:00:00,2024-11-28 22:00:00,2024-11-28,3.098376989364624
2024-11,dgt_identity_adaptive,2028,3,2024-11-28 21:00:00,2024-11-28 23:00:00,2024-11-28,3.5655341148376465
2024-11,dgt_identity_adaptive,2028,6,2024-11-28 21:00:00,2024-11-29 02:00:00,2024-11-29,3.6024699211120605
2024-11,dgt_identity_adaptive,2028,1,2024-11-28 22:00:00,2024-11-28 22:00:00,2024-11-28,3.8978118896484375
2024-11,dgt_identity_adaptive,2028,2,2024-11-28 22:00:00,2024-11-28 23:00:00,2024-11-28,3.5273220539093018
2024-11,dgt_identity_adaptive,2028,3,2024-11-28 22:00:00,2024-11-29 00:00:00,2024-11-29,4.4477338790893555
2024-11,dgt_identity_adaptive,2028,6,2024-11-28 22:00:00,2024-11-29 03:00:00,2024-11-29,4.739823818206787
2024-11,dgt_identity_adaptive,2028,1,2024-11-28 23:00:00,2024-11-28 23:00:00,2024-11-28,3.6418070793151855
2024-11,dgt_identity_adaptive,2028,2,2024-11-28 23:00:00,2024-11-29 00:00:00,2024-11-29,4.255626678466797
2024-11,dgt_identity_adaptive,2028,3,2024-11-28 23:00:00,2024-11-29 01:00:00,2024-11-29,4.476114273071289
2024-11,dgt_identity_adaptive,2028,6,2024-11-28 23:00:00,2024-11-29 04:00:00,2024-11-29,5.432440757751465
2024-11,dgt_identity_adaptive,2028,1,2024-11-29 00:00:00,2024-11-29 00:00:00,2024-11-29,3.819347620010376
2024-11,dgt_identity_adaptive,2028,2,2024-11-29 00:00:00,2024-11-29 01:00:00,2024-11-29,4.322796821594238
2024-11,dgt_identity_adaptive,2028,3,2024-11-29 00:00:00,2024-11-29 02:00:00,2024-11-29,3.6390435695648193
2024-11,dgt_identity_adaptive,2028,6,2024-11-29 00:00:00,2024-11-29 05:00:00,2024-11-29,5.2611494064331055
2024-11,dgt_identity_adaptive,2028,1,2024-11-29 01:00:00,2024-11-29 01:00:00,2024-11-29,3.8611373901367188
2024-11,dgt_identity_adaptive,2028,2,2024-11-29 01:00:00,2024-11-29 02:00:00,2024-11-29,3.8301894664764404
2024-11,dgt_identity_adaptive,2028,3,2024-11-29 01:00:00,2024-11-29 03:00:00,2024-11-29,5.223210334777832
2024-11,dgt_identity_adaptive,2028,6,2024-11-29 01:00:00,2024-11-29 06:00:00,2024-11-29,3.035417318344116
2024-11,dgt_identity_adaptive,2028,1,2024-11-29 02:00:00,2024-11-29 02:00:00,2024-11-29,4.023978233337402
2024-11,dgt_identity_adaptive,2028,2,2024-11-29 02:00:00,2024-11-29 03:00:00,2024-11-29,5.247215270996094
2024-11,dgt_identity_adaptive,2028,3,2024-11-29 02:00:00,2024-11-29 04:00:00,2024-11-29,5.57302188873291
2024-11,dgt_identity_adaptive,2028,6,2024-11-29 02:00:00,2024-11-29 07:00:00,2024-11-29,5.273469924926758
2024-11,dgt_identity_adaptive,2028,1,2024-11-29 03:00:00,2024-11-29 03:00:00,2024-11-29,5.134804725646973
2024-11,dgt_identity_adaptive,2028,2,2024-11-29 03:00:00,2024-11-29 04:00:00,2024-11-29,5.478138446807861
2024-11,dgt_identity_adaptive,2028,3,2024-11-29 03:00:00,2024-11-29 05:00:00,2024-11-29,5.49407434463501
2024-11,dgt_identity_adaptive,2028,6,2024-11-29 03:00:00,2024-11-29 08:00:00,2024-11-29,5.443637371063232
2024-11,dgt_identity_adaptive,2028,1,2024-11-29 04:00:00,2024-11-29 04:00:00,2024-11-29,5.8058552742004395
2024-11,dgt_identity_adaptive,2028,2,2024-11-29 04:00:00,2024-11-29 05:00:00,2024-11-29,5.379210472106934
2024-11,dgt_identity_adaptive,2028,3,2024-11-29 04:00:00,2024-11-29 06:00:00,2024-11-29,3.795236587524414
2024-11,dgt_identity_adaptive,2028,6,2024-11-29 04:00:00,2024-11-29 09:00:00,2024-11-29,3.78586745262146
2024-11,dgt_identity_adaptive,2028,1,2024-11-29 05:00:00,2024-11-29 05:00:00,2024-11-29,5.038417339324951
2024-11,dgt_identity_adaptive,2028,2,2024-11-29 05:00:00,2024-11-29 06:00:00,2024-11-29,3.921959161758423
2024-11,dgt_identity_adaptive,2028,3,2024-11-29 05:00:00,2024-11-29 07:00:00,2024-11-29,4.022449970245361
2024-11,dgt_identity_adaptive,2028,6,2024-11-29 05:00:00,2024-11-29 10:00:00,2024-11-29,3.486049175262451
2024-11,dgt_identity_adaptive,2028,1,2024-11-29 06:00:00,2024-11-29 06:00:00,2024-11-29,4.263687610626221
2024-11,dgt_identity_adaptive,2028,2,2024-11-29 06:00:00,2024-11-29 07:00:00,2024-11-29,4.026006698608398
2024-11,dgt_identity_adaptive,2028,3,2024-11-29 06:00:00,2024-11-29 08:00:00,2024-11-29,4.054977893829346
2024-11,dgt_identity_adaptive,2028,6,2024-11-29 06:00:00,2024-11-29 11:00:00,2024-11-29,3.8284385204315186
2024-11,dgt_identity_adaptive,2028,1,2024-11-29 07:00:00,2024-11-29 07:00:00,2024-11-29,4.179551124572754
2024-11,dgt_identity_adaptive,2028,2,2024-11-29 07:00:00,2024-11-29 08:00:00,2024-11-29,3.8124566078186035
2024-11,dgt_identity_adaptive,2028,3,2024-11-29 07:00:00,2024-11-29 09:00:00,2024-11-29,3.090857982635498
2024-11,dgt_identity_adaptive,2028,6,2024-11-29 07:00:00,2024-11-29 12:00:00,2024-11-29,2.98736310005188
2024-11,dgt_identity_adaptive,2028,1,2024-11-29 08:00:00,2024-11-29 08:00:00,2024-11-29,3.8238048553466797
2024-11,dgt_identity_adaptive,2028,2,2024-11-29 08:00:00,2024-11-29 09:00:00,2024-11-29,3.187469005584717
2024-11,dgt_identity_adaptive,2028,3,2024-11-29 08:00:00,2024-11-29 10:00:00,2024-11-29,2.968989610671997
2024-11,dgt_identity_adaptive,2028,6,2024-11-29 08:00:00,2024-11-29 13:00:00,2024-11-29,3.364065170288086
2024-11,dgt_identity_adaptive,2028,1,2024-11-29 09:00:00,2024-11-29 09:00:00,2024-11-29,3.1576952934265137
2024-11,dgt_identity_adaptive,2028,2,2024-11-29 09:00:00,2024-11-29 10:00:00,2024-11-29,2.78044056892395
2024-11,dgt_identity_adaptive,2028,3,2024-11-29 09:00:00,2024-11-29 11:00:00,2024-11-29,3.029916286468506
2024-11,dgt_identity_adaptive,2028,6,2024-11-29 09:00:00,2024-11-29 14:00:00,2024-11-29,3.160888195037842
2024-11,dgt_identity_adaptive,2028,1,2024-11-29 10:00:00,2024-11-29 10:00:00,2024-11-29,3.1627893447875977
2024-11,dgt_identity_adaptive,2028,2,2024-11-29 10:00:00,2024-11-29 11:00:00,2024-11-29,2.7712578773498535
2024-11,dgt_identity_adaptive,2028,3,2024-11-29 10:00:00,2024-11-29 12:00:00,2024-11-29,2.693236827850342
2024-11,dgt_identity_adaptive,2028,6,2024-11-29 10:00:00,2024-11-29 15:00:00,2024-11-29,2.9937448501586914
2024-11,dgt_identity_adaptive,2028,1,2024-11-29 11:00:00,2024-11-29 11:00:00,2024-11-29,2.962198257446289
2024-11,dgt_identity_adaptive,2028,2,2024-11-29 11:00:00,2024-11-29 12:00:00,2024-11-29,2.594895601272583
2024-11,dgt_identity_adaptive,2028,3,2024-11-29 11:00:00,2024-11-29 13:00:00,2024-11-29,3.4911580085754395
2024-11,dgt_identity_adaptive,2028,6,2024-11-29 11:00:00,2024-11-29 16:00:00,2024-11-29,3.28934383392334
2024-11,dgt_identity_adaptive,2028,1,2024-11-29 12:00:00,2024-11-29 12:00:00,2024-11-29,2.6548445224761963
2024-11,dgt_identity_adaptive,2028,2,2024-11-29 12:00:00,2024-11-29 13:00:00,2024-11-29,3.0799849033355713
2024-11,dgt_identity_adaptive,2028,3,2024-11-29 12:00:00,2024-11-29 14:00:00,2024-11-29,2.9896929264068604
2024-11,dgt_identity_adaptive,2028,6,2024-11-29 12:00:00,2024-11-29 17:00:00,2024-11-29,4.807131767272949
2024-11,dgt_identity_adaptive,2028,1,2024-11-29 13:00:00,2024-11-29 13:00:00,2024-11-29,3.289524793624878
2024-11,dgt_identity_adaptive,2028,2,2024-11-29 13:00:00,2024-11-29 14:00:00,2024-11-29,2.9341282844543457
2024-11,dgt_identity_adaptive,2028,3,2024-11-29 13:00:00,2024-11-29 15:00:00,2024-11-29,2.90570330619812
2024-11,dgt_identity_adaptive,2028,6,2024-11-29 13:00:00,2024-11-29 18:00:00,2024-11-29,5.826911926269531
2024-11,dgt_identity_adaptive,2028,1,2024-11-29 14:00:00,2024-11-29 14:00:00,2024-11-29,2.929805040359497
2024-11,dgt_identity_adaptive,2028,2,2024-11-29 14:00:00,2024-11-29 15:00:00,2024-11-29,2.774277687072754
2024-11,dgt_identity_adaptive,2028,3,2024-11-29 14:00:00,2024-11-29 16:00:00,2024-11-29,3.1915717124938965
2024-11,dgt_identity_adaptive,2028,6,2024-11-29 14:00:00,2024-11-29 19:00:00,2024-11-29,5.601787567138672
2024-11,dgt_identity_adaptive,2028,1,2024-11-29 15:00:00,2024-11-29 15:00:00,2024-11-29,2.583211660385132
2024-11,dgt_identity_adaptive,2028,2,2024-11-29 15:00:00,2024-11-29 16:00:00,2024-11-29,3.34171462059021
2024-11,dgt_identity_adaptive,2028,3,2024-11-29 15:00:00,2024-11-29 17:00:00,2024-11-29,4.288677215576172
2024-11,dgt_identity_adaptive,2028,6,2024-11-29 15:00:00,2024-11-29 20:00:00,2024-11-29,3.4537851810455322
2024-11,dgt_identity_adaptive,2028,1,2024-11-29 16:00:00,2024-11-29 16:00:00,2024-11-29,3.296165943145752
2024-11,dgt_identity_adaptive,2028,2,2024-11-29 16:00:00,2024-11-29 17:00:00,2024-11-29,4.168224334716797
2024-11,dgt_identity_adaptive,2028,3,2024-11-29 16:00:00,2024-11-29 18:00:00,2024-11-29,5.050289630889893
2024-11,dgt_identity_adaptive,2028,6,2024-11-29 16:00:00,2024-11-29 21:00:00,2024-11-29,3.025970458984375
2024-11,dgt_identity_adaptive,2028,1,2024-11-29 17:00:00,2024-11-29 17:00:00,2024-11-29,3.5360960960388184
2024-11,dgt_identity_adaptive,2028,2,2024-11-29 17:00:00,2024-11-29 18:00:00,2024-11-29,4.961370468139648
2024-11,dgt_identity_adaptive,2028,3,2024-11-29 17:00:00,2024-11-29 19:00:00,2024-11-29,4.706661224365234
2024-11,dgt_identity_adaptive,2028,6,2024-11-29 17:00:00,2024-11-29 22:00:00,2024-11-29,3.8331141471862793
2024-11,dgt_identity_adaptive,2028,1,2024-11-29 18:00:00,2024-11-29 18:00:00,2024-11-29,4.278392791748047
2024-11,dgt_identity_adaptive,2028,2,2024-11-29 18:00:00,2024-11-29 19:00:00,2024-11-29,5.1324639320373535
2024-11,dgt_identity_adaptive,2028,3,2024-11-29 18:00:00,2024-11-29 20:00:00,2024-11-29,3.9101011753082275
2024-11,dgt_identity_adaptive,2028,6,2024-11-29 18:00:00,2024-11-29 23:00:00,2024-11-29,3.2371280193328857
2024-11,dgt_identity_adaptive,2028,1,2024-11-29 19:00:00,2024-11-29 19:00:00,2024-11-29,4.567174911499023
2024-11,dgt_identity_adaptive,2028,2,2024-11-29 19:00:00,2024-11-29 20:00:00,2024-11-29,4.902375221252441
2024-11,dgt_identity_adaptive,2028,3,2024-11-29 19:00:00,2024-11-29 21:00:00,2024-11-29,2.984078884124756
2024-11,dgt_identity_adaptive,2028,6,2024-11-29 19:00:00,2024-11-30 00:00:00,2024-11-30,4.174018859863281
2024-11,dgt_identity_adaptive,2028,1,2024-11-29 20:00:00,2024-11-29 20:00:00,2024-11-29,4.781989097595215
2024-11,dgt_identity_adaptive,2028,2,2024-11-29 20:00:00,2024-11-29 21:00:00,2024-11-29,3.6001195907592773
2024-11,dgt_identity_adaptive,2028,3,2024-11-29 20:00:00,2024-11-29 22:00:00,2024-11-29,3.298793077468872
2024-11,dgt_identity_adaptive,2028,6,2024-11-29 20:00:00,2024-11-30 01:00:00,2024-11-30,4.718654155731201
2024-11,dgt_identity_adaptive,2028,1,2024-11-29 21:00:00,2024-11-29 21:00:00,2024-11-29,3.127232074737549
2024-11,dgt_identity_adaptive,2028,2,2024-11-29 21:00:00,2024-11-29 22:00:00,2024-11-29,3.5752058029174805
2024-11,dgt_identity_adaptive,2028,3,2024-11-29 21:00:00,2024-11-29 23:00:00,2024-11-29,2.8744678497314453
2024-11,dgt_identity_adaptive,2028,6,2024-11-29 21:00:00,2024-11-30 02:00:00,2024-11-30,7.285672187805176
2024-11,dgt_identity_adaptive,2028,1,2024-11-29 22:00:00,2024-11-29 22:00:00,2024-11-29,3.456423282623291
2024-11,dgt_identity_adaptive,2028,2,2024-11-29 22:00:00,2024-11-29 23:00:00,2024-11-29,3.3310844898223877
2024-11,dgt_identity_adaptive,2028,3,2024-11-29 22:00:00,2024-11-30 00:00:00,2024-11-30,4.0865478515625
2024-11,dgt_identity_adaptive,2028,6,2024-11-29 22:00:00,2024-11-30 03:00:00,2024-11-30,5.65519380569458
2024-11,dgt_identity_adaptive,2028,1,2024-11-29 23:00:00,2024-11-29 23:00:00,2024-11-29,3.010165214538574
2024-11,dgt_identity_adaptive,2028,2,2024-11-29 23:00:00,2024-11-30 00:00:00,2024-11-30,4.613787651062012
2024-11,dgt_identity_adaptive,2028,3,2024-11-29 23:00:00,2024-11-30 01:00:00,2024-11-30,5.086355209350586
2024-11,dgt_identity_adaptive,2028,6,2024-11-29 23:00:00,2024-11-30 04:00:00,2024-11-30,6.95358419418335
2024-11,dgt_identity_adaptive,2028,1,2024-11-30 00:00:00,2024-11-30 00:00:00,2024-11-30,4.354143142700195
2024-11,dgt_identity_adaptive,2028,2,2024-11-30 00:00:00,2024-11-30 01:00:00,2024-11-30,5.600358963012695
2024-11,dgt_identity_adaptive,2028,3,2024-11-30 00:00:00,2024-11-30 02:00:00,2024-11-30,7.601516246795654
2024-11,dgt_identity_adaptive,2028,6,2024-11-30 00:00:00,2024-11-30 05:00:00,2024-11-30,3.627260208129883
2024-11,dgt_identity_adaptive,2028,1,2024-11-30 01:00:00,2024-11-30 01:00:00,2024-11-30,4.557260990142822
2024-11,dgt_identity_adaptive,2028,2,2024-11-30 01:00:00,2024-11-30 02:00:00,2024-11-30,7.83596134185791
2024-11,dgt_identity_adaptive,2028,3,2024-11-30 01:00:00,2024-11-30 03:00:00,2024-11-30,6.534414291381836
2024-11,dgt_identity_adaptive,2028,6,2024-11-30 01:00:00,2024-11-30 06:00:00,2024-11-30,3.1034650802612305
2024-11,dgt_identity_adaptive,2028,1,2024-11-30 02:00:00,2024-11-30 02:00:00,2024-11-30,6.541155815124512
2024-11,dgt_identity_adaptive,2028,2,2024-11-30 02:00:00,2024-11-30 03:00:00,2024-11-30,5.2914910316467285
2024-11,dgt_identity_adaptive,2028,3,2024-11-30 02:00:00,2024-11-30 04:00:00,2024-11-30,6.418495178222656
2024-11,dgt_identity_adaptive,2028,6,2024-11-30 02:00:00,2024-11-30 07:00:00,2024-11-30,2.628488540649414
2024-11,dgt_identity_adaptive,2028,1,2024-11-30 03:00:00,2024-11-30 03:00:00,2024-11-30,4.8335371017456055
2024-11,dgt_identity_adaptive,2028,2,2024-11-30 03:00:00,2024-11-30 04:00:00,2024-11-30,6.806751251220703
2024-11,dgt_identity_adaptive,2028,3,2024-11-30 03:00:00,2024-11-30 05:00:00,2024-11-30,4.082195281982422
2024-11,dgt_identity_adaptive,2028,6,2024-11-30 03:00:00,2024-11-30 08:00:00,2024-11-30,3.424562931060791
2024-11,dgt_identity_adaptive,2028,1,2024-11-30 04:00:00,2024-11-30 04:00:00,2024-11-30,6.597094535827637
2024-11,dgt_identity_adaptive,2028,2,2024-11-30 04:00:00,2024-11-30 05:00:00,2024-11-30,3.8456544876098633
2024-11,dgt_identity_adaptive,2028,3,2024-11-30 04:00:00,2024-11-30 06:00:00,2024-11-30,3.774015426635742
2024-11,dgt_identity_adaptive,2028,6,2024-11-30 04:00:00,2024-11-30 09:00:00,2024-11-30,4.337110996246338
2024-11,dgt_identity_adaptive,2028,1,2024-11-30 05:00:00,2024-11-30 05:00:00,2024-11-30,3.6220812797546387
2024-11,dgt_identity_adaptive,2028,2,2024-11-30 05:00:00,2024-11-30 06:00:00,2024-11-30,3.4654693603515625
2024-11,dgt_identity_adaptive,2028,3,2024-11-30 05:00:00,2024-11-30 07:00:00,2024-11-30,4.193686485290527
2024-11,dgt_identity_adaptive,2028,6,2024-11-30 05:00:00,2024-11-30 10:00:00,2024-11-30,4.152368068695068
2024-11,dgt_identity_adaptive,2028,1,2024-11-30 06:00:00,2024-11-30 06:00:00,2024-11-30,3.4032044410705566
2024-11,dgt_identity_adaptive,2028,2,2024-11-30 06:00:00,2024-11-30 07:00:00,2024-11-30,3.5936367511749268
2024-11,dgt_identity_adaptive,2028,3,2024-11-30 06:00:00,2024-11-30 08:00:00,2024-11-30,3.527784824371338
2024-11,dgt_identity_adaptive,2028,6,2024-11-30 06:00:00,2024-11-30 11:00:00,2024-11-30,2.858182430267334
2024-11,dgt_identity_adaptive,2028,1,2024-11-30 07:00:00,2024-11-30 07:00:00,2024-11-30,3.6976330280303955
2024-11,dgt_identity_adaptive,2028,2,2024-11-30 07:00:00,2024-11-30 08:00:00,2024-11-30,3.166520357131958
2024-11,dgt_identity_adaptive,2028,3,2024-11-30 07:00:00,2024-11-30 09:00:00,2024-11-30,2.936922550201416
2024-11,dgt_identity_adaptive,2028,6,2024-11-30 07:00:00,2024-11-30 12:00:00,2024-11-30,3.755525827407837
2024-11,dgt_identity_adaptive,2028,1,2024-11-30 08:00:00,2024-11-30 08:00:00,2024-11-30,2.8305139541625977
2024-11,dgt_identity_adaptive,2028,2,2024-11-30 08:00:00,2024-11-30 09:00:00,2024-11-30,2.8077237606048584
2024-11,dgt_identity_adaptive,2028,3,2024-11-30 08:00:00,2024-11-30 10:00:00,2024-11-30,3.180868625640869
2024-11,dgt_identity_adaptive,2028,6,2024-11-30 08:00:00,2024-11-30 13:00:00,2024-11-30,3.6501834392547607
2024-11,dgt_identity_adaptive,2028,1,2024-11-30 09:00:00,2024-11-30 09:00:00,2024-11-30,2.494483470916748
2024-11,dgt_identity_adaptive,2028,2,2024-11-30 09:00:00,2024-11-30 10:00:00,2024-11-30,2.69722318649292
2024-11,dgt_identity_adaptive,2028,3,2024-11-30 09:00:00,2024-11-30 11:00:00,2024-11-30,2.3921985626220703
2024-11,dgt_identity_adaptive,2028,6,2024-11-30 09:00:00,2024-11-30 14:00:00,2024-11-30,3.275515079498291
2024-11,dgt_identity_adaptive,2028,1,2024-11-30 10:00:00,2024-11-30 10:00:00,2024-11-30,2.7740097045898438
2024-11,dgt_identity_adaptive,2028,2,2024-11-30 10:00:00,2024-11-30 11:00:00,2024-11-30,2.0803298950195312
2024-11,dgt_identity_adaptive,2028,3,2024-11-30 10:00:00,2024-11-30 12:00:00,2024-11-30,3.171064853668213
2024-11,dgt_identity_adaptive,2028,6,2024-11-30 10:00:00,2024-11-30 15:00:00,2024-11-30,3.687870979309082
2024-11,dgt_identity_adaptive,2028,1,2024-11-30 11:00:00,2024-11-30 11:00:00,2024-11-30,2.352796792984009
2024-11,dgt_identity_adaptive,2028,2,2024-11-30 11:00:00,2024-11-30 12:00:00,2024-11-30,3.0877082347869873
2024-11,dgt_identity_adaptive,2028,3,2024-11-30 11:00:00,2024-11-30 13:00:00,2024-11-30,3.390371799468994
2024-11,dgt_identity_adaptive,2028,6,2024-11-30 11:00:00,2024-11-30 16:00:00,2024-11-30,4.3956618309021
2024-11,dgt_identity_adaptive,2028,1,2024-11-30 12:00:00,2024-11-30 12:00:00,2024-11-30,3.248696804046631
2024-11,dgt_identity_adaptive,2028,2,2024-11-30 12:00:00,2024-11-30 13:00:00,2024-11-30,3.116363763809204
2024-11,dgt_identity_adaptive,2028,3,2024-11-30 12:00:00,2024-11-30 14:00:00,2024-11-30,2.9872684478759766
2024-11,dgt_identity_adaptive,2028,6,2024-11-30 12:00:00,2024-11-30 17:00:00,2024-11-30,5.480192184448242
2024-11,dgt_identity_adaptive,2028,1,2024-11-30 13:00:00,2024-11-30 13:00:00,2024-11-30,3.3742265701293945
2024-11,dgt_identity_adaptive,2028,2,2024-11-30 13:00:00,2024-11-30 14:00:00,2024-11-30,2.906468152999878
2024-11,dgt_identity_adaptive,2028,3,2024-11-30 13:00:00,2024-11-30 15:00:00,2024-11-30,3.260342597961426
2024-11,dgt_identity_adaptive,2028,6,2024-11-30 13:00:00,2024-11-30 18:00:00,2024-11-30,6.486111640930176
2024-11,dgt_identity_adaptive,2028,1,2024-11-30 14:00:00,2024-11-30 14:00:00,2024-11-30,2.6956143379211426
2024-11,dgt_identity_adaptive,2028,2,2024-11-30 14:00:00,2024-11-30 15:00:00,2024-11-30,3.086688756942749
2024-11,dgt_identity_adaptive,2028,3,2024-11-30 14:00:00,2024-11-30 16:00:00,2024-11-30,4.082598686218262
2024-11,dgt_identity_adaptive,2028,6,2024-11-30 14:00:00,2024-11-30 19:00:00,2024-11-30,2.686241865158081
2024-11,dgt_identity_adaptive,2028,1,2024-11-30 15:00:00,2024-11-30 15:00:00,2024-11-30,2.9958958625793457
2024-11,dgt_identity_adaptive,2028,2,2024-11-30 15:00:00,2024-11-30 16:00:00,2024-11-30,3.7894086837768555
2024-11,dgt_identity_adaptive,2028,3,2024-11-30 15:00:00,2024-11-30 17:00:00,2024-11-30,4.860304832458496
2024-11,dgt_identity_adaptive,2028,6,2024-11-30 15:00:00,2024-11-30 20:00:00,2024-11-30,4.1756086349487305
2024-11,dgt_identity_adaptive,2028,1,2024-11-30 16:00:00,2024-11-30 16:00:00,2024-11-30,3.4967429637908936
2024-11,dgt_identity_adaptive,2028,2,2024-11-30 16:00:00,2024-11-30 17:00:00,2024-11-30,4.3920745849609375
2024-11,dgt_identity_adaptive,2028,3,2024-11-30 16:00:00,2024-11-30 18:00:00,2024-11-30,5.477527618408203
2024-11,dgt_identity_adaptive,2028,6,2024-11-30 16:00:00,2024-11-30 21:00:00,2024-11-30,3.5484070777893066
2024-11,dgt_identity_adaptive,2028,1,2024-11-30 17:00:00,2024-11-30 17:00:00,2024-11-30,3.8912997245788574
2024-11,dgt_identity_adaptive,2028,2,2024-11-30 17:00:00,2024-11-30 18:00:00,2024-11-30,4.937392711639404
2024-11,dgt_identity_adaptive,2028,3,2024-11-30 17:00:00,2024-11-30 19:00:00,2024-11-30,3.292375326156616
2024-11,dgt_identity_adaptive,2028,6,2024-11-30 17:00:00,2024-11-30 22:00:00,2024-11-30,3.645879030227661
2024-11,dgt_directed_road_adaptive,2028,1,2024-11-26 12:00:00,2024-11-26 12:00:00,2024-11-26,2.4529409408569336
2024-11,dgt_directed_road_adaptive,2028,2,2024-11-26 12:00:00,2024-11-26 13:00:00,2024-11-26,3.4718308448791504
2024-11,dgt_directed_road_adaptive,2028,3,2024-11-26 12:00:00,2024-11-26 14:00:00,2024-11-26,2.6670782566070557
2024-11,dgt_directed_road_adaptive,2028,6,2024-11-26 12:00:00,2024-11-26 17:00:00,2024-11-26,6.008858680725098
2024-11,dgt_directed_road_adaptive,2028,1,2024-11-26 13:00:00,2024-11-26 13:00:00,2024-11-26,3.2780377864837646
2024-11,dgt_directed_road_adaptive,2028,2,2024-11-26 13:00:00,2024-11-26 14:00:00,2024-11-26,3.18112850189209
2024-11,dgt_directed_road_adaptive,2028,3,2024-11-26 13:00:00,2024-11-26 15:00:00,2024-11-26,2.8311610221862793
2024-11,dgt_directed_road_adaptive,2028,6,2024-11-26 13:00:00,2024-11-26 18:00:00,2024-11-26,5.873668193817139
2024-11,dgt_directed_road_adaptive,2028,1,2024-11-26 14:00:00,2024-11-26 14:00:00,2024-11-26,2.6444478034973145
2024-11,dgt_directed_road_adaptive,2028,2,2024-11-26 14:00:00,2024-11-26 15:00:00,2024-11-26,2.9700615406036377
2024-11,dgt_directed_road_adaptive,2028,3,2024-11-26 14:00:00,2024-11-26 16:00:00,2024-11-26,3.4377567768096924
2024-11,dgt_directed_road_adaptive,2028,6,2024-11-26 14:00:00,2024-11-26 19:00:00,2024-11-26,3.924201011657715
2024-11,dgt_directed_road_adaptive,2028,1,2024-11-26 15:00:00,2024-11-26 15:00:00,2024-11-26,2.748417854309082
2024-11,dgt_directed_road_adaptive,2028,2,2024-11-26 15:00:00,2024-11-26 16:00:00,2024-11-26,3.512683391571045
2024-11,dgt_directed_road_adaptive,2028,3,2024-11-26 15:00:00,2024-11-26 17:00:00,2024-11-26,5.182808876037598
2024-11,dgt_directed_road_adaptive,2028,6,2024-11-26 15:00:00,2024-11-26 20:00:00,2024-11-26,3.324599027633667
2024-11,dgt_directed_road_adaptive,2028,1,2024-11-26 16:00:00,2024-11-26 16:00:00,2024-11-26,3.3595306873321533
2024-11,dgt_directed_road_adaptive,2028,2,2024-11-26 16:00:00,2024-11-26 17:00:00,2024-11-26,5.048706531524658
2024-11,dgt_directed_road_adaptive,2028,3,2024-11-26 16:00:00,2024-11-26 18:00:00,2024-11-26,5.513771057128906
2024-11,dgt_directed_road_adaptive,2028,6,2024-11-26 16:00:00,2024-11-26 21:00:00,2024-11-26,5.5451788902282715
2024-11,dgt_directed_road_adaptive,2028,1,2024-11-26 17:00:00,2024-11-26 17:00:00,2024-11-26,4.169749736785889
2024-11,dgt_directed_road_adaptive,2028,2,2024-11-26 17:00:00,2024-11-26 18:00:00,2024-11-26,5.170785903930664
2024-11,dgt_directed_road_adaptive,2028,3,2024-11-26 17:00:00,2024-11-26 19:00:00,2024-11-26,3.771843433380127
2024-11,dgt_directed_road_adaptive,2028,6,2024-11-26 17:00:00,2024-11-26 22:00:00,2024-11-26,4.9296112060546875
2024-11,dgt_directed_road_adaptive,2028,1,2024-11-26 18:00:00,2024-11-26 18:00:00,2024-11-26,4.1214070320129395
2024-11,dgt_directed_road_adaptive,2028,2,2024-11-26 18:00:00,2024-11-26 19:00:00,2024-11-26,3.2006068229675293
2024-11,dgt_directed_road_adaptive,2028,3,2024-11-26 18:00:00,2024-11-26 20:00:00,2024-11-26,3.6802914142608643
2024-11,dgt_directed_road_adaptive,2028,6,2024-11-26 18:00:00,2024-11-26 23:00:00,2024-11-26,5.012667655944824
2024-11,dgt_directed_road_adaptive,2028,1,2024-11-26 19:00:00,2024-11-26 19:00:00,2024-11-26,2.705458402633667
2024-11,dgt_directed_road_adaptive,2028,2,2024-11-26 19:00:00,2024-11-26 20:00:00,2024-11-26,3.7189552783966064
2024-11,dgt_directed_road_adaptive,2028,3,2024-11-26 19:00:00,2024-11-26 21:00:00,2024-11-26,5.093099594116211
2024-11,dgt_directed_road_adaptive,2028,6,2024-11-26 19:00:00,2024-11-27 00:00:00,2024-11-27,3.966200590133667
2024-11,dgt_directed_road_adaptive,2028,1,2024-11-26 20:00:00,2024-11-26 20:00:00,2024-11-26,3.4299049377441406
2024-11,dgt_directed_road_adaptive,2028,2,2024-11-26 20:00:00,2024-11-26 21:00:00,2024-11-26,5.146852493286133
2024-11,dgt_directed_road_adaptive,2028,3,2024-11-26 20:00:00,2024-11-26 22:00:00,2024-11-26,4.822497844696045
2024-11,dgt_directed_road_adaptive,2028,6,2024-11-26 20:00:00,2024-11-27 01:00:00,2024-11-27,5.449976444244385
2024-11,dgt_directed_road_adaptive,2028,1,2024-11-26 21:00:00,2024-11-26 21:00:00,2024-11-26,4.679618835449219
2024-11,dgt_directed_road_adaptive,2028,2,2024-11-26 21:00:00,2024-11-26 22:00:00,2024-11-26,4.735592842102051
2024-11,dgt_directed_road_adaptive,2028,3,2024-11-26 21:00:00,2024-11-26 23:00:00,2024-11-26,4.143035411834717
2024-11,dgt_directed_road_adaptive,2028,6,2024-11-26 21:00:00,2024-11-27 02:00:00,2024-11-27,4.857046127319336
2024-11,dgt_directed_road_adaptive,2028,1,2024-11-26 22:00:00,2024-11-26 22:00:00,2024-11-26,4.625649452209473
2024-11,dgt_directed_road_adaptive,2028,2,2024-11-26 22:00:00,2024-11-26 23:00:00,2024-11-26,3.4808197021484375
2024-11,dgt_directed_road_adaptive,2028,3,2024-11-26 22:00:00,2024-11-27 00:00:00,2024-11-27,3.773620128631592
2024-11,dgt_directed_road_adaptive,2028,6,2024-11-26 22:00:00,2024-11-27 03:00:00,2024-11-27,5.962672233581543
2024-11,dgt_directed_road_adaptive,2028,1,2024-11-26 23:00:00,2024-11-26 23:00:00,2024-11-26,4.253738880157471
2024-11,dgt_directed_road_adaptive,2028,2,2024-11-26 23:00:00,2024-11-27 00:00:00,2024-11-27,3.902458667755127
2024-11,dgt_directed_road_adaptive,2028,3,2024-11-26 23:00:00,2024-11-27 01:00:00,2024-11-27,4.909879207611084
2024-11,dgt_directed_road_adaptive,2028,6,2024-11-26 23:00:00,2024-11-27 04:00:00,2024-11-27,7.319662094116211
2024-11,dgt_directed_road_adaptive,2028,1,2024-11-27 00:00:00,2024-11-27 00:00:00,2024-11-27,4.204706192016602
2024-11,dgt_directed_road_adaptive,2028,2,2024-11-27 00:00:00,2024-11-27 01:00:00,2024-11-27,4.565589427947998
2024-11,dgt_directed_road_adaptive,2028,3,2024-11-27 00:00:00,2024-11-27 02:00:00,2024-11-27,4.674954891204834
2024-11,dgt_directed_road_adaptive,2028,6,2024-11-27 00:00:00,2024-11-27 05:00:00,2024-11-27,4.2215576171875
2024-11,dgt_directed_road_adaptive,2028,1,2024-11-27 01:00:00,2024-11-27 01:00:00,2024-11-27,4.729794502258301
2024-11,dgt_directed_road_adaptive,2028,2,2024-11-27 01:00:00,2024-11-27 02:00:00,2024-11-27,4.915253639221191
2024-11,dgt_directed_road_adaptive,2028,3,2024-11-27 01:00:00,2024-11-27 03:00:00,2024-11-27,5.468266487121582
2024-11,dgt_directed_road_adaptive,2028,6,2024-11-27 01:00:00,2024-11-27 06:00:00,2024-11-27,3.482004165649414
2024-11,dgt_directed_road_adaptive,2028,1,2024-11-27 02:00:00,2024-11-27 02:00:00,2024-11-27,5.003375053405762
2024-11,dgt_directed_road_adaptive,2028,2,2024-11-27 02:00:00,2024-11-27 03:00:00,2024-11-27,6.188784122467041
2024-11,dgt_directed_road_adaptive,2028,3,2024-11-27 02:00:00,2024-11-27 04:00:00,2024-11-27,6.897765636444092
2024-11,dgt_directed_road_adaptive,2028,6,2024-11-27 02:00:00,2024-11-27 07:00:00,2024-11-27,4.726536273956299
2024-11,dgt_directed_road_adaptive,2028,1,2024-11-27 03:00:00,2024-11-27 03:00:00,2024-11-27,4.880758285522461
2024-11,dgt_directed_road_adaptive,2028,2,2024-11-27 03:00:00,2024-11-27 04:00:00,2024-11-27,7.6723551750183105
2024-11,dgt_directed_road_adaptive,2028,3,2024-11-27 03:00:00,2024-11-27 05:00:00,2024-11-27,4.212983131408691
2024-11,dgt_directed_road_adaptive,2028,6,2024-11-27 03:00:00,2024-11-27 08:00:00,2024-11-27,4.7110090255737305
2024-11,dgt_directed_road_adaptive,2028,1,2024-11-27 04:00:00,2024-11-27 04:00:00,2024-11-27,6.805696487426758
2024-11,dgt_directed_road_adaptive,2028,2,2024-11-27 04:00:00,2024-11-27 05:00:00,2024-11-27,4.499509811401367
2024-11,dgt_directed_road_adaptive,2028,3,2024-11-27 04:00:00,2024-11-27 06:00:00,2024-11-27,3.0691347122192383
2024-11,dgt_directed_road_adaptive,2028,6,2024-11-27 04:00:00,2024-11-27 09:00:00,2024-11-27,3.1819651126861572
2024-11,dgt_directed_road_adaptive,2028,1,2024-11-27 05:00:00,2024-11-27 05:00:00,2024-11-27,4.12062931060791
2024-11,dgt_directed_road_adaptive,2028,2,2024-11-27 05:00:00,2024-11-27 06:00:00,2024-11-27,4.817171096801758
2024-11,dgt_directed_road_adaptive,2028,3,2024-11-27 05:00:00,2024-11-27 07:00:00,2024-11-27,3.117436647415161
2024-11,dgt_directed_road_adaptive,2028,6,2024-11-27 05:00:00,2024-11-27 10:00:00,2024-11-27,2.2050437927246094
2024-11,dgt_directed_road_adaptive,2028,1,2024-11-27 06:00:00,2024-11-27 06:00:00,2024-11-27,4.090154647827148
2024-11,dgt_directed_road_adaptive,2028,2,2024-11-27 06:00:00,2024-11-27 07:00:00,2024-11-27,3.0110697746276855
2024-11,dgt_directed_road_adaptive,2028,3,2024-11-27 06:00:00,2024-11-27 08:00:00,2024-11-27,3.295351028442383
2024-11,dgt_directed_road_adaptive,2028,6,2024-11-27 06:00:00,2024-11-27 11:00:00,2024-11-27,3.1114044189453125
2024-11,dgt_directed_road_adaptive,2028,1,2024-11-27 07:00:00,2024-11-27 07:00:00,2024-11-27,3.3230698108673096
2024-11,dgt_directed_road_adaptive,2028,2,2024-11-27 07:00:00,2024-11-27 08:00:00,2024-11-27,3.0815157890319824
2024-11,dgt_directed_road_adaptive,2028,3,2024-11-27 07:00:00,2024-11-27 09:00:00,2024-11-27,2.649840831756592
2024-11,dgt_directed_road_adaptive,2028,6,2024-11-27 07:00:00,2024-11-27 12:00:00,2024-11-27,3.5861868858337402
2024-11,dgt_directed_road_adaptive,2028,1,2024-11-27 08:00:00,2024-11-27 08:00:00,2024-11-27,2.975266933441162
2024-11,dgt_directed_road_adaptive,2028,2,2024-11-27 08:00:00,2024-11-27 09:00:00,2024-11-27,2.8405814170837402
2024-11,dgt_directed_road_adaptive,2028,3,2024-11-27 08:00:00,2024-11-27 10:00:00,2024-11-27,2.254809617996216
2024-11,dgt_directed_road_adaptive,2028,6,2024-11-27 08:00:00,2024-11-27 13:00:00,2024-11-27,3.04866886138916
2024-11,dgt_directed_road_adaptive,2028,1,2024-11-27 09:00:00,2024-11-27 09:00:00,2024-11-27,2.140624761581421
2024-11,dgt_directed_road_adaptive,2028,2,2024-11-27 09:00:00,2024-11-27 10:00:00,2024-11-27,2.279482364654541
2024-11,dgt_directed_road_adaptive,2028,3,2024-11-27 09:00:00,2024-11-27 11:00:00,2024-11-27,2.604292154312134
2024-11,dgt_directed_road_adaptive,2028,6,2024-11-27 09:00:00,2024-11-27 14:00:00,2024-11-27,3.4121510982513428
2024-11,dgt_directed_road_adaptive,2028,1,2024-11-27 10:00:00,2024-11-27 10:00:00,2024-11-27,2.2804651260375977
2024-11,dgt_directed_road_adaptive,2028,2,2024-11-27 10:00:00,2024-11-27 11:00:00,2024-11-27,2.804023265838623
2024-11,dgt_directed_road_adaptive,2028,3,2024-11-27 10:00:00,2024-11-27 12:00:00,2024-11-27,2.9391322135925293
2024-11,dgt_directed_road_adaptive,2028,6,2024-11-27 10:00:00,2024-11-27 15:00:00,2024-11-27,3.082077980041504
2024-11,dgt_directed_road_adaptive,2028,1,2024-11-27 11:00:00,2024-11-27 11:00:00,2024-11-27,2.496823310852051
2024-11,dgt_directed_road_adaptive,2028,2,2024-11-27 11:00:00,2024-11-27 12:00:00,2024-11-27,3.0538954734802246
2024-11,dgt_directed_road_adaptive,2028,3,2024-11-27 11:00:00,2024-11-27 13:00:00,2024-11-27,2.867950916290283
2024-11,dgt_directed_road_adaptive,2028,6,2024-11-27 11:00:00,2024-11-27 16:00:00,2024-11-27,3.851498603820801
2024-11,dgt_directed_road_adaptive,2028,1,2024-11-27 12:00:00,2024-11-27 12:00:00,2024-11-27,2.532137870788574
2024-11,dgt_directed_road_adaptive,2028,2,2024-11-27 12:00:00,2024-11-27 13:00:00,2024-11-27,2.776024103164673
2024-11,dgt_directed_road_adaptive,2028,3,2024-11-27 12:00:00,2024-11-27 14:00:00,2024-11-27,3.159036636352539
2024-11,dgt_directed_road_adaptive,2028,6,2024-11-27 12:00:00,2024-11-27 17:00:00,2024-11-27,4.992343902587891
2024-11,dgt_directed_road_adaptive,2028,1,2024-11-27 13:00:00,2024-11-27 13:00:00,2024-11-27,2.771775484085083
2024-11,dgt_directed_road_adaptive,2028,2,2024-11-27 13:00:00,2024-11-27 14:00:00,2024-11-27,3.0744943618774414
2024-11,dgt_directed_road_adaptive,2028,3,2024-11-27 13:00:00,2024-11-27 15:00:00,2024-11-27,3.481384754180908
2024-11,dgt_directed_road_adaptive,2028,6,2024-11-27 13:00:00,2024-11-27 18:00:00,2024-11-27,4.979719161987305
2024-11,dgt_directed_road_adaptive,2028,1,2024-11-27 14:00:00,2024-11-27 14:00:00,2024-11-27,2.842083215713501
2024-11,dgt_directed_road_adaptive,2028,2,2024-11-27 14:00:00,2024-11-27 15:00:00,2024-11-27,3.4450113773345947
2024-11,dgt_directed_road_adaptive,2028,3,2024-11-27 14:00:00,2024-11-27 16:00:00,2024-11-27,3.7466983795166016
2024-11,dgt_directed_road_adaptive,2028,6,2024-11-27 14:00:00,2024-11-27 19:00:00,2024-11-27,3.8223745822906494
2024-11,dgt_directed_road_adaptive,2028,1,2024-11-27 15:00:00,2024-11-27 15:00:00,2024-11-27,3.0496702194213867
2024-11,dgt_directed_road_adaptive,2028,2,2024-11-27 15:00:00,2024-11-27 16:00:00,2024-11-27,3.8617889881134033
2024-11,dgt_directed_road_adaptive,2028,3,2024-11-27 15:00:00,2024-11-27 17:00:00,2024-11-27,4.523054122924805
2024-11,dgt_directed_road_adaptive,2028,6,2024-11-27 15:00:00,2024-11-27 20:00:00,2024-11-27,3.3753767013549805
2024-11,dgt_directed_road_adaptive,2028,1,2024-11-27 16:00:00,2024-11-27 16:00:00,2024-11-27,3.6979432106018066
2024-11,dgt_directed_road_adaptive,2028,2,2024-11-27 16:00:00,2024-11-27 17:00:00,2024-11-27,4.398191452026367
2024-11,dgt_directed_road_adaptive,2028,3,2024-11-27 16:00:00,2024-11-27 18:00:00,2024-11-27,4.222872734069824
2024-11,dgt_directed_road_adaptive,2028,6,2024-11-27 16:00:00,2024-11-27 21:00:00,2024-11-27,5.083255290985107
2024-11,dgt_directed_road_adaptive,2028,1,2024-11-27 17:00:00,2024-11-27 17:00:00,2024-11-27,4.552501678466797
2024-11,dgt_directed_road_adaptive,2028,2,2024-11-27 17:00:00,2024-11-27 18:00:00,2024-11-27,3.756490707397461
2024-11,dgt_directed_road_adaptive,2028,3,2024-11-27 17:00:00,2024-11-27 19:00:00,2024-11-27,3.375756025314331
2024-11,dgt_directed_road_adaptive,2028,6,2024-11-27 17:00:00,2024-11-27 22:00:00,2024-11-27,5.8597612380981445
2024-11,dgt_directed_road_adaptive,2028,1,2024-11-27 18:00:00,2024-11-27 18:00:00,2024-11-27,4.280230522155762
2024-11,dgt_directed_road_adaptive,2028,2,2024-11-27 18:00:00,2024-11-27 19:00:00,2024-11-27,3.3888349533081055
2024-11,dgt_directed_road_adaptive,2028,3,2024-11-27 18:00:00,2024-11-27 20:00:00,2024-11-27,3.7795028686523438
2024-11,dgt_directed_road_adaptive,2028,6,2024-11-27 18:00:00,2024-11-27 23:00:00,2024-11-27,4.331190586090088
2024-11,dgt_directed_road_adaptive,2028,1,2024-11-27 19:00:00,2024-11-27 19:00:00,2024-11-27,3.122464179992676
2024-11,dgt_directed_road_adaptive,2028,2,2024-11-27 19:00:00,2024-11-27 20:00:00,2024-11-27,3.7040257453918457
2024-11,dgt_directed_road_adaptive,2028,3,2024-11-27 19:00:00,2024-11-27 21:00:00,2024-11-27,4.135929107666016
2024-11,dgt_directed_road_adaptive,2028,6,2024-11-27 19:00:00,2024-11-28 00:00:00,2024-11-28,3.70994234085083
2024-11,dgt_directed_road_adaptive,2028,1,2024-11-27 20:00:00,2024-11-27 20:00:00,2024-11-27,3.5685226917266846
2024-11,dgt_directed_road_adaptive,2028,2,2024-11-27 20:00:00,2024-11-27 21:00:00,2024-11-27,4.466464042663574
2024-11,dgt_directed_road_adaptive,2028,3,2024-11-27 20:00:00,2024-11-27 22:00:00,2024-11-27,4.185220718383789
2024-11,dgt_directed_road_adaptive,2028,6,2024-11-27 20:00:00,2024-11-28 01:00:00,2024-11-28,5.528738021850586
2024-11,dgt_directed_road_adaptive,2028,1,2024-11-27 21:00:00,2024-11-27 21:00:00,2024-11-27,4.380433082580566
2024-11,dgt_directed_road_adaptive,2028,2,2024-11-27 21:00:00,2024-11-27 22:00:00,2024-11-27,3.7678990364074707
2024-11,dgt_directed_road_adaptive,2028,3,2024-11-27 21:00:00,2024-11-27 23:00:00,2024-11-27,3.8561627864837646
2024-11,dgt_directed_road_adaptive,2028,6,2024-11-27 21:00:00,2024-11-28 02:00:00,2024-11-28,4.780909538269043
2024-11,dgt_directed_road_adaptive,2028,1,2024-11-27 22:00:00,2024-11-27 22:00:00,2024-11-27,5.402822017669678
2024-11,dgt_directed_road_adaptive,2028,2,2024-11-27 22:00:00,2024-11-27 23:00:00,2024-11-27,3.5219197273254395
2024-11,dgt_directed_road_adaptive,2028,3,2024-11-27 22:00:00,2024-11-28 00:00:00,2024-11-28,3.258988857269287
2024-11,dgt_directed_road_adaptive,2028,6,2024-11-27 22:00:00,2024-11-28 03:00:00,2024-11-28,6.547152519226074
2024-11,dgt_directed_road_adaptive,2028,1,2024-11-27 23:00:00,2024-11-27 23:00:00,2024-11-27,4.224607467651367
2024-11,dgt_directed_road_adaptive,2028,2,2024-11-27 23:00:00,2024-11-28 00:00:00,2024-11-28,3.354416847229004
2024-11,dgt_directed_road_adaptive,2028,3,2024-11-27 23:00:00,2024-11-28 01:00:00,2024-11-28,4.860456466674805
2024-11,dgt_directed_road_adaptive,2028,6,2024-11-27 23:00:00,2024-11-28 04:00:00,2024-11-28,5.770751476287842
2024-11,dgt_directed_road_adaptive,2028,1,2024-11-28 00:00:00,2024-11-28 00:00:00,2024-11-28,3.614468574523926
2024-11,dgt_directed_road_adaptive,2028,2,2024-11-28 00:00:00,2024-11-28 01:00:00,2024-11-28,4.9539384841918945
2024-11,dgt_directed_road_adaptive,2028,3,2024-11-28 00:00:00,2024-11-28 02:00:00,2024-11-28,4.4019999504089355
2024-11,dgt_directed_road_adaptive,2028,6,2024-11-28 00:00:00,2024-11-28 05:00:00,2024-11-28,4.271839618682861
2024-11,dgt_directed_road_adaptive,2028,1,2024-11-28 01:00:00,2024-11-28 01:00:00,2024-11-28,5.174388408660889
2024-11,dgt_directed_road_adaptive,2028,2,2024-11-28 01:00:00,2024-11-28 02:00:00,2024-11-28,4.3101396560668945
2024-11,dgt_directed_road_adaptive,2028,3,2024-11-28 01:00:00,2024-11-28 03:00:00,2024-11-28,6.3720879554748535
2024-11,dgt_directed_road_adaptive,2028,6,2024-11-28 01:00:00,2024-11-28 06:00:00,2024-11-28,3.2480640411376953
2024-11,dgt_directed_road_adaptive,2028,1,2024-11-28 02:00:00,2024-11-28 02:00:00,2024-11-28,5.157697677612305
2024-11,dgt_directed_road_adaptive,2028,2,2024-11-28 02:00:00,2024-11-28 03:00:00,2024-11-28,5.9557905197143555
2024-11,dgt_directed_road_adaptive,2028,3,2024-11-28 02:00:00,2024-11-28 04:00:00,2024-11-28,5.915237903594971
2024-11,dgt_directed_road_adaptive,2028,6,2024-11-28 02:00:00,2024-11-28 07:00:00,2024-11-28,5.317853927612305
2024-11,dgt_directed_road_adaptive,2028,1,2024-11-28 03:00:00,2024-11-28 03:00:00,2024-11-28,5.686087608337402
2024-11,dgt_directed_road_adaptive,2028,2,2024-11-28 03:00:00,2024-11-28 04:00:00,2024-11-28,5.9670562744140625
2024-11,dgt_directed_road_adaptive,2028,3,2024-11-28 03:00:00,2024-11-28 05:00:00,2024-11-28,3.887828826904297
2024-11,dgt_directed_road_adaptive,2028,6,2024-11-28 03:00:00,2024-11-28 08:00:00,2024-11-28,5.7425618171691895
2024-11,dgt_directed_road_adaptive,2028,1,2024-11-28 04:00:00,2024-11-28 04:00:00,2024-11-28,6.586439609527588
2024-11,dgt_directed_road_adaptive,2028,2,2024-11-28 04:00:00,2024-11-28 05:00:00,2024-11-28,4.143884181976318
2024-11,dgt_directed_road_adaptive,2028,3,2024-11-28 04:00:00,2024-11-28 06:00:00,2024-11-28,3.630645513534546
2024-11,dgt_directed_road_adaptive,2028,6,2024-11-28 04:00:00,2024-11-28 09:00:00,2024-11-28,4.468588829040527
2024-11,dgt_directed_road_adaptive,2028,1,2024-11-28 05:00:00,2024-11-28 05:00:00,2024-11-28,4.185274124145508
2024-11,dgt_directed_road_adaptive,2028,2,2024-11-28 05:00:00,2024-11-28 06:00:00,2024-11-28,3.651721715927124
2024-11,dgt_directed_road_adaptive,2028,3,2024-11-28 05:00:00,2024-11-28 07:00:00,2024-11-28,3.761274814605713
2024-11,dgt_directed_road_adaptive,2028,6,2024-11-28 05:00:00,2024-11-28 10:00:00,2024-11-28,3.071565866470337
2024-11,dgt_directed_road_adaptive,2028,1,2024-11-28 06:00:00,2024-11-28 06:00:00,2024-11-28,3.3132896423339844
2024-11,dgt_directed_road_adaptive,2028,2,2024-11-28 06:00:00,2024-11-28 07:00:00,2024-11-28,3.919435739517212
2024-11,dgt_directed_road_adaptive,2028,3,2024-11-28 06:00:00,2024-11-28 08:00:00,2024-11-28,4.502108097076416
2024-11,dgt_directed_road_adaptive,2028,6,2024-11-28 06:00:00,2024-11-28 11:00:00,2024-11-28,3.576353073120117
2024-11,dgt_directed_road_adaptive,2028,1,2024-11-28 07:00:00,2024-11-28 07:00:00,2024-11-28,4.486587047576904
2024-11,dgt_directed_road_adaptive,2028,2,2024-11-28 07:00:00,2024-11-28 08:00:00,2024-11-28,4.160186767578125
2024-11,dgt_directed_road_adaptive,2028,3,2024-11-28 07:00:00,2024-11-28 09:00:00,2024-11-28,3.0778093338012695
2024-11,dgt_directed_road_adaptive,2028,6,2024-11-28 07:00:00,2024-11-28 12:00:00,2024-11-28,3.3288886547088623
2024-11,dgt_directed_road_adaptive,2028,1,2024-11-28 08:00:00,2024-11-28 08:00:00,2024-11-28,4.066357612609863
2024-11,dgt_directed_road_adaptive,2028,2,2024-11-28 08:00:00,2024-11-28 09:00:00,2024-11-28,3.6602532863616943
2024-11,dgt_directed_road_adaptive,2028,3,2024-11-28 08:00:00,2024-11-28 10:00:00,2024-11-28,2.969724655151367
2024-11,dgt_directed_road_adaptive,2028,6,2024-11-28 08:00:00,2024-11-28 13:00:00,2024-11-28,2.6064839363098145
2024-11,dgt_directed_road_adaptive,2028,1,2024-11-28 09:00:00,2024-11-28 09:00:00,2024-11-28,3.299424171447754
2024-11,dgt_directed_road_adaptive,2028,2,2024-11-28 09:00:00,2024-11-28 10:00:00,2024-11-28,3.105381965637207
2024-11,dgt_directed_road_adaptive,2028,3,2024-11-28 09:00:00,2024-11-28 11:00:00,2024-11-28,3.0213921070098877
2024-11,dgt_directed_road_adaptive,2028,6,2024-11-28 09:00:00,2024-11-28 14:00:00,2024-11-28,2.225019931793213
2024-11,dgt_directed_road_adaptive,2028,1,2024-11-28 10:00:00,2024-11-28 10:00:00,2024-11-28,2.948643207550049
2024-11,dgt_directed_road_adaptive,2028,2,2024-11-28 10:00:00,2024-11-28 11:00:00,2024-11-28,2.8030829429626465
2024-11,dgt_directed_road_adaptive,2028,3,2024-11-28 10:00:00,2024-11-28 12:00:00,2024-11-28,2.90560245513916
2024-11,dgt_directed_road_adaptive,2028,6,2024-11-28 10:00:00,2024-11-28 15:00:00,2024-11-28,3.1793956756591797
2024-11,dgt_directed_road_adaptive,2028,1,2024-11-28 11:00:00,2024-11-28 11:00:00,2024-11-28,3.146709442138672
2024-11,dgt_directed_road_adaptive,2028,2,2024-11-28 11:00:00,2024-11-28 12:00:00,2024-11-28,2.8876399993896484
2024-11,dgt_directed_road_adaptive,2028,3,2024-11-28 11:00:00,2024-11-28 13:00:00,2024-11-28,2.9317963123321533
2024-11,dgt_directed_road_adaptive,2028,6,2024-11-28 11:00:00,2024-11-28 16:00:00,2024-11-28,3.5060954093933105
2024-11,dgt_directed_road_adaptive,2028,1,2024-11-28 12:00:00,2024-11-28 12:00:00,2024-11-28,2.839927911758423
2024-11,dgt_directed_road_adaptive,2028,2,2024-11-28 12:00:00,2024-11-28 13:00:00,2024-11-28,2.421276569366455
2024-11,dgt_directed_road_adaptive,2028,3,2024-11-28 12:00:00,2024-11-28 14:00:00,2024-11-28,2.9254608154296875
2024-11,dgt_directed_road_adaptive,2028,6,2024-11-28 12:00:00,2024-11-28 17:00:00,2024-11-28,5.197519779205322
2024-11,dgt_directed_road_adaptive,2028,1,2024-11-28 13:00:00,2024-11-28 13:00:00,2024-11-28,3.0309300422668457
2024-11,dgt_directed_road_adaptive,2028,2,2024-11-28 13:00:00,2024-11-28 14:00:00,2024-11-28,2.6456491947174072
2024-11,dgt_directed_road_adaptive,2028,3,2024-11-28 13:00:00,2024-11-28 15:00:00,2024-11-28,2.746324300765991
2024-11,dgt_directed_road_adaptive,2028,6,2024-11-28 13:00:00,2024-11-28 18:00:00,2024-11-28,5.462547302246094
2024-11,dgt_directed_road_adaptive,2028,1,2024-11-28 14:00:00,2024-11-28 14:00:00,2024-11-28,2.667483329772949
2024-11,dgt_directed_road_adaptive,2028,2,2024-11-28 14:00:00,2024-11-28 15:00:00,2024-11-28,2.768693685531616
2024-11,dgt_directed_road_adaptive,2028,3,2024-11-28 14:00:00,2024-11-28 16:00:00,2024-11-28,3.4246530532836914
2024-11,dgt_directed_road_adaptive,2028,6,2024-11-28 14:00:00,2024-11-28 19:00:00,2024-11-28,3.3867616653442383
2024-11,dgt_directed_road_adaptive,2028,1,2024-11-28 15:00:00,2024-11-28 15:00:00,2024-11-28,2.7008392810821533
2024-11,dgt_directed_road_adaptive,2028,2,2024-11-28 15:00:00,2024-11-28 16:00:00,2024-11-28,3.180387496948242
2024-11,dgt_directed_road_adaptive,2028,3,2024-11-28 15:00:00,2024-11-28 17:00:00,2024-11-28,4.297937393188477
2024-11,dgt_directed_road_adaptive,2028,6,2024-11-28 15:00:00,2024-11-28 20:00:00,2024-11-28,3.5267982482910156
2024-11,dgt_directed_road_adaptive,2028,1,2024-11-28 16:00:00,2024-11-28 16:00:00,2024-11-28,3.0206592082977295
2024-11,dgt_directed_road_adaptive,2028,2,2024-11-28 16:00:00,2024-11-28 17:00:00,2024-11-28,3.962599754333496
2024-11,dgt_directed_road_adaptive,2028,3,2024-11-28 16:00:00,2024-11-28 18:00:00,2024-11-28,4.680943489074707
2024-11,dgt_directed_road_adaptive,2028,6,2024-11-28 16:00:00,2024-11-28 21:00:00,2024-11-28,4.492982864379883
2024-11,dgt_directed_road_adaptive,2028,1,2024-11-28 17:00:00,2024-11-28 17:00:00,2024-11-28,3.554658889770508
2024-11,dgt_directed_road_adaptive,2028,2,2024-11-28 17:00:00,2024-11-28 18:00:00,2024-11-28,4.589808464050293
2024-11,dgt_directed_road_adaptive,2028,3,2024-11-28 17:00:00,2024-11-28 19:00:00,2024-11-28,3.2314059734344482
2024-11,dgt_directed_road_adaptive,2028,6,2024-11-28 17:00:00,2024-11-28 22:00:00,2024-11-28,4.506838321685791
2024-11,dgt_directed_road_adaptive,2028,1,2024-11-28 18:00:00,2024-11-28 18:00:00,2024-11-28,4.852189064025879
2024-11,dgt_directed_road_adaptive,2028,2,2024-11-28 18:00:00,2024-11-28 19:00:00,2024-11-28,3.1512300968170166
2024-11,dgt_directed_road_adaptive,2028,3,2024-11-28 18:00:00,2024-11-28 20:00:00,2024-11-28,3.884636640548706
2024-11,dgt_directed_road_adaptive,2028,6,2024-11-28 18:00:00,2024-11-28 23:00:00,2024-11-28,4.537418365478516
2024-11,dgt_directed_road_adaptive,2028,1,2024-11-28 19:00:00,2024-11-28 19:00:00,2024-11-28,3.144218921661377
2024-11,dgt_directed_road_adaptive,2028,2,2024-11-28 19:00:00,2024-11-28 20:00:00,2024-11-28,4.064768314361572
2024-11,dgt_directed_road_adaptive,2028,3,2024-11-28 19:00:00,2024-11-28 21:00:00,2024-11-28,4.353386878967285
2024-11,dgt_directed_road_adaptive,2028,6,2024-11-28 19:00:00,2024-11-29 00:00:00,2024-11-29,4.560728073120117
2024-11,dgt_directed_road_adaptive,2028,1,2024-11-28 20:00:00,2024-11-28 20:00:00,2024-11-28,4.351762294769287
2024-11,dgt_directed_road_adaptive,2028,2,2024-11-28 20:00:00,2024-11-28 21:00:00,2024-11-28,4.206017017364502
2024-11,dgt_directed_road_adaptive,2028,3,2024-11-28 20:00:00,2024-11-28 22:00:00,2024-11-28,3.2670836448669434
2024-11,dgt_directed_road_adaptive,2028,6,2024-11-28 20:00:00,2024-11-29 01:00:00,2024-11-29,4.8991289138793945
2024-11,dgt_directed_road_adaptive,2028,1,2024-11-28 21:00:00,2024-11-28 21:00:00,2024-11-28,4.4363908767700195
2024-11,dgt_directed_road_adaptive,2028,2,2024-11-28 21:00:00,2024-11-28 22:00:00,2024-11-28,3.088111400604248
2024-11,dgt_directed_road_adaptive,2028,3,2024-11-28 21:00:00,2024-11-28 23:00:00,2024-11-28,3.542633056640625
2024-11,dgt_directed_road_adaptive,2028,6,2024-11-28 21:00:00,2024-11-29 02:00:00,2024-11-29,3.5916318893432617
2024-11,dgt_directed_road_adaptive,2028,1,2024-11-28 22:00:00,2024-11-28 22:00:00,2024-11-28,4.0714850425720215
2024-11,dgt_directed_road_adaptive,2028,2,2024-11-28 22:00:00,2024-11-28 23:00:00,2024-11-28,3.494798183441162
2024-11,dgt_directed_road_adaptive,2028,3,2024-11-28 22:00:00,2024-11-29 00:00:00,2024-11-29,4.43776798248291
2024-11,dgt_directed_road_adaptive,2028,6,2024-11-28 22:00:00,2024-11-29 03:00:00,2024-11-29,4.903050422668457
2024-11,dgt_directed_road_adaptive,2028,1,2024-11-28 23:00:00,2024-11-28 23:00:00,2024-11-28,3.8388943672180176
2024-11,dgt_directed_road_adaptive,2028,2,2024-11-28 23:00:00,2024-11-29 00:00:00,2024-11-29,4.256038665771484
2024-11,dgt_directed_road_adaptive,2028,3,2024-11-28 23:00:00,2024-11-29 01:00:00,2024-11-29,4.47941780090332
2024-11,dgt_directed_road_adaptive,2028,6,2024-11-28 23:00:00,2024-11-29 04:00:00,2024-11-29,5.424406051635742
2024-11,dgt_directed_road_adaptive,2028,1,2024-11-29 00:00:00,2024-11-29 00:00:00,2024-11-29,3.998711109161377
2024-11,dgt_directed_road_adaptive,2028,2,2024-11-29 00:00:00,2024-11-29 01:00:00,2024-11-29,4.32991361618042
2024-11,dgt_directed_road_adaptive,2028,3,2024-11-29 00:00:00,2024-11-29 02:00:00,2024-11-29,3.6062231063842773
2024-11,dgt_directed_road_adaptive,2028,6,2024-11-29 00:00:00,2024-11-29 05:00:00,2024-11-29,5.369824409484863
2024-11,dgt_directed_road_adaptive,2028,1,2024-11-29 01:00:00,2024-11-29 01:00:00,2024-11-29,3.9625062942504883
2024-11,dgt_directed_road_adaptive,2028,2,2024-11-29 01:00:00,2024-11-29 02:00:00,2024-11-29,3.771986722946167
2024-11,dgt_directed_road_adaptive,2028,3,2024-11-29 01:00:00,2024-11-29 03:00:00,2024-11-29,5.1843485832214355
2024-11,dgt_directed_road_adaptive,2028,6,2024-11-29 01:00:00,2024-11-29 06:00:00,2024-11-29,3.077117443084717
2024-11,dgt_directed_road_adaptive,2028,1,2024-11-29 02:00:00,2024-11-29 02:00:00,2024-11-29,3.9626193046569824
2024-11,dgt_directed_road_adaptive,2028,2,2024-11-29 02:00:00,2024-11-29 03:00:00,2024-11-29,5.198607444763184
2024-11,dgt_directed_road_adaptive,2028,3,2024-11-29 02:00:00,2024-11-29 04:00:00,2024-11-29,5.580483913421631
2024-11,dgt_directed_road_adaptive,2028,6,2024-11-29 02:00:00,2024-11-29 07:00:00,2024-11-29,5.107751846313477
2024-11,dgt_directed_road_adaptive,2028,1,2024-11-29 03:00:00,2024-11-29 03:00:00,2024-11-29,5.020934104919434
2024-11,dgt_directed_road_adaptive,2028,2,2024-11-29 03:00:00,2024-11-29 04:00:00,2024-11-29,5.44277811050415
2024-11,dgt_directed_road_adaptive,2028,3,2024-11-29 03:00:00,2024-11-29 05:00:00,2024-11-29,5.471101760864258
2024-11,dgt_directed_road_adaptive,2028,6,2024-11-29 03:00:00,2024-11-29 08:00:00,2024-11-29,5.466235637664795
2024-11,dgt_directed_road_adaptive,2028,1,2024-11-29 04:00:00,2024-11-29 04:00:00,2024-11-29,5.8537187576293945
2024-11,dgt_directed_road_adaptive,2028,2,2024-11-29 04:00:00,2024-11-29 05:00:00,2024-11-29,5.362548351287842
2024-11,dgt_directed_road_adaptive,2028,3,2024-11-29 04:00:00,2024-11-29 06:00:00,2024-11-29,3.8182053565979004
2024-11,dgt_directed_road_adaptive,2028,6,2024-11-29 04:00:00,2024-11-29 09:00:00,2024-11-29,3.930166244506836
2024-11,dgt_directed_road_adaptive,2028,1,2024-11-29 05:00:00,2024-11-29 05:00:00,2024-11-29,4.918275833129883
2024-11,dgt_directed_road_adaptive,2028,2,2024-11-29 05:00:00,2024-11-29 06:00:00,2024-11-29,3.9585461616516113
2024-11,dgt_directed_road_adaptive,2028,3,2024-11-29 05:00:00,2024-11-29 07:00:00,2024-11-29,3.9454634189605713
2024-11,dgt_directed_road_adaptive,2028,6,2024-11-29 05:00:00,2024-11-29 10:00:00,2024-11-29,3.462221622467041
2024-11,dgt_directed_road_adaptive,2028,1,2024-11-29 06:00:00,2024-11-29 06:00:00,2024-11-29,4.220066070556641
2024-11,dgt_directed_road_adaptive,2028,2,2024-11-29 06:00:00,2024-11-29 07:00:00,2024-11-29,4.04138708114624
2024-11,dgt_directed_road_adaptive,2028,3,2024-11-29 06:00:00,2024-11-29 08:00:00,2024-11-29,3.995044231414795
2024-11,dgt_directed_road_adaptive,2028,6,2024-11-29 06:00:00,2024-11-29 11:00:00,2024-11-29,3.623757839202881
2024-11,dgt_directed_road_adaptive,2028,1,2024-11-29 07:00:00,2024-11-29 07:00:00,2024-11-29,4.118046760559082
2024-11,dgt_directed_road_adaptive,2028,2,2024-11-29 07:00:00,2024-11-29 08:00:00,2024-11-29,3.801055669784546
2024-11,dgt_directed_road_adaptive,2028,3,2024-11-29 07:00:00,2024-11-29 09:00:00,2024-11-29,3.0840816497802734
2024-11,dgt_directed_road_adaptive,2028,6,2024-11-29 07:00:00,2024-11-29 12:00:00,2024-11-29,3.3240745067596436
2024-11,dgt_directed_road_adaptive,2028,1,2024-11-29 08:00:00,2024-11-29 08:00:00,2024-11-29,3.7379672527313232
2024-11,dgt_directed_road_adaptive,2028,2,2024-11-29 08:00:00,2024-11-29 09:00:00,2024-11-29,3.222768545150757
2024-11,dgt_directed_road_adaptive,2028,3,2024-11-29 08:00:00,2024-11-29 10:00:00,2024-11-29,2.9818170070648193
2024-11,dgt_directed_road_adaptive,2028,6,2024-11-29 08:00:00,2024-11-29 13:00:00,2024-11-29,3.588467597961426
2024-11,dgt_directed_road_adaptive,2028,1,2024-11-29 09:00:00,2024-11-29 09:00:00,2024-11-29,3.0866363048553467
2024-11,dgt_directed_road_adaptive,2028,2,2024-11-29 09:00:00,2024-11-29 10:00:00,2024-11-29,2.8099753856658936
2024-11,dgt_directed_road_adaptive,2028,3,2024-11-29 09:00:00,2024-11-29 11:00:00,2024-11-29,3.068241596221924
2024-11,dgt_directed_road_adaptive,2028,6,2024-11-29 09:00:00,2024-11-29 14:00:00,2024-11-29,3.201855182647705
2024-11,dgt_directed_road_adaptive,2028,1,2024-11-29 10:00:00,2024-11-29 10:00:00,2024-11-29,3.189178228378296
2024-11,dgt_directed_road_adaptive,2028,2,2024-11-29 10:00:00,2024-11-29 11:00:00,2024-11-29,2.808100461959839
2024-11,dgt_directed_road_adaptive,2028,3,2024-11-29 10:00:00,2024-11-29 12:00:00,2024-11-29,2.703371047973633
2024-11,dgt_directed_road_adaptive,2028,6,2024-11-29 10:00:00,2024-11-29 15:00:00,2024-11-29,3.058276414871216
2024-11,dgt_directed_road_adaptive,2028,1,2024-11-29 11:00:00,2024-11-29 11:00:00,2024-11-29,3.0216665267944336
2024-11,dgt_directed_road_adaptive,2028,2,2024-11-29 11:00:00,2024-11-29 12:00:00,2024-11-29,2.5964441299438477
2024-11,dgt_directed_road_adaptive,2028,3,2024-11-29 11:00:00,2024-11-29 13:00:00,2024-11-29,3.5170040130615234
2024-11,dgt_directed_road_adaptive,2028,6,2024-11-29 11:00:00,2024-11-29 16:00:00,2024-11-29,3.2623934745788574
2024-11,dgt_directed_road_adaptive,2028,1,2024-11-29 12:00:00,2024-11-29 12:00:00,2024-11-29,2.664275884628296
2024-11,dgt_directed_road_adaptive,2028,2,2024-11-29 12:00:00,2024-11-29 13:00:00,2024-11-29,3.05419921875
2024-11,dgt_directed_road_adaptive,2028,3,2024-11-29 12:00:00,2024-11-29 14:00:00,2024-11-29,3.0058507919311523
2024-11,dgt_directed_road_adaptive,2028,6,2024-11-29 12:00:00,2024-11-29 17:00:00,2024-11-29,4.6893534660339355
2024-11,dgt_directed_road_adaptive,2028,1,2024-11-29 13:00:00,2024-11-29 13:00:00,2024-11-29,3.289149761199951
2024-11,dgt_directed_road_adaptive,2028,2,2024-11-29 13:00:00,2024-11-29 14:00:00,2024-11-29,2.940967559814453
2024-11,dgt_directed_road_adaptive,2028,3,2024-11-29 13:00:00,2024-11-29 15:00:00,2024-11-29,2.92794132232666
2024-11,dgt_directed_road_adaptive,2028,6,2024-11-29 13:00:00,2024-11-29 18:00:00,2024-11-29,5.683091163635254
2024-11,dgt_directed_road_adaptive,2028,1,2024-11-29 14:00:00,2024-11-29 14:00:00,2024-11-29,2.950223445892334
2024-11,dgt_directed_road_adaptive,2028,2,2024-11-29 14:00:00,2024-11-29 15:00:00,2024-11-29,2.825779438018799
2024-11,dgt_directed_road_adaptive,2028,3,2024-11-29 14:00:00,2024-11-29 16:00:00,2024-11-29,3.212965250015259
2024-11,dgt_directed_road_adaptive,2028,6,2024-11-29 14:00:00,2024-11-29 19:00:00,2024-11-29,5.52236270904541
2024-11,dgt_directed_road_adaptive,2028,1,2024-11-29 15:00:00,2024-11-29 15:00:00,2024-11-29,2.5665359497070312
2024-11,dgt_directed_road_adaptive,2028,2,2024-11-29 15:00:00,2024-11-29 16:00:00,2024-11-29,3.3590710163116455
2024-11,dgt_directed_road_adaptive,2028,3,2024-11-29 15:00:00,2024-11-29 17:00:00,2024-11-29,4.272479057312012
2024-11,dgt_directed_road_adaptive,2028,6,2024-11-29 15:00:00,2024-11-29 20:00:00,2024-11-29,3.5908846855163574
2024-11,dgt_directed_road_adaptive,2028,1,2024-11-29 16:00:00,2024-11-29 16:00:00,2024-11-29,3.2770347595214844
2024-11,dgt_directed_road_adaptive,2028,2,2024-11-29 16:00:00,2024-11-29 17:00:00,2024-11-29,4.138224124908447
2024-11,dgt_directed_road_adaptive,2028,3,2024-11-29 16:00:00,2024-11-29 18:00:00,2024-11-29,5.028458595275879
2024-11,dgt_directed_road_adaptive,2028,6,2024-11-29 16:00:00,2024-11-29 21:00:00,2024-11-29,2.916959524154663
2024-11,dgt_directed_road_adaptive,2028,1,2024-11-29 17:00:00,2024-11-29 17:00:00,2024-11-29,3.482879638671875
2024-11,dgt_directed_road_adaptive,2028,2,2024-11-29 17:00:00,2024-11-29 18:00:00,2024-11-29,4.944819450378418
2024-11,dgt_directed_road_adaptive,2028,3,2024-11-29 17:00:00,2024-11-29 19:00:00,2024-11-29,4.672245502471924
2024-11,dgt_directed_road_adaptive,2028,6,2024-11-29 17:00:00,2024-11-29 22:00:00,2024-11-29,3.7826459407806396
2024-11,dgt_directed_road_adaptive,2028,1,2024-11-29 18:00:00,2024-11-29 18:00:00,2024-11-29,4.224615097045898
2024-11,dgt_directed_road_adaptive,2028,2,2024-11-29 18:00:00,2024-11-29 19:00:00,2024-11-29,5.207584857940674
2024-11,dgt_directed_road_adaptive,2028,3,2024-11-29 18:00:00,2024-11-29 20:00:00,2024-11-29,3.9004383087158203
2024-11,dgt_directed_road_adaptive,2028,6,2024-11-29 18:00:00,2024-11-29 23:00:00,2024-11-29,3.3141536712646484
2024-11,dgt_directed_road_adaptive,2028,1,2024-11-29 19:00:00,2024-11-29 19:00:00,2024-11-29,4.531876087188721
2024-11,dgt_directed_road_adaptive,2028,2,2024-11-29 19:00:00,2024-11-29 20:00:00,2024-11-29,5.004047393798828
2024-11,dgt_directed_road_adaptive,2028,3,2024-11-29 19:00:00,2024-11-29 21:00:00,2024-11-29,2.9701967239379883
2024-11,dgt_directed_road_adaptive,2028,6,2024-11-29 19:00:00,2024-11-30 00:00:00,2024-11-30,4.091612339019775
2024-11,dgt_directed_road_adaptive,2028,1,2024-11-29 20:00:00,2024-11-29 20:00:00,2024-11-29,4.6808085441589355
2024-11,dgt_directed_road_adaptive,2028,2,2024-11-29 20:00:00,2024-11-29 21:00:00,2024-11-29,3.6780357360839844
2024-11,dgt_directed_road_adaptive,2028,3,2024-11-29 20:00:00,2024-11-29 22:00:00,2024-11-29,3.277944803237915
2024-11,dgt_directed_road_adaptive,2028,6,2024-11-29 20:00:00,2024-11-30 01:00:00,2024-11-30,4.839125633239746
2024-11,dgt_directed_road_adaptive,2028,1,2024-11-29 21:00:00,2024-11-29 21:00:00,2024-11-29,3.0776636600494385
2024-11,dgt_directed_road_adaptive,2028,2,2024-11-29 21:00:00,2024-11-29 22:00:00,2024-11-29,3.6607439517974854
2024-11,dgt_directed_road_adaptive,2028,3,2024-11-29 21:00:00,2024-11-29 23:00:00,2024-11-29,2.8423261642456055
2024-11,dgt_directed_road_adaptive,2028,6,2024-11-29 21:00:00,2024-11-30 02:00:00,2024-11-30,7.366091251373291
2024-11,dgt_directed_road_adaptive,2028,1,2024-11-29 22:00:00,2024-11-29 22:00:00,2024-11-29,3.3618946075439453
2024-11,dgt_directed_road_adaptive,2028,2,2024-11-29 22:00:00,2024-11-29 23:00:00,2024-11-29,3.3813915252685547
2024-11,dgt_directed_road_adaptive,2028,3,2024-11-29 22:00:00,2024-11-30 00:00:00,2024-11-30,4.073644638061523
2024-11,dgt_directed_road_adaptive,2028,6,2024-11-29 22:00:00,2024-11-30 03:00:00,2024-11-30,5.780336856842041
2024-11,dgt_directed_road_adaptive,2028,1,2024-11-29 23:00:00,2024-11-29 23:00:00,2024-11-29,2.925100803375244
2024-11,dgt_directed_road_adaptive,2028,2,2024-11-29 23:00:00,2024-11-30 00:00:00,2024-11-30,4.6479902267456055
2024-11,dgt_directed_road_adaptive,2028,3,2024-11-29 23:00:00,2024-11-30 01:00:00,2024-11-30,4.996998310089111
2024-11,dgt_directed_road_adaptive,2028,6,2024-11-29 23:00:00,2024-11-30 04:00:00,2024-11-30,7.135034561157227
2024-11,dgt_directed_road_adaptive,2028,1,2024-11-30 00:00:00,2024-11-30 00:00:00,2024-11-30,4.280517578125
2024-11,dgt_directed_road_adaptive,2028,2,2024-11-30 00:00:00,2024-11-30 01:00:00,2024-11-30,5.654191017150879
2024-11,dgt_directed_road_adaptive,2028,3,2024-11-30 00:00:00,2024-11-30 02:00:00,2024-11-30,7.51334810256958
2024-11,dgt_directed_road_adaptive,2028,6,2024-11-30 00:00:00,2024-11-30 05:00:00,2024-11-30,3.7623119354248047
2024-11,dgt_directed_road_adaptive,2028,1,2024-11-30 01:00:00,2024-11-30 01:00:00,2024-11-30,4.405852317810059
2024-11,dgt_directed_road_adaptive,2028,2,2024-11-30 01:00:00,2024-11-30 02:00:00,2024-11-30,7.798552513122559
2024-11,dgt_directed_road_adaptive,2028,3,2024-11-30 01:00:00,2024-11-30 03:00:00,2024-11-30,6.346961975097656
2024-11,dgt_directed_road_adaptive,2028,6,2024-11-30 01:00:00,2024-11-30 06:00:00,2024-11-30,3.170409679412842
2024-11,dgt_directed_road_adaptive,2028,1,2024-11-30 02:00:00,2024-11-30 02:00:00,2024-11-30,6.4332146644592285
2024-11,dgt_directed_road_adaptive,2028,2,2024-11-30 02:00:00,2024-11-30 03:00:00,2024-11-30,5.275463104248047
2024-11,dgt_directed_road_adaptive,2028,3,2024-11-30 02:00:00,2024-11-30 04:00:00,2024-11-30,6.4457902908325195
2024-11,dgt_directed_road_adaptive,2028,6,2024-11-30 02:00:00,2024-11-30 07:00:00,2024-11-30,2.6166718006134033
2024-11,dgt_directed_road_adaptive,2028,1,2024-11-30 03:00:00,2024-11-30 03:00:00,2024-11-30,4.800790786743164
2024-11,dgt_directed_road_adaptive,2028,2,2024-11-30 03:00:00,2024-11-30 04:00:00,2024-11-30,6.868063926696777
2024-11,dgt_directed_road_adaptive,2028,3,2024-11-30 03:00:00,2024-11-30 05:00:00,2024-11-30,4.049101829528809
2024-11,dgt_directed_road_adaptive,2028,6,2024-11-30 03:00:00,2024-11-30 08:00:00,2024-11-30,3.3910622596740723
2024-11,dgt_directed_road_adaptive,2028,1,2024-11-30 04:00:00,2024-11-30 04:00:00,2024-11-30,6.651524543762207
2024-11,dgt_directed_road_adaptive,2028,2,2024-11-30 04:00:00,2024-11-30 05:00:00,2024-11-30,3.8066718578338623
2024-11,dgt_directed_road_adaptive,2028,3,2024-11-30 04:00:00,2024-11-30 06:00:00,2024-11-30,3.7238388061523438
2024-11,dgt_directed_road_adaptive,2028,6,2024-11-30 04:00:00,2024-11-30 09:00:00,2024-11-30,4.329690933227539
2024-11,dgt_directed_road_adaptive,2028,1,2024-11-30 05:00:00,2024-11-30 05:00:00,2024-11-30,3.6116087436676025
2024-11,dgt_directed_road_adaptive,2028,2,2024-11-30 05:00:00,2024-11-30 06:00:00,2024-11-30,3.382147789001465
2024-11,dgt_directed_road_adaptive,2028,3,2024-11-30 05:00:00,2024-11-30 07:00:00,2024-11-30,4.120837688446045
2024-11,dgt_directed_road_adaptive,2028,6,2024-11-30 05:00:00,2024-11-30 10:00:00,2024-11-30,4.281534194946289
2024-11,dgt_directed_road_adaptive,2028,1,2024-11-30 06:00:00,2024-11-30 06:00:00,2024-11-30,3.3347606658935547
2024-11,dgt_directed_road_adaptive,2028,2,2024-11-30 06:00:00,2024-11-30 07:00:00,2024-11-30,3.4805619716644287
2024-11,dgt_directed_road_adaptive,2028,3,2024-11-30 06:00:00,2024-11-30 08:00:00,2024-11-30,3.476475954055786
2024-11,dgt_directed_road_adaptive,2028,6,2024-11-30 06:00:00,2024-11-30 11:00:00,2024-11-30,2.9990830421447754
2024-11,dgt_directed_road_adaptive,2028,1,2024-11-30 07:00:00,2024-11-30 07:00:00,2024-11-30,3.579251527786255
2024-11,dgt_directed_road_adaptive,2028,2,2024-11-30 07:00:00,2024-11-30 08:00:00,2024-11-30,3.1164097785949707
2024-11,dgt_directed_road_adaptive,2028,3,2024-11-30 07:00:00,2024-11-30 09:00:00,2024-11-30,2.9526796340942383
2024-11,dgt_directed_road_adaptive,2028,6,2024-11-30 07:00:00,2024-11-30 12:00:00,2024-11-30,3.8933207988739014
2024-11,dgt_directed_road_adaptive,2028,1,2024-11-30 08:00:00,2024-11-30 08:00:00,2024-11-30,2.7949697971343994
2024-11,dgt_directed_road_adaptive,2028,2,2024-11-30 08:00:00,2024-11-30 09:00:00,2024-11-30,2.786384105682373
2024-11,dgt_directed_road_adaptive,2028,3,2024-11-30 08:00:00,2024-11-30 10:00:00,2024-11-30,3.1539084911346436
2024-11,dgt_directed_road_adaptive,2028,6,2024-11-30 08:00:00,2024-11-30 13:00:00,2024-11-30,3.6987791061401367
2024-11,dgt_directed_road_adaptive,2028,1,2024-11-30 09:00:00,2024-11-30 09:00:00,2024-11-30,2.5058796405792236
2024-11,dgt_directed_road_adaptive,2028,2,2024-11-30 09:00:00,2024-11-30 10:00:00,2024-11-30,2.713593006134033
2024-11,dgt_directed_road_adaptive,2028,3,2024-11-30 09:00:00,2024-11-30 11:00:00,2024-11-30,2.432422637939453
2024-11,dgt_directed_road_adaptive,2028,6,2024-11-30 09:00:00,2024-11-30 14:00:00,2024-11-30,3.144887924194336
2024-11,dgt_directed_road_adaptive,2028,1,2024-11-30 10:00:00,2024-11-30 10:00:00,2024-11-30,2.783951997756958
2024-11,dgt_directed_road_adaptive,2028,2,2024-11-30 10:00:00,2024-11-30 11:00:00,2024-11-30,2.140766143798828
2024-11,dgt_directed_road_adaptive,2028,3,2024-11-30 10:00:00,2024-11-30 12:00:00,2024-11-30,3.211646318435669
2024-11,dgt_directed_road_adaptive,2028,6,2024-11-30 10:00:00,2024-11-30 15:00:00,2024-11-30,3.441178321838379
2024-11,dgt_directed_road_adaptive,2028,1,2024-11-30 11:00:00,2024-11-30 11:00:00,2024-11-30,2.4688336849212646
2024-11,dgt_directed_road_adaptive,2028,2,2024-11-30 11:00:00,2024-11-30 12:00:00,2024-11-30,3.1084556579589844
2024-11,dgt_directed_road_adaptive,2028,3,2024-11-30 11:00:00,2024-11-30 13:00:00,2024-11-30,3.345592975616455
2024-11,dgt_directed_road_adaptive,2028,6,2024-11-30 11:00:00,2024-11-30 16:00:00,2024-11-30,4.234011650085449
2024-11,dgt_directed_road_adaptive,2028,1,2024-11-30 12:00:00,2024-11-30 12:00:00,2024-11-30,3.3117589950561523
2024-11,dgt_directed_road_adaptive,2028,2,2024-11-30 12:00:00,2024-11-30 13:00:00,2024-11-30,3.107095718383789
2024-11,dgt_directed_road_adaptive,2028,3,2024-11-30 12:00:00,2024-11-30 14:00:00,2024-11-30,2.965879440307617
2024-11,dgt_directed_road_adaptive,2028,6,2024-11-30 12:00:00,2024-11-30 17:00:00,2024-11-30,5.379830360412598
2024-11,dgt_directed_road_adaptive,2028,1,2024-11-30 13:00:00,2024-11-30 13:00:00,2024-11-30,3.46804141998291
2024-11,dgt_directed_road_adaptive,2028,2,2024-11-30 13:00:00,2024-11-30 14:00:00,2024-11-30,2.9215991497039795
2024-11,dgt_directed_road_adaptive,2028,3,2024-11-30 13:00:00,2024-11-30 15:00:00,2024-11-30,3.3586630821228027
2024-11,dgt_directed_road_adaptive,2028,6,2024-11-30 13:00:00,2024-11-30 18:00:00,2024-11-30,6.535234451293945
2024-11,dgt_directed_road_adaptive,2028,1,2024-11-30 14:00:00,2024-11-30 14:00:00,2024-11-30,2.747751235961914
2024-11,dgt_directed_road_adaptive,2028,2,2024-11-30 14:00:00,2024-11-30 15:00:00,2024-11-30,3.1255598068237305
2024-11,dgt_directed_road_adaptive,2028,3,2024-11-30 14:00:00,2024-11-30 16:00:00,2024-11-30,4.209819793701172
2024-11,dgt_directed_road_adaptive,2028,6,2024-11-30 14:00:00,2024-11-30 19:00:00,2024-11-30,2.700439691543579
2024-11,dgt_directed_road_adaptive,2028,1,2024-11-30 15:00:00,2024-11-30 15:00:00,2024-11-30,3.0222394466400146
2024-11,dgt_directed_road_adaptive,2028,2,2024-11-30 15:00:00,2024-11-30 16:00:00,2024-11-30,3.8463149070739746
2024-11,dgt_directed_road_adaptive,2028,3,2024-11-30 15:00:00,2024-11-30 17:00:00,2024-11-30,4.957209587097168
2024-11,dgt_directed_road_adaptive,2028,6,2024-11-30 15:00:00,2024-11-30 20:00:00,2024-11-30,4.082340240478516
2024-11,dgt_directed_road_adaptive,2028,1,2024-11-30 16:00:00,2024-11-30 16:00:00,2024-11-30,3.5230398178100586
2024-11,dgt_directed_road_adaptive,2028,2,2024-11-30 16:00:00,2024-11-30 17:00:00,2024-11-30,4.392020225524902
2024-11,dgt_directed_road_adaptive,2028,3,2024-11-30 16:00:00,2024-11-30 18:00:00,2024-11-30,5.464580535888672
2024-11,dgt_directed_road_adaptive,2028,6,2024-11-30 16:00:00,2024-11-30 21:00:00,2024-11-30,3.673783302307129
2024-11,dgt_directed_road_adaptive,2028,1,2024-11-30 17:00:00,2024-11-30 17:00:00,2024-11-30,3.8819053173065186
2024-11,dgt_directed_road_adaptive,2028,2,2024-11-30 17:00:00,2024-11-30 18:00:00,2024-11-30,4.852437973022461
2024-11,dgt_directed_road_adaptive,2028,3,2024-11-30 17:00:00,2024-11-30 19:00:00,2024-11-30,3.4193646907806396
2024-11,dgt_directed_road_adaptive,2028,6,2024-11-30 17:00:00,2024-11-30 22:00:00,2024-11-30,3.6427040100097656
